P,k,seed,l,Omega_L1,Omega_AC,Omega_true,chi_AC,n_groups,max_group_size,restart_gain
1,1,0,0,2.0,2.0,2.0,1.0,1,1,1.0
1,1,1,0,2.0,2.0,2.0,1.0,1,1,1.0
1,1,2,0,2.0,2.0,2.0,1.0,1,1,1.0
1,1,3,0,2.0,2.0,2.0,1.0,1,1,1.0
1,1,4,0,2.0,2.0,2.0,1.0,1,1,1.0
1,1,5,0,2.0,2.0,2.0,1.0,1,1,1.0
2,1,0,0,2.0,2.0,2.0,1.0,1,1,1.0
2,1,0,1,2.0,2.0,2.0,1.0,1,1,1.0
2,1,1,0,2.0,2.0,2.0,1.0,1,1,1.0
2,1,1,1,2.0,2.0,2.0,1.0,1,1,1.0
2,1,2,0,2.0,2.0,2.0,1.0,1,1,1.0
2,1,2,1,2.0,2.0,2.0,1.0,1,1,1.0
2,1,3,0,2.0,2.0,2.0,1.0,1,1,1.0
2,1,3,1,2.0,2.0,2.0,1.0,1,1,1.0
2,1,4,0,2.0,2.0,2.0,1.0,1,1,1.0
2,1,4,1,2.0,2.0,2.0,1.0,1,1,1.0
2,1,5,0,2.0,2.0,2.0,1.0,1,1,1.0
2,1,5,1,2.0,2.0,2.0,1.0,1,1,1.0
3,1,0,0,2.0,2.0,2.0,1.0,1,1,1.0
3,1,0,1,2.0,2.0,2.0,1.0,1,1,1.0
3,1,0,2,2.0,2.0,2.0,1.0,1,1,1.0
3,1,1,0,2.0,2.0,2.0,1.0,1,1,1.0
3,1,1,1,2.0,2.0,2.0,1.0,1,1,1.0
3,1,1,2,2.0,2.0,2.0,1.0,1,1,1.0
3,1,2,0,2.0,2.0,2.0,1.0,1,1,1.0
3,1,2,1,2.0,2.0,2.0,1.0,1,1,1.0
3,1,2,2,2.0,2.0,2.0,1.0,1,1,1.0
3,1,3,0,2.0,2.0,2.0,1.0,1,1,1.0
3,1,3,1,2.0,2.0,2.0,1.0,1,1,1.0
3,1,3,2,2.0,2.0,2.0,1.0,1,1,1.0
3,1,4,0,2.0,2.0,2.0,1.0,1,1,1.0
3,1,4,1,2.0,2.0,2.0,1.0,1,1,1.0
3,1,4,2,2.0,2.0,2.0,1.0,1,1,1.0
3,1,5,0,2.0,2.0,2.0,1.0,1,1,1.0
3,1,5,1,2.0,2.0,2.0,1.0,1,1,1.0
3,1,5,2,2.0,2.0,2.0,1.0,1,1,1.0
4,1,0,0,2.0,2.0,2.0,1.0,1,1,1.0
4,1,0,1,2.0,2.0,2.0,1.0,1,1,1.0
4,1,0,2,2.0,2.0,2.0,1.0,1,1,1.0
4,1,0,3,2.0,2.0,2.0,1.0,1,1,1.0
4,1,1,0,2.0,2.0,2.0,1.0,1,1,1.0
4,1,1,1,2.0,2.0,2.0,1.0,1,1,1.0
4,1,1,2,2.0,2.0,2.0,1.0,1,1,1.0
4,1,1,3,2.0,2.0,2.0,1.0,1,1,1.0
4,1,2,0,2.0,2.0,2.0,1.0,1,1,1.0
4,1,2,1,2.0,2.0,2.0,1.0,1,1,1.0
4,1,2,2,2.0,2.0,2.0,1.0,1,1,1.0
4,1,2,3,2.0,2.0,2.0,1.0,1,1,1.0
4,1,3,0,2.0,2.0,2.0,1.0,1,1,1.0
4,1,3,1,2.0,2.0,2.0,1.0,1,1,1.0
4,1,3,2,2.0,2.0,2.0,1.0,1,1,1.0
4,1,3,3,2.0,2.0,2.0,1.0,1,1,1.0
4,1,4,0,2.0,2.0,2.0,1.0,1,1,1.0
4,1,4,1,2.0,2.0,2.0,1.0,1,1,1.0
4,1,4,2,2.0,2.0,2.0,1.0,1,1,1.0
4,1,4,3,2.0,2.0,2.0,1.0,1,1,1.0
4,1,5,0,2.0,2.0,2.0,1.0,1,1,1.0
4,1,5,1,2.0,2.0,2.0,1.0,1,1,1.0
4,1,5,2,2.0,2.0,2.0,1.0,1,1,1.0
4,1,5,3,2.0,2.0,2.0,1.0,1,1,1.0
5,1,0,0,2.0,2.0,2.0,1.0,1,1,1.0
5,1,0,1,2.0,2.0,2.0,1.0,1,1,1.0
5,1,0,2,2.0,2.0,2.0,1.0,1,1,1.0
5,1,0,3,2.0,2.0,2.0,1.0,1,1,1.0
5,1,0,4,2.0,2.0,2.0,1.0,1,1,1.0
5,1,1,0,2.0,2.0,2.0,1.0,1,1,1.0
5,1,1,1,2.0,2.0,2.0,1.0,1,1,1.0
5,1,1,2,2.0,2.0,2.0,1.0,1,1,1.0
5,1,1,3,2.0,2.0,2.0,1.0,1,1,1.0
5,1,1,4,2.0,2.0,2.0,1.0,1,1,1.0
5,1,2,0,2.0,2.0,2.0,1.0,1,1,1.0
5,1,2,1,2.0,2.0,2.0,1.0,1,1,1.0
5,1,2,2,2.0,2.0,2.0,1.0,1,1,1.0
5,1,2,3,2.0,2.0,2.0,1.0,1,1,1.0
5,1,2,4,2.0,2.0,2.0,1.0,1,1,1.0
5,1,3,0,2.0,2.0,2.0,1.0,1,1,1.0
5,1,3,1,2.0,2.0,2.0,1.0,1,1,1.0
5,1,3,2,2.0,2.0,2.0,1.0,1,1,1.0
5,1,3,3,2.0,2.0,2.0,1.0,1,1,1.0
5,1,3,4,2.0,2.0,2.0,1.0,1,1,1.0
5,1,4,0,2.0,2.0,2.0,1.0,1,1,1.0
5,1,4,1,2.0,2.0,2.0,1.0,1,1,1.0
5,1,4,2,2.0,2.0,2.0,1.0,1,1,1.0
5,1,4,3,2.0,2.0,2.0,1.0,1,1,1.0
5,1,4,4,2.0,2.0,2.0,1.0,1,1,1.0
5,1,5,0,2.0,2.0,2.0,1.0,1,1,1.0
5,1,5,1,2.0,2.0,2.0,1.0,1,1,1.0
5,1,5,2,2.0,2.0,2.0,1.0,1,1,1.0
5,1,5,3,2.0,2.0,2.0,1.0,1,1,1.0
5,1,5,4,2.0,2.0,2.0,1.0,1,1,1.0
6,1,0,0,2.0,2.0,2.0,1.0,1,1,1.0
6,1,0,1,2.0,2.0,2.0,1.0,1,1,1.0
6,1,0,2,2.0,2.0,2.0,1.0,1,1,1.0
6,1,0,3,2.0,2.0,2.0,1.0,1,1,1.0
6,1,0,4,2.0,2.0,2.0,1.0,1,1,1.0
6,1,0,5,2.0,2.0,2.0,1.0,1,1,1.0
6,1,1,0,2.0,2.0,2.0,1.0,1,1,1.0
6,1,1,1,2.0,2.0,2.0,1.0,1,1,1.0
6,1,1,2,2.0,2.0,2.0,1.0,1,1,1.0
6,1,1,3,2.0,2.0,2.0,1.0,1,1,1.0
6,1,1,4,2.0,2.0,2.0,1.0,1,1,1.0
6,1,1,5,2.0,2.0,2.0,1.0,1,1,1.0
6,1,2,0,2.0,2.0,2.0,1.0,1,1,1.0
6,1,2,1,2.0,2.0,2.0,1.0,1,1,1.0
6,1,2,2,2.0,2.0,2.0,1.0,1,1,1.0
6,1,2,3,2.0,2.0,2.0,1.0,1,1,1.0
6,1,2,4,2.0,2.0,2.0,1.0,1,1,1.0
6,1,2,5,2.0,2.0,2.0,1.0,1,1,1.0
6,1,3,0,2.0,2.0,2.0,1.0,1,1,1.0
6,1,3,1,2.0,2.0,2.0,1.0,1,1,1.0
6,1,3,2,2.0,2.0,2.0,1.0,1,1,1.0
6,1,3,3,2.0,2.0,2.0,1.0,1,1,1.0
6,1,3,4,2.0,2.0,2.0,1.0,1,1,1.0
6,1,3,5,2.0,2.0,2.0,1.0,1,1,1.0
6,1,4,0,2.0,2.0,2.0,1.0,1,1,1.0
6,1,4,1,2.0,2.0,2.0,1.0,1,1,1.0
6,1,4,2,2.0,2.0,2.0,1.0,1,1,1.0
6,1,4,3,2.0,2.0,2.0,1.0,1,1,1.0
6,1,4,4,2.0,2.0,2.0,1.0,1,1,1.0
6,1,4,5,2.0,2.0,2.0,1.0,1,1,1.0
6,1,5,0,2.0,2.0,2.0,1.0,1,1,1.0
6,1,5,1,2.0,2.0,2.0,1.0,1,1,1.0
6,1,5,2,2.0,2.0,2.0,1.0,1,1,1.0
6,1,5,3,2.0,2.0,2.0,1.0,1,1,1.0
6,1,5,4,2.0,2.0,2.0,1.0,1,1,1.0
6,1,5,5,2.0,2.0,2.0,1.0,1,1,1.0
7,1,0,0,2.0,2.0,2.0,1.0,1,1,1.0
7,1,0,1,2.0,2.0,2.0,1.0,1,1,1.0
7,1,0,2,2.0,2.0,2.0,1.0,1,1,1.0
7,1,0,3,2.0,2.0,2.0,1.0,1,1,1.0
7,1,0,4,2.0,2.0,2.0,1.0,1,1,1.0
7,1,0,5,2.0,2.0,2.0,1.0,1,1,1.0
7,1,0,6,2.0,2.0,2.0,1.0,1,1,1.0
7,1,1,0,2.0,2.0,2.0,1.0,1,1,1.0
7,1,1,1,2.0,2.0,2.0,1.0,1,1,1.0
7,1,1,2,2.0,2.0,2.0,1.0,1,1,1.0
7,1,1,3,2.0,2.0,2.0,1.0,1,1,1.0
7,1,1,4,2.0,2.0,2.0,1.0,1,1,1.0
7,1,1,5,2.0,2.0,2.0,1.0,1,1,1.0
7,1,1,6,2.0,2.0,2.0,1.0,1,1,1.0
7,1,2,0,2.0,2.0,2.0,1.0,1,1,1.0
7,1,2,1,2.0,2.0,2.0,1.0,1,1,1.0
7,1,2,2,2.0,2.0,2.0,1.0,1,1,1.0
7,1,2,3,2.0,2.0,2.0,1.0,1,1,1.0
7,1,2,4,2.0,2.0,2.0,1.0,1,1,1.0
7,1,2,5,2.0,2.0,2.0,1.0,1,1,1.0
7,1,2,6,2.0,2.0,2.0,1.0,1,1,1.0
7,1,3,0,2.0,2.0,2.0,1.0,1,1,1.0
7,1,3,1,2.0,2.0,2.0,1.0,1,1,1.0
7,1,3,2,2.0,2.0,2.0,1.0,1,1,1.0
7,1,3,3,2.0,2.0,2.0,1.0,1,1,1.0
7,1,3,4,2.0,2.0,2.0,1.0,1,1,1.0
7,1,3,5,2.0,2.0,2.0,1.0,1,1,1.0
7,1,3,6,2.0,2.0,2.0,1.0,1,1,1.0
7,1,4,0,2.0,2.0,2.0,1.0,1,1,1.0
7,1,4,1,2.0,2.0,2.0,1.0,1,1,1.0
7,1,4,2,2.0,2.0,2.0,1.0,1,1,1.0
7,1,4,3,2.0,2.0,2.0,1.0,1,1,1.0
7,1,4,4,2.0,2.0,2.0,1.0,1,1,1.0
7,1,4,5,2.0,2.0,2.0,1.0,1,1,1.0
7,1,4,6,2.0,2.0,2.0,1.0,1,1,1.0
7,1,5,0,2.0,2.0,2.0,1.0,1,1,1.0
7,1,5,1,2.0,2.0,2.0,1.0,1,1,1.0
7,1,5,2,2.0,2.0,2.0,1.0,1,1,1.0
7,1,5,3,2.0,2.0,2.0,1.0,1,1,1.0
7,1,5,4,2.0,2.0,2.0,1.0,1,1,1.0
7,1,5,5,2.0,2.0,2.0,1.0,1,1,1.0
7,1,5,6,2.0,2.0,2.0,1.0,1,1,1.0
8,1,0,0,2.0,2.0,2.0,1.0,1,1,1.0
8,1,0,1,2.0,2.0,2.0,1.0,1,1,1.0
8,1,0,2,2.0,2.0,2.0,1.0,1,1,1.0
8,1,0,3,2.0,2.0,2.0,1.0,1,1,1.0
8,1,0,4,2.0,2.0,2.0,1.0,1,1,1.0
8,1,0,5,2.0,2.0,2.0,1.0,1,1,1.0
8,1,0,6,2.0,2.0,2.0,1.0,1,1,1.0
8,1,0,7,2.0,2.0,2.0,1.0,1,1,1.0
8,1,1,0,2.0,2.0,2.0,1.0,1,1,1.0
8,1,1,1,2.0,2.0,2.0,1.0,1,1,1.0
8,1,1,2,2.0,2.0,2.0,1.0,1,1,1.0
8,1,1,3,2.0,2.0,2.0,1.0,1,1,1.0
8,1,1,4,2.0,2.0,2.0,1.0,1,1,1.0
8,1,1,5,2.0,2.0,2.0,1.0,1,1,1.0
8,1,1,6,2.0,2.0,2.0,1.0,1,1,1.0
8,1,1,7,2.0,2.0,2.0,1.0,1,1,1.0
8,1,2,0,2.0,2.0,2.0,1.0,1,1,1.0
8,1,2,1,2.0,2.0,2.0,1.0,1,1,1.0
8,1,2,2,2.0,2.0,2.0,1.0,1,1,1.0
8,1,2,3,2.0,2.0,2.0,1.0,1,1,1.0
8,1,2,4,2.0,2.0,2.0,1.0,1,1,1.0
8,1,2,5,2.0,2.0,2.0,1.0,1,1,1.0
8,1,2,6,2.0,2.0,2.0,1.0,1,1,1.0
8,1,2,7,2.0,2.0,2.0,1.0,1,1,1.0
8,1,3,0,2.0,2.0,2.0,1.0,1,1,1.0
8,1,3,1,2.0,2.0,2.0,1.0,1,1,1.0
8,1,3,2,2.0,2.0,2.0,1.0,1,1,1.0
8,1,3,3,2.0,2.0,2.0,1.0,1,1,1.0
8,1,3,4,2.0,2.0,2.0,1.0,1,1,1.0
8,1,3,5,2.0,2.0,2.0,1.0,1,1,1.0
8,1,3,6,2.0,2.0,2.0,1.0,1,1,1.0
8,1,3,7,2.0,2.0,2.0,1.0,1,1,1.0
8,1,4,0,2.0,2.0,2.0,1.0,1,1,1.0
8,1,4,1,2.0,2.0,2.0,1.0,1,1,1.0
8,1,4,2,2.0,2.0,2.0,1.0,1,1,1.0
8,1,4,3,2.0,2.0,2.0,1.0,1,1,1.0
8,1,4,4,2.0,2.0,2.0,1.0,1,1,1.0
8,1,4,5,2.0,2.0,2.0,1.0,1,1,1.0
8,1,4,6,2.0,2.0,2.0,1.0,1,1,1.0
8,1,4,7,2.0,2.0,2.0,1.0,1,1,1.0
8,1,5,0,2.0,2.0,2.0,1.0,1,1,1.0
8,1,5,1,2.0,2.0,2.0,1.0,1,1,1.0
8,1,5,2,2.0,2.0,2.0,1.0,1,1,1.0
8,1,5,3,2.0,2.0,2.0,1.0,1,1,1.0
8,1,5,4,2.0,2.0,2.0,1.0,1,1,1.0
8,1,5,5,2.0,2.0,2.0,1.0,1,1,1.0
8,1,5,6,2.0,2.0,2.0,1.0,1,1,1.0
8,1,5,7,2.0,2.0,2.0,1.0,1,1,1.0
9,1,0,0,2.0,2.0,2.0,1.0,1,1,1.0
9,1,0,1,2.0,2.0,2.0,1.0,1,1,1.0
9,1,0,2,2.0,2.0,2.0,1.0,1,1,1.0
9,1,0,3,2.0,2.0,2.0,1.0,1,1,1.0
9,1,0,4,2.0,2.0,2.0,1.0,1,1,1.0
9,1,0,5,2.0,2.0,2.0,1.0,1,1,1.0
9,1,0,6,2.0,2.0,2.0,1.0,1,1,1.0
9,1,0,7,2.0,2.0,2.0,1.0,1,1,1.0
9,1,0,8,2.0,2.0,2.0,1.0,1,1,1.0
9,1,1,0,2.0,2.0,2.0,1.0,1,1,1.0
9,1,1,1,2.0,2.0,2.0,1.0,1,1,1.0
9,1,1,2,2.0,2.0,2.0,1.0,1,1,1.0
9,1,1,3,2.0,2.0,2.0,1.0,1,1,1.0
9,1,1,4,2.0,2.0,2.0,1.0,1,1,1.0
9,1,1,5,2.0,2.0,2.0,1.0,1,1,1.0
9,1,1,6,2.0,2.0,2.0,1.0,1,1,1.0
9,1,1,7,2.0,2.0,2.0,1.0,1,1,1.0
9,1,1,8,2.0,2.0,2.0,1.0,1,1,1.0
9,1,2,0,2.0,2.0,2.0,1.0,1,1,1.0
9,1,2,1,2.0,2.0,2.0,1.0,1,1,1.0
9,1,2,2,2.0,2.0,2.0,1.0,1,1,1.0
9,1,2,3,2.0,2.0,2.0,1.0,1,1,1.0
9,1,2,4,2.0,2.0,2.0,1.0,1,1,1.0
9,1,2,5,2.0,2.0,2.0,1.0,1,1,1.0
9,1,2,6,2.0,2.0,2.0,1.0,1,1,1.0
9,1,2,7,2.0,2.0,2.0,1.0,1,1,1.0
9,1,2,8,2.0,2.0,2.0,1.0,1,1,1.0
9,1,3,0,2.0,2.0,2.0,1.0,1,1,1.0
9,1,3,1,2.0,2.0,2.0,1.0,1,1,1.0
9,1,3,2,2.0,2.0,2.0,1.0,1,1,1.0
9,1,3,3,2.0,2.0,2.0,1.0,1,1,1.0
9,1,3,4,2.0,2.0,2.0,1.0,1,1,1.0
9,1,3,5,2.0,2.0,2.0,1.0,1,1,1.0
9,1,3,6,2.0,2.0,2.0,1.0,1,1,1.0
9,1,3,7,2.0,2.0,2.0,1.0,1,1,1.0
9,1,3,8,2.0,2.0,2.0,1.0,1,1,1.0
9,1,4,0,2.0,2.0,2.0,1.0,1,1,1.0
9,1,4,1,2.0,2.0,2.0,1.0,1,1,1.0
9,1,4,2,2.0,2.0,2.0,1.0,1,1,1.0
9,1,4,3,2.0,2.0,2.0,1.0,1,1,1.0
9,1,4,4,2.0,2.0,2.0,1.0,1,1,1.0
9,1,4,5,2.0,2.0,2.0,1.0,1,1,1.0
9,1,4,6,2.0,2.0,2.0,1.0,1,1,1.0
9,1,4,7,2.0,2.0,2.0,1.0,1,1,1.0
9,1,4,8,2.0,2.0,2.0,1.0,1,1,1.0
9,1,5,0,2.0,2.0,2.0,1.0,1,1,1.0
9,1,5,1,2.0,2.0,2.0,1.0,1,1,1.0
9,1,5,2,2.0,2.0,2.0,1.0,1,1,1.0
9,1,5,3,2.0,2.0,2.0,1.0,1,1,1.0
9,1,5,4,2.0,2.0,2.0,1.0,1,1,1.0
9,1,5,5,2.0,2.0,2.0,1.0,1,1,1.0
9,1,5,6,2.0,2.0,2.0,1.0,1,1,1.0
9,1,5,7,2.0,2.0,2.0,1.0,1,1,1.0
9,1,5,8,2.0,2.0,2.0,1.0,1,1,1.0
10,1,0,0,2.0,2.0,2.0,1.0,1,1,1.0
10,1,0,1,2.0,2.0,2.0,1.0,1,1,1.0
10,1,0,2,2.0,2.0,2.0,1.0,1,1,1.0
10,1,0,3,2.0,2.0,2.0,1.0,1,1,1.0
10,1,0,4,2.0,2.0,2.0,1.0,1,1,1.0
10,1,0,5,2.0,2.0,2.0,1.0,1,1,1.0
10,1,0,6,2.0,2.0,2.0,1.0,1,1,1.0
10,1,0,7,2.0,2.0,2.0,1.0,1,1,1.0
10,1,0,8,2.0,2.0,2.0,1.0,1,1,1.0
10,1,0,9,2.0,2.0,2.0,1.0,1,1,1.0
10,1,1,0,2.0,2.0,2.0,1.0,1,1,1.0
10,1,1,1,2.0,2.0,2.0,1.0,1,1,1.0
10,1,1,2,2.0,2.0,2.0,1.0,1,1,1.0
10,1,1,3,2.0,2.0,2.0,1.0,1,1,1.0
10,1,1,4,2.0,2.0,2.0,1.0,1,1,1.0
10,1,1,5,2.0,2.0,2.0,1.0,1,1,1.0
10,1,1,6,2.0,2.0,2.0,1.0,1,1,1.0
10,1,1,7,2.0,2.0,2.0,1.0,1,1,1.0
10,1,1,8,2.0,2.0,2.0,1.0,1,1,1.0
10,1,1,9,2.0,2.0,2.0,1.0,1,1,1.0
10,1,2,0,2.0,2.0,2.0,1.0,1,1,1.0
10,1,2,1,2.0,2.0,2.0,1.0,1,1,1.0
10,1,2,2,2.0,2.0,2.0,1.0,1,1,1.0
10,1,2,3,2.0,2.0,2.0,1.0,1,1,1.0
10,1,2,4,2.0,2.0,2.0,1.0,1,1,1.0
10,1,2,5,2.0,2.0,2.0,1.0,1,1,1.0
10,1,2,6,2.0,2.0,2.0,1.0,1,1,1.0
10,1,2,7,2.0,2.0,2.0,1.0,1,1,1.0
10,1,2,8,2.0,2.0,2.0,1.0,1,1,1.0
10,1,2,9,2.0,2.0,2.0,1.0,1,1,1.0
10,1,3,0,2.0,2.0,2.0,1.0,1,1,1.0
10,1,3,1,2.0,2.0,2.0,1.0,1,1,1.0
10,1,3,2,2.0,2.0,2.0,1.0,1,1,1.0
10,1,3,3,2.0,2.0,2.0,1.0,1,1,1.0
10,1,3,4,2.0,2.0,2.0,1.0,1,1,1.0
10,1,3,5,2.0,2.0,2.0,1.0,1,1,1.0
10,1,3,6,2.0,2.0,2.0,1.0,1,1,1.0
10,1,3,7,2.0,2.0,2.0,1.0,1,1,1.0
10,1,3,8,2.0,2.0,2.0,1.0,1,1,1.0
10,1,3,9,2.0,2.0,2.0,1.0,1,1,1.0
10,1,4,0,2.0,2.0,2.0,1.0,1,1,1.0
10,1,4,1,2.0,2.0,2.0,1.0,1,1,1.0
10,1,4,2,2.0,2.0,2.0,1.0,1,1,1.0
10,1,4,3,2.0,2.0,2.0,1.0,1,1,1.0
10,1,4,4,2.0,2.0,2.0,1.0,1,1,1.0
10,1,4,5,2.0,2.0,2.0,1.0,1,1,1.0
10,1,4,6,2.0,2.0,2.0,1.0,1,1,1.0
10,1,4,7,2.0,2.0,2.0,1.0,1,1,1.0
10,1,4,8,2.0,2.0,2.0,1.0,1,1,1.0
10,1,4,9,2.0,2.0,2.0,1.0,1,1,1.0
10,1,5,0,2.0,2.0,2.0,1.0,1,1,1.0
10,1,5,1,2.0,2.0,2.0,1.0,1,1,1.0
10,1,5,2,2.0,2.0,2.0,1.0,1,1,1.0
10,1,5,3,2.0,2.0,2.0,1.0,1,1,1.0
10,1,5,4,2.0,2.0,2.0,1.0,1,1,1.0
10,1,5,5,2.0,2.0,2.0,1.0,1,1,1.0
10,1,5,6,2.0,2.0,2.0,1.0,1,1,1.0
10,1,5,7,2.0,2.0,2.0,1.0,1,1,1.0
10,1,5,8,2.0,2.0,2.0,1.0,1,1,1.0
10,1,5,9,2.0,2.0,2.0,1.0,1,1,1.0
1,2,0,0,4.0,4.0,4.0,1.0,2,1,1.0
1,2,1,0,4.0,4.0,4.0,1.0,2,1,1.0
1,2,2,0,4.0,4.0,4.0,1.0,2,1,1.0
1,2,3,0,4.0,4.0,4.0,1.0,2,1,1.0
1,2,4,0,4.0,4.0,4.0,1.0,2,1,1.0
1,2,5,0,4.0,4.0,4.0,1.0,2,1,1.0
2,2,0,0,4.0,4.0,4.0,1.0,2,1,1.0
2,2,0,1,4.0,4.0,4.0,1.0,2,1,1.0
2,2,1,0,4.0,4.0,4.0,1.0,2,1,1.0
2,2,1,1,4.0,4.0,4.0,1.0,2,1,1.0
2,2,2,0,4.0,4.0,4.0,1.0,2,1,1.0
2,2,2,1,4.0,4.0,4.0,1.0,2,1,1.0
2,2,3,0,4.0,4.0,4.0,1.0,2,1,1.0
2,2,3,1,4.0,4.0,4.0,1.0,2,1,1.0
2,2,4,0,4.0,4.0,4.0,1.0,2,1,1.0
2,2,4,1,4.0,4.0,4.0,1.0,2,1,1.0
2,2,5,0,4.0,4.0,4.0,1.0,2,1,1.0
2,2,5,1,4.0,4.0,4.0,1.0,2,1,1.0
3,2,0,0,4.0,4.0,4.0,1.0,2,1,1.0
3,2,0,1,4.0,4.0,4.0,1.0,2,1,1.0
3,2,0,2,4.0,2.8284271247461903,2.8284271247461903,1.0,1,2,1.0
3,2,1,0,4.0,4.0,4.0,1.0,2,1,1.0
3,2,1,1,4.0,4.0,4.0,1.0,2,1,1.0
3,2,1,2,4.0,4.0,4.0,1.0,2,1,1.0
3,2,2,0,4.0,4.0,4.0,1.0,2,1,1.0
3,2,2,1,4.0,4.0,4.0,1.0,2,1,1.0
3,2,2,2,4.0,4.0,4.0,1.0,2,1,1.0
3,2,3,0,4.0,2.8284271247461903,2.8284271247461903,1.0,1,2,1.0
3,2,3,1,4.0,4.0,4.0,1.0,2,1,1.0
3,2,3,2,4.0,4.0,4.0,1.0,2,1,1.0
3,2,4,0,4.0,4.0,4.0,1.0,2,1,1.0
3,2,4,1,4.0,4.0,4.0,1.0,2,1,1.0
3,2,4,2,4.0,4.0,4.0,1.0,2,1,1.0
3,2,5,0,4.0,4.0,4.0,1.0,2,1,1.0
3,2,5,1,4.0,4.0,4.0,1.0,2,1,1.0
3,2,5,2,4.0,4.0,4.0,1.0,2,1,1.0
4,2,0,0,4.0,4.0,4.000000000000005,1.0000000000000013,2,1,1.0
4,2,0,1,4.0,4.0,4.0,1.0,2,1,1.0
4,2,0,2,4.0,4.0,4.0,1.0,2,1,1.0
4,2,0,3,4.0,4.0,4.0,1.0,2,1,1.0
4,2,1,0,4.0,4.0,4.0,1.0,2,1,1.0
4,2,1,1,4.0,4.0,4.0,1.0,2,1,1.0
4,2,1,2,4.0,4.0,4.0,1.0,2,1,1.0
4,2,1,3,4.0,2.8284271247461903,2.8284271247461903,1.0,1,2,1.0
4,2,2,0,4.0,4.0,4.0,1.0,2,1,1.0
4,2,2,1,4.0,4.0,4.0,1.0,2,1,1.0
4,2,2,2,4.0,4.0,4.0,1.0,2,1,1.0
4,2,2,3,4.0,4.0,4.0,1.0,2,1,1.0
4,2,3,0,4.0,2.8284271247461903,2.8284271247461903,1.0,1,2,1.0
4,2,3,1,4.0,4.0,4.0,1.0,2,1,1.0
4,2,3,2,4.0,2.8284271247461903,2.8284271247461903,1.0,1,2,1.0
4,2,3,3,4.0,4.0,4.0,1.0,2,1,1.0
4,2,4,0,4.0,4.0,4.0,1.0,2,1,1.0
4,2,4,1,4.0,4.0,4.0,1.0,2,1,1.0
4,2,4,2,4.0,4.0,4.0,1.0,2,1,1.0
4,2,4,3,4.0,4.0,4.0,1.0,2,1,1.0
4,2,5,0,4.0,2.8284271247461903,2.8284271247461903,1.0,1,2,1.0
4,2,5,1,4.0,4.0,4.0,1.0,2,1,1.0
4,2,5,2,4.0,4.0,4.0,1.0,2,1,1.0
4,2,5,3,4.0,2.8284271247461903,2.8284271247461903,1.0,1,2,1.0
5,2,0,0,4.0,4.0,4.0,1.0,2,1,1.0
5,2,0,1,4.0,4.0,4.0,1.0,2,1,1.0
5,2,0,2,4.0,4.0,4.0,1.0,2,1,1.0
5,2,0,3,4.0,4.0,4.000000000000005,1.0000000000000013,2,1,1.0
5,2,0,4,4.0,4.0,4.0,1.0,2,1,1.0
5,2,1,0,4.0,4.0,4.0,1.0,2,1,1.0
5,2,1,1,4.0,4.0,4.0,1.0,2,1,1.0
5,2,1,2,4.0,4.0,4.0,1.0,2,1,1.0
5,2,1,3,4.0,4.0,4.0,1.0,2,1,1.0
5,2,1,4,4.0,4.0,4.0,1.0,2,1,1.0
5,2,2,0,4.0,2.8284271247461903,2.8284271247461903,1.0,1,2,1.0
5,2,2,1,4.0,4.0,4.0,1.0,2,1,1.0
5,2,2,2,4.0,4.0,4.0,1.0,2,1,1.0
5,2,2,3,4.0,4.0,4.0,1.0,2,1,1.0
5,2,2,4,4.0,4.0,4.0,1.0,2,1,1.0
5,2,3,0,4.0,4.0,4.0,1.0,2,1,1.0
5,2,3,1,4.0,4.0,4.0,1.0,2,1,1.0
5,2,3,2,4.0,4.0,4.0,1.0,2,1,1.0
5,2,3,3,4.0,4.0,4.0,1.0,2,1,1.0
5,2,3,4,4.0,4.0,4.0,1.0,2,1,1.0
5,2,4,0,4.0,4.0,4.0,1.0,2,1,1.0
5,2,4,1,4.0,4.0,4.0,1.0,2,1,1.0
5,2,4,2,4.0,4.0,4.0,1.0,2,1,1.0
5,2,4,3,4.0,4.0,4.0,1.0,2,1,1.0
5,2,4,4,4.0,4.0,4.0,1.0,2,1,1.0
5,2,5,0,4.0,2.8284271247461903,2.8284271247461903,1.0,1,2,1.0
5,2,5,1,4.0,4.0,4.0,1.0,2,1,1.0
5,2,5,2,4.0,4.0,4.0,1.0,2,1,1.0
5,2,5,3,4.0,4.0,4.000000000000004,1.000000000000001,2,1,1.0
5,2,5,4,4.0,4.0,4.0,1.0,2,1,1.0
6,2,0,0,4.0,4.0,4.0,1.0,2,1,1.0
6,2,0,1,4.0,4.0,4.0,1.0,2,1,1.0
6,2,0,2,4.0,4.0,4.0,1.0,2,1,1.0
6,2,0,3,4.0,4.0,4.0,1.0,2,1,1.0
6,2,0,4,4.0,4.0,4.0,1.0,2,1,1.0
6,2,0,5,4.0,4.0,4.0,1.0,2,1,1.0
6,2,1,0,4.0,4.0,4.0,1.0,2,1,1.0
6,2,1,1,4.0,4.0,4.0,1.0,2,1,1.0
6,2,1,2,4.0,4.0,4.0,1.0,2,1,1.0
6,2,1,3,4.0,4.0,4.0,1.0,2,1,1.0
6,2,1,4,4.0,4.0,4.0,1.0,2,1,1.0
6,2,1,5,4.0,4.0,4.0,1.0,2,1,1.0
6,2,2,0,4.0,4.0,4.0,1.0,2,1,1.0
6,2,2,1,4.0,4.0,4.0,1.0,2,1,1.0
6,2,2,2,4.0,4.0,4.0,1.0,2,1,1.0
6,2,2,3,4.0,2.8284271247461903,2.8284271247461903,1.0,1,2,1.0
6,2,2,4,4.0,4.0,4.0,1.0,2,1,1.0
6,2,2,5,4.0,4.0,4.0,1.0,2,1,1.0
6,2,3,0,4.0,4.0,4.0,1.0,2,1,1.0
6,2,3,1,4.0,4.0,4.0,1.0,2,1,1.0
6,2,3,2,4.0,4.0,4.0,1.0,2,1,1.0
6,2,3,3,4.0,4.0,4.0,1.0,2,1,1.0
6,2,3,4,4.0,4.0,4.0,1.0,2,1,1.0
6,2,3,5,4.0,4.0,4.0,1.0,2,1,1.0
6,2,4,0,4.0,4.0,4.0,1.0,2,1,1.0
6,2,4,1,4.0,4.0,4.0,1.0,2,1,1.0
6,2,4,2,4.0,4.0,4.0,1.0,2,1,1.0
6,2,4,3,4.0,4.0,4.0,1.0,2,1,1.0
6,2,4,4,4.0,4.0,4.0,1.0,2,1,1.0
6,2,4,5,4.0,4.0,4.0,1.0,2,1,1.0
6,2,5,0,4.0,4.0,4.0,1.0,2,1,1.0
6,2,5,1,4.0,2.8284271247461903,2.8284271247461903,1.0,1,2,1.0
6,2,5,2,4.0,4.0,4.0,1.0,2,1,1.0
6,2,5,3,4.0,4.0,4.0,1.0,2,1,1.0
6,2,5,4,4.0,4.0,4.0,1.0,2,1,1.0
6,2,5,5,4.0,4.0,4.0,1.0,2,1,1.0
7,2,0,0,4.0,4.0,4.0,1.0,2,1,1.0
7,2,0,1,4.0,4.0,4.0,1.0,2,1,1.0
7,2,0,2,4.0,4.0,4.0,1.0,2,1,1.0
7,2,0,3,4.0,4.0,4.0,1.0,2,1,1.0
7,2,0,4,4.0,4.0,4.0,1.0,2,1,1.0
7,2,0,5,4.0,4.0,4.0,1.0,2,1,1.0
7,2,0,6,4.0,2.8284271247461903,2.8284271247461903,1.0,1,2,1.0
7,2,1,0,4.0,4.0,4.0,1.0,2,1,1.0
7,2,1,1,4.0,4.0,4.0,1.0,2,1,1.0
7,2,1,2,4.0,4.0,4.0,1.0,2,1,1.0
7,2,1,3,4.0,4.0,4.0,1.0,2,1,1.0
7,2,1,4,4.0,2.8284271247461903,2.8284271247461903,1.0,1,2,1.0
7,2,1,5,4.0,2.8284271247461903,2.8284271247461903,1.0,1,2,1.0
7,2,1,6,4.0,4.0,4.0,1.0,2,1,1.0
7,2,2,0,4.0,4.0,4.0,1.0,2,1,1.0
7,2,2,1,4.0,2.8284271247461903,2.8284271247461903,1.0,1,2,1.0
7,2,2,2,4.0,4.0,4.0,1.0,2,1,1.0
7,2,2,3,4.0,4.0,4.0,1.0,2,1,1.0
7,2,2,4,4.0,4.0,4.0,1.0,2,1,1.0
7,2,2,5,4.0,4.0,4.0,1.0,2,1,1.0
7,2,2,6,4.0,4.0,4.0,1.0,2,1,1.0
7,2,3,0,4.0,4.0,4.0,1.0,2,1,1.0
7,2,3,1,4.0,4.0,4.0,1.0,2,1,1.0
7,2,3,2,4.0,4.0,4.0,1.0,2,1,1.0
7,2,3,3,4.0,4.0,4.0,1.0,2,1,1.0
7,2,3,4,4.0,4.0,4.0,1.0,2,1,1.0
7,2,3,5,4.0,4.0,4.0,1.0,2,1,1.0
7,2,3,6,4.0,4.0,4.0,1.0,2,1,1.0
7,2,4,0,4.0,2.8284271247461903,2.8284271247461903,1.0,1,2,1.0
7,2,4,1,4.0,4.0,4.0,1.0,2,1,1.0
7,2,4,2,4.0,4.0,4.0,1.0,2,1,1.0
7,2,4,3,4.0,4.0,4.0,1.0,2,1,1.0
7,2,4,4,4.0,4.0,4.0,1.0,2,1,1.0
7,2,4,5,4.0,4.0,4.0,1.0,2,1,1.0
7,2,4,6,4.0,4.0,4.0,1.0,2,1,1.0
7,2,5,0,4.0,4.0,4.0,1.0,2,1,1.0
7,2,5,1,4.0,4.0,4.0,1.0,2,1,1.0
7,2,5,2,4.0,4.0,4.0,1.0,2,1,1.0
7,2,5,3,4.0,4.0,4.0,1.0,2,1,1.0
7,2,5,4,4.0,4.0,4.0,1.0,2,1,1.0
7,2,5,5,4.0,4.0,4.0,1.0,2,1,1.0
7,2,5,6,4.0,4.0,4.0,1.0,2,1,1.0
8,2,0,0,4.0,4.0,4.0,1.0,2,1,1.0
8,2,0,1,4.0,4.0,4.0,1.0,2,1,1.0
8,2,0,2,4.0,2.8284271247461903,2.8284271247461903,1.0,1,2,1.0
8,2,0,3,4.0,4.0,4.0,1.0,2,1,1.0
8,2,0,4,4.0,4.0,4.0,1.0,2,1,1.0
8,2,0,5,4.0,4.0,4.0,1.0,2,1,1.0
8,2,0,6,4.0,2.8284271247461903,2.8284271247461903,1.0,1,2,1.0
8,2,0,7,4.0,4.0,4.0,1.0,2,1,1.0
8,2,1,0,4.0,4.0,4.0,1.0,2,1,1.0
8,2,1,1,4.0,4.0,4.0,1.0,2,1,1.0
8,2,1,2,4.0,2.8284271247461903,2.8284271247461903,1.0,1,2,1.0
8,2,1,3,4.0,4.0,4.000000000000002,1.0000000000000004,2,1,1.0
8,2,1,4,4.0,4.0,4.0,1.0,2,1,1.0
8,2,1,5,4.0,4.0,4.0,1.0,2,1,1.0
8,2,1,6,4.0,4.0,4.0,1.0,2,1,1.0
8,2,1,7,4.0,4.0,4.0,1.0,2,1,1.0
8,2,2,0,4.0,4.0,4.0,1.0,2,1,1.0
8,2,2,1,4.0,4.0,4.0,1.0,2,1,1.0
8,2,2,2,4.0,2.8284271247461903,2.8284271247461903,1.0,1,2,1.0
8,2,2,3,4.0,4.0,4.0,1.0,2,1,1.0
8,2,2,4,4.0,4.0,4.0,1.0,2,1,1.0
8,2,2,5,4.0,4.0,4.0,1.0,2,1,1.0
8,2,2,6,4.0,4.0,4.0,1.0,2,1,1.0
8,2,2,7,4.0,4.0,4.0,1.0,2,1,1.0
8,2,3,0,4.0,4.0,4.0,1.0,2,1,1.0
8,2,3,1,4.0,4.0,4.0,1.0,2,1,1.0
8,2,3,2,4.0,4.0,4.0,1.0,2,1,1.0
8,2,3,3,4.0,4.0,4.0,1.0,2,1,1.0
8,2,3,4,4.0,4.0,3.9999999999999996,0.9999999999999999,2,1,1.0
8,2,3,5,4.0,2.8284271247461903,2.8284271247461903,1.0,1,2,1.0
8,2,3,6,4.0,4.0,4.0,1.0,2,1,1.0
8,2,3,7,4.0,4.0,4.0,1.0,2,1,1.0
8,2,4,0,4.0,4.0,4.0,1.0,2,1,1.0
8,2,4,1,4.0,2.8284271247461903,2.8284271247461903,1.0,1,2,1.0
8,2,4,2,4.0,4.0,3.9999999999999996,0.9999999999999999,2,1,1.0
8,2,4,3,4.0,4.0,4.0,1.0,2,1,1.0
8,2,4,4,4.0,4.0,4.000000000000003,1.0000000000000007,2,1,1.0
8,2,4,5,4.0,4.0,4.0,1.0,2,1,1.0
8,2,4,6,4.0,4.0,4.000000000000013,1.0000000000000033,2,1,1.0
8,2,4,7,4.0,4.0,4.0,1.0,2,1,1.0
8,2,5,0,4.0,4.0,4.0,1.0,2,1,1.0
8,2,5,1,4.0,4.0,4.0,1.0,2,1,1.0
8,2,5,2,4.0,4.0,4.0,1.0,2,1,1.0
8,2,5,3,4.0,4.0,4.0,1.0,2,1,1.0
8,2,5,4,4.0,4.0,4.0,1.0,2,1,1.0
8,2,5,5,4.0,4.0,4.0,1.0,2,1,1.0
8,2,5,6,4.0,4.0,4.0,1.0,2,1,1.0
8,2,5,7,4.0,4.0,4.0,1.0,2,1,1.0
9,2,0,0,4.0,4.0,4.0,1.0,2,1,1.0
9,2,0,1,4.0,4.0,4.0,1.0,2,1,1.0
9,2,0,2,4.0,4.0,4.0,1.0,2,1,1.0
9,2,0,3,4.0,4.0,4.0,1.0,2,1,1.0
9,2,0,4,4.0,4.0,4.0,1.0,2,1,1.0
9,2,0,5,4.0,4.0,4.0,1.0,2,1,1.0
9,2,0,6,4.0,4.0,4.0,1.0,2,1,1.0
9,2,0,7,4.0,2.8284271247461903,2.8284271247461903,1.0,1,2,1.0
9,2,0,8,4.0,4.0,4.0,1.0,2,1,1.0
9,2,1,0,4.0,4.0,4.0,1.0,2,1,1.0
9,2,1,1,4.0,4.0,4.0,1.0,2,1,1.0
9,2,1,2,4.0,4.0,4.0,1.0,2,1,1.0
9,2,1,3,4.0,4.0,4.0,1.0,2,1,1.0
9,2,1,4,4.0,4.0,4.0,1.0,2,1,1.0
9,2,1,5,4.0,2.8284271247461903,2.8284271247461903,1.0,1,2,1.0
9,2,1,6,4.0,4.0,4.0,1.0,2,1,1.0
9,2,1,7,4.0,4.0,4.0,1.0,2,1,1.0
9,2,1,8,4.0,4.0,4.0,1.0,2,1,1.0
9,2,2,0,4.0,4.0,4.0,1.0,2,1,1.0
9,2,2,1,4.0,4.0,4.0,1.0,2,1,1.0
9,2,2,2,4.0,4.0,4.0,1.0,2,1,1.0
9,2,2,3,4.0,4.0,4.0,1.0,2,1,1.0
9,2,2,4,4.0,4.0,4.0000000000000036,1.0000000000000009,2,1,1.0
9,2,2,5,4.0,4.0,4.0,1.0,2,1,1.0
9,2,2,6,4.0,4.0,4.0,1.0,2,1,1.0
9,2,2,7,4.0,4.0,4.0,1.0,2,1,1.0
9,2,2,8,4.0,4.0,3.9999999999999996,0.9999999999999999,2,1,1.0
9,2,3,0,4.0,4.0,4.0,1.0,2,1,1.0
9,2,3,1,4.0,4.0,4.0,1.0,2,1,1.0
9,2,3,2,4.0,4.0,4.0,1.0,2,1,1.0
9,2,3,3,4.0,4.0,4.0,1.0,2,1,1.0
9,2,3,4,4.0,4.0,4.0,1.0,2,1,1.0
9,2,3,5,4.0,4.0,4.0,1.0,2,1,1.0
9,2,3,6,4.0,4.0,4.0,1.0,2,1,1.0
9,2,3,7,4.0,4.0,4.0,1.0,2,1,1.0
9,2,3,8,4.0,4.0,4.0,1.0,2,1,1.0
9,2,4,0,4.0,4.0,4.0,1.0,2,1,1.0
9,2,4,1,4.0,4.0,4.0,1.0,2,1,1.0
9,2,4,2,4.0,4.0,4.0,1.0,2,1,1.0
9,2,4,3,4.0,4.0,4.0,1.0,2,1,1.0
9,2,4,4,4.0,4.0,4.0,1.0,2,1,1.0
9,2,4,5,4.0,2.8284271247461903,2.8284271247461903,1.0,1,2,1.0
9,2,4,6,4.0,4.0,4.0,1.0,2,1,1.0
9,2,4,7,4.0,4.0,4.0,1.0,2,1,1.0
9,2,4,8,4.0,4.0,4.0,1.0,2,1,1.0
9,2,5,0,4.0,4.0,4.0,1.0,2,1,1.0
9,2,5,1,4.0,4.0,4.0,1.0,2,1,1.0
9,2,5,2,4.0,4.0,4.0,1.0,2,1,1.0
9,2,5,3,4.0,4.0,4.0,1.0,2,1,1.0
9,2,5,4,4.0,4.0,4.000000000000003,1.0000000000000007,2,1,1.0
9,2,5,5,4.0,4.0,4.0,1.0,2,1,1.0
9,2,5,6,4.0,4.0,4.0,1.0,2,1,1.0
9,2,5,7,4.0,4.0,4.0,1.0,2,1,1.0
9,2,5,8,4.0,4.0,4.0,1.0,2,1,1.0
10,2,0,0,4.0,4.0,4.0,1.0,2,1,1.0
10,2,0,1,4.0,4.0,4.0,1.0,2,1,1.0
10,2,0,2,4.0,4.0,4.0,1.0,2,1,1.0
10,2,0,3,4.0,4.0,4.0,1.0,2,1,1.0
10,2,0,4,4.0,4.0,4.0,1.0,2,1,1.0
10,2,0,5,4.0,4.0,4.0,1.0,2,1,1.0
10,2,0,6,4.0,4.0,4.0,1.0,2,1,1.0
10,2,0,7,4.0,4.0,4.0,1.0,2,1,1.0
10,2,0,8,4.0,4.0,4.0,1.0,2,1,1.0
10,2,0,9,4.0,4.0,4.0,1.0,2,1,1.0
10,2,1,0,4.0,4.0,4.0,1.0,2,1,1.0
10,2,1,1,4.0,4.0,4.0,1.0,2,1,1.0
10,2,1,2,4.0,4.0,4.0,1.0,2,1,1.0
10,2,1,3,4.0,4.0,4.0,1.0,2,1,1.0
10,2,1,4,4.0,4.0,4.0,1.0,2,1,1.0
10,2,1,5,4.0,4.0,4.0,1.0,2,1,1.0
10,2,1,6,4.0,4.0,4.0,1.0,2,1,1.0
10,2,1,7,4.0,4.0,4.0,1.0,2,1,1.0
10,2,1,8,4.0,4.0,4.0,1.0,2,1,1.0
10,2,1,9,4.0,4.0,4.0,1.0,2,1,1.0
10,2,2,0,4.0,4.0,4.0,1.0,2,1,1.0
10,2,2,1,4.0,4.0,4.0,1.0,2,1,1.0
10,2,2,2,4.0,4.0,4.0,1.0,2,1,1.0
10,2,2,3,4.0,4.0,4.0,1.0,2,1,1.0
10,2,2,4,4.0,4.0,4.0,1.0,2,1,1.0
10,2,2,5,4.0,4.0,4.0,1.0,2,1,1.0
10,2,2,6,4.0,4.0,4.0,1.0,2,1,1.0
10,2,2,7,4.0,4.0,4.0000000000000036,1.0000000000000009,2,1,1.0
10,2,2,8,4.0,4.0,4.0,1.0,2,1,1.0
10,2,2,9,4.0,4.0,4.0,1.0,2,1,1.0
10,2,3,0,4.0,4.0,4.0,1.0,2,1,1.0
10,2,3,1,4.0,4.0,4.0,1.0,2,1,1.0
10,2,3,2,4.0,4.0,4.0,1.0,2,1,1.0
10,2,3,3,4.0,4.0,4.000000000000002,1.0000000000000004,2,1,1.0
10,2,3,4,4.0,4.0,4.0,1.0,2,1,1.0
10,2,3,5,4.0,4.0,4.0,1.0,2,1,1.0
10,2,3,6,4.0,4.0,4.0,1.0,2,1,1.0
10,2,3,7,4.0,4.0,4.0,1.0,2,1,1.0
10,2,3,8,4.0,4.0,4.0,1.0,2,1,1.0
10,2,3,9,4.0,4.0,4.0,1.0,2,1,1.0
10,2,4,0,4.0,4.0,4.0,1.0,2,1,1.0
10,2,4,1,4.0,4.0,4.0,1.0,2,1,1.0
10,2,4,2,4.0,4.0,4.0,1.0,2,1,1.0
10,2,4,3,4.0,4.0,4.0,1.0,2,1,1.0
10,2,4,4,4.0,4.0,4.0,1.0,2,1,1.0
10,2,4,5,4.0,4.0,4.0,1.0,2,1,1.0
10,2,4,6,4.0,4.0,4.0,1.0,2,1,1.0
10,2,4,7,4.0,4.0,4.0,1.0,2,1,1.0
10,2,4,8,4.0,4.0,4.0,1.0,2,1,1.0
10,2,4,9,4.0,4.0,4.0,1.0,2,1,1.0
10,2,5,0,4.0,4.0,4.0,1.0,2,1,1.0
10,2,5,1,4.0,4.0,4.0,1.0,2,1,1.0
10,2,5,2,4.0,4.0,4.0,1.0,2,1,1.0
10,2,5,3,4.0,4.0,4.0,1.0,2,1,1.0
10,2,5,4,4.0,4.0,4.0,1.0,2,1,1.0
10,2,5,5,4.0,4.0,4.0,1.0,2,1,1.0
10,2,5,6,4.0,4.0,4.0,1.0,2,1,1.0
10,2,5,7,4.0,4.0,4.0,1.0,2,1,1.0
10,2,5,8,4.0,4.0,4.0,1.0,2,1,1.0
10,2,5,9,4.0,4.0,4.0,1.0,2,1,1.0
1,3,0,0,6.0,6.0,6.0,1.0,3,1,1.0
1,3,1,0,6.0,6.0,6.0,1.0,3,1,1.0
1,3,2,0,6.0,4.82842712474619,4.82842712474619,1.0,2,2,1.0
1,3,3,0,6.0,6.0,6.0,1.0,3,1,1.0
1,3,4,0,6.0,6.0,6.0,1.0,3,1,1.0
1,3,5,0,6.0,6.0,6.0,1.0,3,1,1.0
2,3,0,0,6.0,6.0,6.0,1.0,3,1,1.0
2,3,0,1,6.0,6.0,6.0,1.0,3,1,1.0
2,3,1,0,6.0,4.82842712474619,4.82842712474619,1.0,2,2,1.0
2,3,1,1,6.0,6.0,6.0,1.0,3,1,1.0
2,3,2,0,6.0,6.0,6.000000000000003,1.0000000000000004,3,1,1.0
2,3,2,1,6.0,4.82842712474619,4.47213595499958,0.9262096826685897,2,2,1.0
2,3,3,0,6.0,4.82842712474619,4.82842712474619,1.0,2,2,1.0
2,3,3,1,6.0,6.0,6.0,1.0,3,1,1.0
2,3,4,0,6.0,6.0,6.0,1.0,3,1,1.0
2,3,4,1,6.0,6.0,6.0,1.0,3,1,1.0
2,3,5,0,6.0,6.0,6.0000000000000036,1.0000000000000007,3,1,1.0
2,3,5,1,6.0,6.0,6.0,1.0,3,1,1.0
3,3,0,0,6.0,4.82842712474619,4.82842712474619,1.0,2,2,1.0
3,3,0,1,6.0,6.0,6.000000000000002,1.0000000000000002,3,1,1.0
3,3,0,2,6.0,4.82842712474619,4.82842712474619,1.0,2,2,1.0
3,3,1,0,6.0,6.0,6.0,1.0,3,1,1.0
3,3,1,1,6.0,6.0,6.0,1.0,3,1,1.0
3,3,1,2,6.0,4.82842712474619,4.82842712474619,1.0,2,2,1.0
3,3,2,0,6.0,6.0,6.0,1.0,3,1,1.0
3,3,2,1,6.0,6.0,6.0,1.0,3,1,1.0
3,3,2,2,6.0,6.0,6.0,1.0,3,1,1.0
3,3,3,0,6.0,6.0,6.0,1.0,3,1,1.0
3,3,3,1,6.0,6.0,6.0,1.0,3,1,1.0
3,3,3,2,6.0,4.82842712474619,4.82842712474619,1.0,2,2,1.0
3,3,4,0,6.0,4.82842712474619,4.828427124746195,1.000000000000001,2,2,1.0
3,3,4,1,6.0,6.0,6.0,1.0,3,1,1.0
3,3,4,2,6.0,6.0,6.0,1.0,3,1,1.0
3,3,5,0,6.0,6.0,6.0,1.0,3,1,1.0
3,3,5,1,6.0,6.0,6.0,1.0,3,1,1.0
3,3,5,2,6.0,6.0,6.0,1.0,3,1,1.0
4,3,0,0,6.0,6.0,6.0,1.0,3,1,1.0
4,3,0,1,6.0,6.0,6.0,1.0,3,1,1.0
4,3,0,2,6.0,6.0,6.0,1.0,3,1,1.0
4,3,0,3,6.0,6.0,6.0,1.0,3,1,1.0
4,3,1,0,6.0,4.82842712474619,4.82842712474619,1.0,2,2,1.0
4,3,1,1,6.0,6.0,6.0,1.0,3,1,1.0
4,3,1,2,6.0,4.82842712474619,4.82842712474619,1.0,2,2,1.0
4,3,1,3,6.0,6.0,6.0,1.0,3,1,1.0
4,3,2,0,6.0,6.0,6.0,1.0,3,1,1.0
4,3,2,1,6.0,6.0,6.0,1.0,3,1,1.0
4,3,2,2,6.0,6.0,6.0,1.0,3,1,1.0
4,3,2,3,6.0,6.0,6.0000000000000036,1.0000000000000007,3,1,1.0
4,3,3,0,6.0,6.0,6.0,1.0,3,1,1.0
4,3,3,1,6.0,6.0,6.0,1.0,3,1,1.0
4,3,3,2,6.0,6.0,6.0,1.0,3,1,1.0
4,3,3,3,6.0,4.82842712474619,4.82842712474619,1.0,2,2,1.0
4,3,4,0,6.0,6.0,6.0,1.0,3,1,1.0
4,3,4,1,6.0,6.0,6.0,1.0,3,1,1.0
4,3,4,2,6.0,6.0,6.0,1.0,3,1,1.0
4,3,4,3,6.0,6.0,6.0000000000000036,1.0000000000000007,3,1,1.0
4,3,5,0,6.0,6.0,6.0,1.0,3,1,1.0
4,3,5,1,6.0,4.82842712474619,4.82842712474619,1.0,2,2,1.0
4,3,5,2,6.0,6.0,6.0,1.0,3,1,1.0
4,3,5,3,6.0,6.0,6.0,1.0,3,1,1.0
5,3,0,0,6.0,4.82842712474619,4.82842712474619,1.0,2,2,1.0
5,3,0,1,6.0,6.0,6.0,1.0,3,1,1.0
5,3,0,2,6.0,6.0,6.0,1.0,3,1,1.0
5,3,0,3,6.0,6.0,6.0,1.0,3,1,1.0
5,3,0,4,6.0,6.0,6.0,1.0,3,1,1.0
5,3,1,0,6.0,4.82842712474619,4.82842712474619,1.0,2,2,1.0
5,3,1,1,6.0,6.0,6.0,1.0,3,1,1.0
5,3,1,2,6.0,6.0,6.0,1.0,3,1,1.0
5,3,1,3,6.0,6.0,6.0,1.0,3,1,1.0
5,3,1,4,6.0,4.82842712474619,4.82842712474619,1.0,2,2,1.0
5,3,2,0,6.0,4.82842712474619,4.82842712474619,1.0,2,2,1.0
5,3,2,1,6.0,6.0,6.0,1.0,3,1,1.0
5,3,2,2,6.0,4.82842712474619,4.82842712474619,1.0,2,2,1.0
5,3,2,3,6.0,4.82842712474619,4.82842712474619,1.0,2,2,1.0
5,3,2,4,6.0,4.82842712474619,4.82842712474619,1.0,2,2,1.0
5,3,3,0,6.0,6.0,6.0,1.0,3,1,1.0
5,3,3,1,6.0,4.82842712474619,4.82842712474619,1.0,2,2,1.0
5,3,3,2,6.0,6.0,6.0,1.0,3,1,1.0
5,3,3,3,6.0,6.0,6.0,1.0,3,1,1.0
5,3,3,4,6.0,6.0,6.0,1.0,3,1,1.0
5,3,4,0,6.0,6.0,6.0,1.0,3,1,1.0
5,3,4,1,6.0,6.0,6.0,1.0,3,1,1.0
5,3,4,2,6.0,6.0,6.0,1.0,3,1,1.0
5,3,4,3,6.0,6.0,6.0,1.0,3,1,1.0
5,3,4,4,6.0,6.0,6.0,1.0,3,1,1.0
5,3,5,0,6.0,6.0,6.0,1.0,3,1,1.0
5,3,5,1,6.0,4.82842712474619,4.828427124746193,1.0000000000000007,2,2,1.0
5,3,5,2,6.0,6.0,6.0,1.0,3,1,1.0
5,3,5,3,6.0,6.0,6.0,1.0,3,1,1.0
5,3,5,4,6.0,6.0,6.0,1.0,3,1,1.0
6,3,0,0,6.0,6.0,6.0,1.0,3,1,1.0
6,3,0,1,6.0,6.0,6.0,1.0,3,1,1.0
6,3,0,2,6.0,4.82842712474619,4.828427124746197,1.0000000000000016,2,2,1.0
6,3,0,3,6.0,4.82842712474619,4.828427124746198,1.0000000000000016,2,2,1.0
6,3,0,4,6.0,4.82842712474619,4.47213595499958,0.9262096826685897,2,2,1.0
6,3,0,5,6.0,6.0,6.0,1.0,3,1,1.0
6,3,1,0,6.0,4.82842712474619,4.82842712474619,1.0,2,2,1.0
6,3,1,1,6.0,6.0,6.0,1.0,3,1,1.0
6,3,1,2,6.0,4.82842712474619,4.82842712474619,1.0,2,2,1.0
6,3,1,3,6.0,6.0,6.0,1.0,3,1,1.0
6,3,1,4,6.0,6.0,6.0,1.0,3,1,1.0
6,3,1,5,6.0,6.0,6.0,1.0,3,1,1.0
6,3,2,0,6.0,6.0,6.0,1.0,3,1,1.0
6,3,2,1,6.0,6.0,6.0,1.0,3,1,1.0
6,3,2,2,6.0,6.0,6.0,1.0,3,1,1.0
6,3,2,3,6.0,4.82842712474619,4.82842712474619,1.0,2,2,1.0
6,3,2,4,6.0,4.82842712474619,4.82842712474619,1.0,2,2,1.0
6,3,2,5,6.0,6.0,6.0,1.0,3,1,1.0
6,3,3,0,6.0,6.0,6.0,1.0,3,1,1.0
6,3,3,1,6.0,6.0,6.0,1.0,3,1,1.0
6,3,3,2,6.0,6.0,6.0,1.0,3,1,1.0
6,3,3,3,6.0,4.82842712474619,4.82842712474619,1.0,2,2,1.0
6,3,3,4,6.0,4.82842712474619,4.47213595499958,0.9262096826685897,2,2,1.0
6,3,3,5,6.0,4.82842712474619,4.47213595499958,0.9262096826685897,2,2,1.0
6,3,4,0,6.0,6.0,6.0,1.0,3,1,1.0
6,3,4,1,6.0,6.0,6.0,1.0,3,1,1.0
6,3,4,2,6.0,4.82842712474619,4.828427124746195,1.000000000000001,2,2,1.0
6,3,4,3,6.0,6.0,6.0,1.0,3,1,1.0
6,3,4,4,6.0,6.0,6.0,1.0,3,1,1.0
6,3,4,5,6.0,4.82842712474619,4.472135954999587,0.9262096826685912,2,2,1.0
6,3,5,0,6.0,4.82842712474619,4.82842712474619,1.0,2,2,1.0
6,3,5,1,6.0,6.0,6.0,1.0,3,1,1.0
6,3,5,2,6.0,6.0,6.0000000000000036,1.0000000000000007,3,1,1.0
6,3,5,3,6.0,6.0,6.0,1.0,3,1,1.0
6,3,5,4,6.0,6.0,6.0,1.0,3,1,1.0
6,3,5,5,6.0,6.0,6.0,1.0,3,1,1.0
7,3,0,0,6.0,6.0,6.0,1.0,3,1,1.0
7,3,0,1,6.0,4.82842712474619,4.82842712474619,1.0,2,2,1.0
7,3,0,2,6.0,6.0,6.0,1.0,3,1,1.0
7,3,0,3,6.0,4.82842712474619,4.82842712474619,1.0,2,2,1.0
7,3,0,4,6.0,6.0,6.0,1.0,3,1,1.0
7,3,0,5,6.0,4.82842712474619,4.82842712474619,1.0,2,2,1.0
7,3,0,6,6.0,6.0,6.0,1.0,3,1,1.0
7,3,1,0,6.0,6.0,6.0,1.0,3,1,1.0
7,3,1,1,6.0,4.82842712474619,4.82842712474619,1.0,2,2,1.0
7,3,1,2,6.0,4.82842712474619,4.47213595499958,0.9262096826685897,2,2,1.0
7,3,1,3,6.0,6.0,6.0,1.0,3,1,1.0
7,3,1,4,6.0,4.82842712474619,4.82842712474619,1.0,2,2,1.0
7,3,1,5,6.0,4.82842712474619,4.82842712474619,1.0,2,2,1.0
7,3,1,6,6.0,6.0,6.0,1.0,3,1,1.0
7,3,2,0,6.0,6.0,6.0,1.0,3,1,1.0
7,3,2,1,6.0,6.0,6.0,1.0,3,1,1.0
7,3,2,2,6.0,6.0,6.0000000000000036,1.0000000000000007,3,1,1.0
7,3,2,3,6.0,6.0,6.0,1.0,3,1,1.0
7,3,2,4,6.0,6.0,6.0,1.0,3,1,1.0
7,3,2,5,6.0,6.0,6.0,1.0,3,1,1.0
7,3,2,6,6.0,4.82842712474619,4.828427124746197,1.0000000000000016,2,2,1.0
7,3,3,0,6.0,6.0,6.0,1.0,3,1,1.0
7,3,3,1,6.0,6.0,6.0,1.0,3,1,1.0
7,3,3,2,6.0,4.82842712474619,4.82842712474619,1.0,2,2,1.0
7,3,3,3,6.0,6.0,6.0,1.0,3,1,1.0
7,3,3,4,6.0,6.0,6.0,1.0,3,1,1.0
7,3,3,5,6.0,6.0,6.000000000000005,1.0000000000000009,3,1,1.0
7,3,3,6,6.0,6.0,6.0,1.0,3,1,1.0
7,3,4,0,6.0,6.0,6.0,1.0,3,1,1.0
7,3,4,1,6.0,6.0,6.0,1.0,3,1,1.0
7,3,4,2,6.0,6.0,6.0,1.0,3,1,1.0
7,3,4,3,6.0,6.0,6.0,1.0,3,1,1.0
7,3,4,4,6.0,6.0,6.0,1.0,3,1,1.0
7,3,4,5,6.0,6.0,6.0,1.0,3,1,1.0
7,3,4,6,6.0,4.82842712474619,4.82842712474619,1.0,2,2,1.0
7,3,5,0,6.0,6.0,6.0,1.0,3,1,1.0
7,3,5,1,6.0,4.82842712474619,4.82842712474619,1.0,2,2,1.0
7,3,5,2,6.0,6.0,6.0,1.0,3,1,1.0
7,3,5,3,6.0,6.0,6.0,1.0,3,1,1.0
7,3,5,4,6.0,6.0,6.0,1.0,3,1,1.0
7,3,5,5,6.0,6.0,6.0,1.0,3,1,1.0
7,3,5,6,6.0,6.0,6.0,1.0,3,1,1.0
8,3,0,0,6.0,4.82842712474619,4.82842712474619,1.0,2,2,1.0
8,3,0,1,6.0,6.0,6.0,1.0,3,1,1.0
8,3,0,2,6.0,4.82842712474619,4.82842712474619,1.0,2,2,1.0
8,3,0,3,6.0,6.0,6.0,1.0,3,1,1.0
8,3,0,4,6.0,4.82842712474619,4.8284271247462005,1.0000000000000022,2,2,1.0
8,3,0,5,6.0,6.0,6.0,1.0,3,1,1.0
8,3,0,6,6.0,6.0,6.0,1.0,3,1,1.0
8,3,0,7,6.0,6.0,6.0,1.0,3,1,1.0
8,3,1,0,6.0,6.0,6.0,1.0,3,1,1.0
8,3,1,1,6.0,4.82842712474619,4.82842712474619,1.0,2,2,1.0
8,3,1,2,6.0,6.0,6.0,1.0,3,1,1.0
8,3,1,3,6.0,6.0,6.0,1.0,3,1,1.0
8,3,1,4,6.0,6.0,6.0,1.0,3,1,1.0
8,3,1,5,6.0,6.0,6.0,1.0,3,1,1.0
8,3,1,6,6.0,6.0,6.0,1.0,3,1,1.0
8,3,1,7,6.0,6.0,6.0,1.0,3,1,1.0
8,3,2,0,6.0,6.0,6.0,1.0,3,1,1.0
8,3,2,1,6.0,6.0,6.0,1.0,3,1,1.0
8,3,2,2,6.0,4.82842712474619,4.47213595499958,0.9262096826685897,2,2,1.0
8,3,2,3,6.0,4.82842712474619,4.47213595499958,0.9262096826685897,2,2,1.0
8,3,2,4,6.0,6.0,6.0,1.0,3,1,1.0
8,3,2,5,6.0,6.0,6.0,1.0,3,1,1.0
8,3,2,6,6.0,6.0,6.0,1.0,3,1,1.0
8,3,2,7,6.0,6.0,6.0,1.0,3,1,1.0
8,3,3,0,6.0,6.0,6.0,1.0,3,1,1.0
8,3,3,1,6.0,4.82842712474619,4.82842712474619,1.0,2,2,1.0
8,3,3,2,6.0,6.0,6.0,1.0,3,1,1.0
8,3,3,3,6.0,6.0,6.0,1.0,3,1,1.0
8,3,3,4,6.0,6.0,6.0,1.0,3,1,1.0
8,3,3,5,6.0,6.0,5.999999999999999,0.9999999999999999,3,1,1.0
8,3,3,6,6.0,6.0,6.0,1.0,3,1,1.0
8,3,3,7,6.0,6.0,6.0,1.0,3,1,1.0
8,3,4,0,6.0,4.82842712474619,4.82842712474619,1.0,2,2,1.0
8,3,4,1,6.0,6.0,6.0,1.0,3,1,1.0
8,3,4,2,6.0,6.0,6.0,1.0,3,1,1.0
8,3,4,3,6.0,4.82842712474619,4.828427124746195,1.000000000000001,2,2,1.0
8,3,4,4,6.0,6.0,6.0,1.0,3,1,1.0
8,3,4,5,6.0,6.0,6.0000000000000036,1.0000000000000007,3,1,1.0
8,3,4,6,6.0,4.82842712474619,4.47213595499958,0.9262096826685897,2,2,1.0
8,3,4,7,6.0,6.0,6.0,1.0,3,1,1.0
8,3,5,0,6.0,6.0,6.0,1.0,3,1,1.0
8,3,5,1,6.0,6.0,6.0,1.0,3,1,1.0
8,3,5,2,6.0,6.0,6.0,1.0,3,1,1.0
8,3,5,3,6.0,6.0,6.0,1.0,3,1,1.0
8,3,5,4,6.0,4.82842712474619,4.828427124746193,1.0000000000000007,2,2,1.0
8,3,5,5,6.0,6.0,6.0,1.0,3,1,1.0
8,3,5,6,6.0,4.82842712474619,4.8284271247461925,1.0000000000000004,2,2,1.0
8,3,5,7,6.0,6.0,6.0,1.0,3,1,1.0
9,3,0,0,6.0,6.0,6.0,1.0,3,1,1.0
9,3,0,1,6.0,6.0,4.0,0.6666666666666666,3,1,1.0
9,3,0,2,6.0,6.0,6.0,1.0,3,1,1.0
9,3,0,3,6.0,6.0,6.0,1.0,3,1,1.0
9,3,0,4,6.0,6.0,6.0,1.0,3,1,1.0
9,3,0,5,6.0,4.82842712474619,4.47213595499958,0.9262096826685897,2,2,1.0
9,3,0,6,6.0,4.82842712474619,4.82842712474619,1.0,2,2,1.0
9,3,0,7,6.0,6.0,6.0,1.0,3,1,1.0
9,3,0,8,6.0,4.82842712474619,4.82842712474619,1.0,2,2,1.0
9,3,1,0,6.0,4.82842712474619,4.82842712474619,1.0,2,2,1.0
9,3,1,1,6.0,6.0,6.0,1.0,3,1,1.0
9,3,1,2,6.0,6.0,6.0,1.0,3,1,1.0
9,3,1,3,6.0,6.0,6.0,1.0,3,1,1.0
9,3,1,4,6.0,6.0,6.0,1.0,3,1,1.0
9,3,1,5,6.0,6.0,6.0,1.0,3,1,1.0
9,3,1,6,6.0,6.0,6.0,1.0,3,1,1.0
9,3,1,7,6.0,6.0,6.0,1.0,3,1,1.0
9,3,1,8,6.0,6.0,6.0,1.0,3,1,1.0
9,3,2,0,6.0,6.0,6.0,1.0,3,1,1.0
9,3,2,1,6.0,4.82842712474619,4.82842712474619,1.0,2,2,1.0
9,3,2,2,6.0,6.0,6.0,1.0,3,1,1.0
9,3,2,3,6.0,6.0,6.0,1.0,3,1,1.0
9,3,2,4,6.0,6.0,6.0,1.0,3,1,1.0
9,3,2,5,6.0,6.0,6.0,1.0,3,1,1.0
9,3,2,6,6.0,6.0,6.0,1.0,3,1,1.0
9,3,2,7,6.0,6.0,6.0,1.0,3,1,1.0
9,3,2,8,6.0,6.0,6.0,1.0,3,1,1.0
9,3,3,0,6.0,6.0,6.0,1.0,3,1,1.0
9,3,3,1,6.0,6.0,6.0,1.0,3,1,1.0
9,3,3,2,6.0,6.0,6.0,1.0,3,1,1.0
9,3,3,3,6.0,6.0,6.0,1.0,3,1,1.0
9,3,3,4,6.0,4.82842712474619,4.82842712474619,1.0,2,2,1.0
9,3,3,5,6.0,6.0,6.0,1.0,3,1,1.0
9,3,3,6,6.0,6.0,6.0,1.0,3,1,1.0
9,3,3,7,6.0,6.0,6.0,1.0,3,1,1.0
9,3,3,8,6.0,6.0,6.0,1.0,3,1,1.0
9,3,4,0,6.0,4.82842712474619,4.82842712474619,1.0,2,2,1.0
9,3,4,1,6.0,4.82842712474619,4.82842712474619,1.0,2,2,1.0
9,3,4,2,6.0,6.0,6.0,1.0,3,1,1.0
9,3,4,3,6.0,6.0,6.0,1.0,3,1,1.0
9,3,4,4,6.0,4.82842712474619,4.82842712474619,1.0,2,2,1.0
9,3,4,5,6.0,4.82842712474619,4.82842712474619,1.0,2,2,1.0
9,3,4,6,6.0,6.0,6.0,1.0,3,1,1.0
9,3,4,7,6.0,6.0,6.0,1.0,3,1,1.0
9,3,4,8,6.0,6.0,6.0,1.0,3,1,1.0
9,3,5,0,6.0,6.0,6.0,1.0,3,1,1.0
9,3,5,1,6.0,6.0,6.0,1.0,3,1,1.0
9,3,5,2,6.0,6.0,6.0,1.0,3,1,1.0
9,3,5,3,6.0,6.0,6.0,1.0,3,1,1.0
9,3,5,4,6.0,6.0,6.0,1.0,3,1,1.0
9,3,5,5,6.0,6.0,6.000000000000007,1.000000000000001,3,1,1.0
9,3,5,6,6.0,4.82842712474619,4.47213595499958,0.9262096826685897,2,2,1.0
9,3,5,7,6.0,6.0,6.0,1.0,3,1,1.0
9,3,5,8,6.0,6.0,6.000000000000003,1.0000000000000004,3,1,1.0
10,3,0,0,6.0,6.0,6.0,1.0,3,1,1.0
10,3,0,1,6.0,6.0,6.0,1.0,3,1,1.0
10,3,0,2,6.0,6.0,6.0,1.0,3,1,1.0
10,3,0,3,6.0,4.82842712474619,4.82842712474619,1.0,2,2,1.0
10,3,0,4,6.0,6.0,6.0,1.0,3,1,1.0
10,3,0,5,6.0,6.0,6.0,1.0,3,1,1.0
10,3,0,6,6.0,6.0,6.0,1.0,3,1,1.0
10,3,0,7,6.0,6.0,6.0,1.0,3,1,1.0
10,3,0,8,6.0,6.0,6.0,1.0,3,1,1.0
10,3,0,9,6.0,6.0,6.0,1.0,3,1,1.0
10,3,1,0,6.0,6.0,6.0,1.0,3,1,1.0
10,3,1,1,6.0,6.0,6.0,1.0,3,1,1.0
10,3,1,2,6.0,6.0,6.0,1.0,3,1,1.0
10,3,1,3,6.0,6.0,6.0,1.0,3,1,1.0
10,3,1,4,6.0,6.0,6.0,1.0,3,1,1.0
10,3,1,5,6.0,6.0,6.0,1.0,3,1,1.0
10,3,1,6,6.0,6.0,6.0,1.0,3,1,1.0
10,3,1,7,6.0,4.82842712474619,4.82842712474619,1.0,2,2,1.0
10,3,1,8,6.0,6.0,6.0,1.0,3,1,1.0
10,3,1,9,6.0,6.0,6.0,1.0,3,1,1.0
10,3,2,0,6.0,6.0,6.0,1.0,3,1,1.0
10,3,2,1,6.0,6.0,6.0,1.0,3,1,1.0
10,3,2,2,6.0,4.82842712474619,4.82842712474619,1.0,2,2,1.0
10,3,2,3,6.0,4.82842712474619,4.82842712474619,1.0,2,2,1.0
10,3,2,4,6.0,6.0,6.0,1.0,3,1,1.0
10,3,2,5,6.0,6.0,6.0,1.0,3,1,1.0
10,3,2,6,6.0,6.0,6.000000000000005,1.0000000000000009,3,1,1.0
10,3,2,7,6.0,6.0,6.0,1.0,3,1,1.0
10,3,2,8,6.0,6.0,6.0,1.0,3,1,1.0
10,3,2,9,6.0,6.0,6.0,1.0,3,1,1.0
10,3,3,0,6.0,4.82842712474619,4.47213595499958,0.9262096826685897,2,2,1.0
10,3,3,1,6.0,6.0,6.0,1.0,3,1,1.0
10,3,3,2,6.0,4.82842712474619,4.47213595499958,0.9262096826685897,2,2,1.0
10,3,3,3,6.0,6.0,6.0,1.0,3,1,1.0
10,3,3,4,6.0,4.82842712474619,4.828427124746197,1.0000000000000016,2,2,1.0
10,3,3,5,6.0,6.0,6.0,1.0,3,1,1.0
10,3,3,6,6.0,6.0,6.0,1.0,3,1,1.0
10,3,3,7,6.0,6.0,6.0,1.0,3,1,1.0
10,3,3,8,6.0,6.0,6.0,1.0,3,1,1.0
10,3,3,9,6.0,4.82842712474619,4.82842712474619,1.0,2,2,1.0
10,3,4,0,6.0,6.0,6.0,1.0,3,1,1.0
10,3,4,1,6.0,6.0,6.0,1.0,3,1,1.0
10,3,4,2,6.0,4.82842712474619,4.828427124746197,1.0000000000000016,2,2,1.0
10,3,4,3,6.0,6.0,6.0,1.0,3,1,1.0
10,3,4,4,6.0,6.0,6.0,1.0,3,1,1.0
10,3,4,5,6.0,6.0,6.0,1.0,3,1,1.0
10,3,4,6,6.0,6.0,6.0,1.0,3,1,1.0
10,3,4,7,6.0,6.0,6.0,1.0,3,1,1.0
10,3,4,8,6.0,6.0,6.0,1.0,3,1,1.0
10,3,4,9,6.0,6.0,6.0000000000000036,1.0000000000000007,3,1,1.0
10,3,5,0,6.0,6.0,6.000000000000005,1.0000000000000009,3,1,1.0
10,3,5,1,6.0,6.0,6.0000000000000036,1.0000000000000007,3,1,1.0
10,3,5,2,6.0,6.0,6.0,1.0,3,1,1.0
10,3,5,3,6.0,4.82842712474619,4.82842712474619,1.0,2,2,1.0
10,3,5,4,6.0,6.0,6.0,1.0,3,1,1.0
10,3,5,5,6.0,6.0,6.0,1.0,3,1,1.0
10,3,5,6,6.0,6.0,6.0,1.0,3,1,1.0
10,3,5,7,6.0,6.0,6.0,1.0,3,1,1.0
10,3,5,8,6.0,4.82842712474619,4.828427124746197,1.0000000000000016,2,2,1.0
10,3,5,9,6.0,6.0,6.0,1.0,3,1,1.0
1,4,0,0,8.0,8.0,8.0,1.0,4,1,1.0
1,4,1,0,8.0,6.82842712474619,6.82842712474619,1.0,3,2,1.0
1,4,2,0,8.0,8.0,8.0,1.0,4,1,1.0
1,4,3,0,8.0,8.0,6.0,0.75,4,1,1.0
1,4,4,0,8.0,8.0,8.0,1.0,4,1,1.0
1,4,5,0,8.0,6.82842712474619,6.828427124746193,1.0000000000000004,3,2,1.0
2,4,0,0,8.0,8.0,8.0,1.0,4,1,1.0
2,4,0,1,8.0,6.82842712474619,6.82842712474619,1.0,3,2,1.0
2,4,1,0,8.0,8.0,8.0,1.0,4,1,1.0
2,4,1,1,8.0,8.0,8.0,1.0,4,1,1.0
2,4,2,0,8.0,6.82842712474619,6.82842712474619,1.0,3,2,1.0
2,4,2,1,8.0,6.82842712474619,6.828427124746202,1.0000000000000018,3,2,1.0
2,4,3,0,8.0,6.82842712474619,6.82842712474619,1.0,3,2,1.0
2,4,3,1,8.0,8.0,8.0,1.0,4,1,1.0
2,4,4,0,8.0,8.0,8.0,1.0,4,1,1.0
2,4,4,1,8.0,8.0,8.0,1.0,4,1,1.0
2,4,5,0,8.0,6.82842712474619,6.47213595499958,0.9478223662290526,3,2,1.0
2,4,5,1,8.0,8.0,8.000000000000007,1.0000000000000009,4,1,1.0
3,4,0,0,8.0,8.0,8.0,1.0,4,1,1.0
3,4,0,1,8.0,6.82842712474619,6.82842712474619,1.0,3,2,1.0
3,4,0,2,8.0,8.0,8.0,1.0,4,1,1.0
3,4,1,0,8.0,6.82842712474619,6.47213595499958,0.9478223662290526,3,2,1.0
3,4,1,1,8.0,8.0,8.0,1.0,4,1,1.0
3,4,1,2,8.0,8.0,8.0,1.0,4,1,1.0
3,4,2,0,8.0,8.0,8.0,1.0,4,1,1.0
3,4,2,1,8.0,8.0,8.0,1.0,4,1,1.0
3,4,2,2,8.0,6.82842712474619,6.82842712474619,1.0,3,2,1.0
3,4,3,0,8.0,6.82842712474619,6.82842712474619,1.0,3,2,1.0
3,4,3,1,8.0,6.82842712474619,6.82842712474619,1.0,3,2,1.0
3,4,3,2,8.0,8.0,8.0,1.0,4,1,1.0
3,4,4,0,8.0,6.82842712474619,6.828427124746194,1.0000000000000007,3,2,1.0
3,4,4,1,8.0,8.0,8.0,1.0,4,1,1.0
3,4,4,2,8.0,6.82842712474619,6.47213595499958,0.9478223662290526,3,2,1.0
3,4,5,0,8.0,6.82842712474619,6.472135954999583,0.9478223662290531,3,2,1.0
3,4,5,1,8.0,8.0,8.0,1.0,4,1,1.0
3,4,5,2,8.0,6.82842712474619,6.82842712474619,1.0,3,2,1.0
4,4,0,0,8.0,8.0,8.0,1.0,4,1,1.0
4,4,0,1,8.0,8.0,8.0,1.0,4,1,1.0
4,4,0,2,8.0,8.0,8.0,1.0,4,1,1.0
4,4,0,3,8.0,8.0,8.0,1.0,4,1,1.0
4,4,1,0,8.0,8.0,8.0,1.0,4,1,1.0
4,4,1,1,8.0,8.0,8.0,1.0,4,1,1.0
4,4,1,2,8.0,6.82842712474619,6.82842712474619,1.0,3,2,1.0
4,4,1,3,8.0,8.0,8.000000000000005,1.0000000000000007,4,1,1.0
4,4,2,0,8.0,6.82842712474619,6.82842712474619,1.0,3,2,1.0
4,4,2,1,8.0,6.82842712474619,6.828427124746191,1.0000000000000002,3,2,1.0
4,4,2,2,8.0,6.82842712474619,6.47213595499958,0.9478223662290526,3,2,1.0
4,4,2,3,8.0,8.0,8.0,1.0,4,1,1.0
4,4,3,0,8.0,8.0,8.0,1.0,4,1,1.0
4,4,3,1,8.0,8.0,8.0,1.0,4,1,1.0
4,4,3,2,8.0,8.0,8.0,1.0,4,1,1.0
4,4,3,3,8.0,8.0,8.0,1.0,4,1,1.0
4,4,4,0,8.0,8.0,8.0,1.0,4,1,1.0
4,4,4,1,8.0,6.82842712474619,6.828427124746201,1.0000000000000018,3,2,1.0
4,4,4,2,8.0,6.82842712474619,6.82842712474619,1.0,3,2,1.0
4,4,4,3,8.0,8.0,8.0,1.0,4,1,1.0
4,4,5,0,8.0,8.0,8.0,1.0,4,1,1.0
4,4,5,1,8.0,6.82842712474619,6.47213595499958,0.9478223662290526,3,2,1.0
4,4,5,2,8.0,8.0,6.0,0.75,4,1,1.0
4,4,5,3,8.0,8.0,8.0,1.0,4,1,1.0
5,4,0,0,8.0,8.0,8.0,1.0,4,1,1.0
5,4,0,1,8.0,6.82842712474619,6.828427124746202,1.0000000000000018,3,2,1.0
5,4,0,2,8.0,8.0,8.0,1.0,4,1,1.0
5,4,0,3,8.0,6.82842712474619,6.828427124746195,1.0000000000000009,3,2,1.0
5,4,0,4,8.0,8.0,8.0,1.0,4,1,1.0
5,4,1,0,8.0,8.0,8.000000000000007,1.0000000000000009,4,1,1.0
5,4,1,1,8.0,8.0,8.0,1.0,4,1,1.0
5,4,1,2,8.0,8.0,8.000000000000002,1.0000000000000002,4,1,1.0
5,4,1,3,8.0,6.82842712474619,6.82842712474619,1.0,3,2,1.0
5,4,1,4,8.0,6.82842712474619,6.82842712474619,1.0,3,2,1.0
5,4,2,0,8.0,8.0,8.0,1.0,4,1,1.0
5,4,2,1,8.0,8.0,8.0,1.0,4,1,1.0
5,4,2,2,8.0,8.0,8.0,1.0,4,1,1.0
5,4,2,3,8.0,8.0,8.0,1.0,4,1,1.0
5,4,2,4,8.0,8.0,8.0,1.0,4,1,1.0
5,4,3,0,8.0,8.0,8.0,1.0,4,1,1.0
5,4,3,1,8.0,8.0,8.0,1.0,4,1,1.0
5,4,3,2,8.0,6.82842712474619,6.828427124746199,1.0000000000000013,3,2,1.0
5,4,3,3,8.0,8.0,8.0,1.0,4,1,1.0
5,4,3,4,8.0,6.82842712474619,6.82842712474619,1.0,3,2,1.0
5,4,4,0,8.0,8.0,8.0,1.0,4,1,1.0
5,4,4,1,8.0,8.0,8.0,1.0,4,1,1.0
5,4,4,2,8.0,8.0,8.0,1.0,4,1,1.0
5,4,4,3,8.0,6.82842712474619,6.47213595499958,0.9478223662290526,3,2,1.0
5,4,4,4,8.0,6.82842712474619,6.82842712474619,1.0,3,2,1.0
5,4,5,0,8.0,8.0,8.0,1.0,4,1,1.0
5,4,5,1,8.0,8.0,8.0,1.0,4,1,1.0
5,4,5,2,8.0,5.656854249492381,5.464101615137761,0.9659258262890693,2,2,1.2071067811865475
5,4,5,3,8.0,8.0,8.0,1.0,4,1,1.0
5,4,5,4,8.0,8.0,8.0,1.0,4,1,1.0
6,4,0,0,8.0,8.0,8.0,1.0,4,1,1.0
6,4,0,1,8.0,8.0,8.0,1.0,4,1,1.0
6,4,0,2,8.0,6.82842712474619,6.47213595499958,0.9478223662290526,3,2,1.0
6,4,0,3,8.0,8.0,8.0,1.0,4,1,1.0
6,4,0,4,8.0,6.82842712474619,6.82842712474619,1.0,3,2,1.0
6,4,0,5,8.0,8.0,8.0,1.0,4,1,1.0
6,4,1,0,8.0,8.0,8.0,1.0,4,1,1.0
6,4,1,1,8.0,8.0,8.0,1.0,4,1,1.0
6,4,1,2,8.0,8.0,8.000000000000007,1.0000000000000009,4,1,1.0
6,4,1,3,8.0,8.0,8.0,1.0,4,1,1.0
6,4,1,4,8.0,8.0,6.0,0.75,4,1,1.0
6,4,1,5,8.0,8.0,8.0,1.0,4,1,1.0
6,4,2,0,8.0,8.0,8.0,1.0,4,1,1.0
6,4,2,1,8.0,8.0,8.0,1.0,4,1,1.0
6,4,2,2,8.0,6.82842712474619,6.82842712474619,1.0,3,2,1.0
6,4,2,3,8.0,8.0,8.0,1.0,4,1,1.0
6,4,2,4,8.0,6.82842712474619,6.82842712474619,1.0,3,2,1.0
6,4,2,5,8.0,8.0,6.0,0.75,4,1,1.0
6,4,3,0,8.0,5.656854249492381,5.656854249492389,1.0000000000000013,2,2,1.0
6,4,3,1,8.0,6.82842712474619,6.47213595499959,0.9478223662290541,3,2,1.0
6,4,3,2,8.0,6.82842712474619,6.47213595499958,0.9478223662290526,3,2,1.0
6,4,3,3,8.0,6.82842712474619,6.82842712474619,1.0,3,2,1.0
6,4,3,4,8.0,6.82842712474619,6.47213595499958,0.9478223662290526,3,2,1.0
6,4,3,5,8.0,8.0,6.0,0.75,4,1,1.0
6,4,4,0,8.0,6.82842712474619,6.828427124746199,1.0000000000000013,3,2,1.0
6,4,4,1,8.0,6.82842712474619,6.82842712474619,1.0,3,2,1.0
6,4,4,2,8.0,8.0,8.0,1.0,4,1,1.0
6,4,4,3,8.0,6.82842712474619,6.82842712474619,1.0,3,2,1.0
6,4,4,4,8.0,8.0,8.0,1.0,4,1,1.0
6,4,4,5,8.0,8.0,8.0,1.0,4,1,1.0
6,4,5,0,8.0,6.82842712474619,6.82842712474619,1.0,3,2,1.0
6,4,5,1,8.0,6.82842712474619,6.82842712474619,1.0,3,2,1.0
6,4,5,2,8.0,6.82842712474619,6.82842712474619,1.0,3,2,1.0
6,4,5,3,8.0,6.82842712474619,6.828427124746191,1.0000000000000002,3,2,1.0
6,4,5,4,8.0,8.0,8.0,1.0,4,1,1.0
6,4,5,5,8.0,8.0,8.0,1.0,4,1,1.0
7,4,0,0,8.0,5.656854249492381,5.656854249492385,1.0000000000000009,2,2,1.0
7,4,0,1,8.0,8.0,8.0,1.0,4,1,1.0
7,4,0,2,8.0,8.0,8.0,1.0,4,1,1.0
7,4,0,3,8.0,8.0,8.0,1.0,4,1,1.0
7,4,0,4,8.0,6.82842712474619,6.82842712474619,1.0,3,2,1.0
7,4,0,5,8.0,8.0,8.00000000000001,1.0000000000000013,4,1,1.0
7,4,0,6,8.0,6.82842712474619,6.82842712474619,1.0,3,2,1.0
7,4,1,0,8.0,8.0,8.0,1.0,4,1,1.0
7,4,1,1,8.0,6.82842712474619,6.82842712474619,1.0,3,2,1.0
7,4,1,2,8.0,6.82842712474619,6.828427124746195,1.0000000000000009,3,2,1.0
7,4,1,3,8.0,8.0,8.0,1.0,4,1,1.0
7,4,1,4,8.0,8.0,8.0,1.0,4,1,1.0
7,4,1,5,8.0,8.0,8.0,1.0,4,1,1.0
7,4,1,6,8.0,8.0,8.0,1.0,4,1,1.0
7,4,2,0,8.0,5.656854249492381,5.6568542494923815,1.0000000000000002,2,2,1.0
7,4,2,1,8.0,8.0,8.0,1.0,4,1,1.0
7,4,2,2,8.0,8.0,8.0,1.0,4,1,1.0
7,4,2,3,8.0,6.82842712474619,6.82842712474619,1.0,3,2,1.0
7,4,2,4,8.0,8.0,8.0,1.0,4,1,1.0
7,4,2,5,8.0,8.0,8.0,1.0,4,1,1.0
7,4,2,6,8.0,8.0,8.0,1.0,4,1,1.0
7,4,3,0,8.0,8.0,8.0,1.0,4,1,1.0
7,4,3,1,8.0,8.0,8.0,1.0,4,1,1.0
7,4,3,2,8.0,8.0,8.0,1.0,4,1,1.0
7,4,3,3,8.0,8.0,8.000000000000002,1.0000000000000002,4,1,1.0
7,4,3,4,8.0,8.0,8.0,1.0,4,1,1.0
7,4,3,5,8.0,6.82842712474619,6.82842712474619,1.0,3,2,1.0
7,4,3,6,8.0,6.82842712474619,6.82842712474619,1.0,3,2,1.0
7,4,4,0,8.0,8.0,8.0,1.0,4,1,1.0
7,4,4,1,8.0,8.0,8.0,1.0,4,1,1.0
7,4,4,2,8.0,6.82842712474619,6.472135954999589,0.947822366229054,3,2,1.0
7,4,4,3,8.0,8.0,8.0,1.0,4,1,1.0
7,4,4,4,8.0,6.82842712474619,6.828427124746195,1.0000000000000009,3,2,1.0
7,4,4,5,8.0,6.82842712474619,6.828427124746196,1.0000000000000009,3,2,1.0
7,4,4,6,8.0,8.0,8.0,1.0,4,1,1.0
7,4,5,0,8.0,8.0,8.0,1.0,4,1,1.0
7,4,5,1,8.0,8.0,8.0,1.0,4,1,1.0
7,4,5,2,8.0,8.0,8.0,1.0,4,1,1.0
7,4,5,3,8.0,8.0,8.0,1.0,4,1,1.0
7,4,5,4,8.0,6.82842712474619,6.82842712474619,1.0,3,2,1.0
7,4,5,5,8.0,8.0,8.0,1.0,4,1,1.0
7,4,5,6,8.0,6.82842712474619,6.47213595499958,0.9478223662290526,3,2,1.0
8,4,0,0,8.0,8.0,8.0,1.0,4,1,1.0
8,4,0,1,8.0,6.82842712474619,6.47213595499958,0.9478223662290526,3,2,1.0
8,4,0,2,8.0,8.0,8.000000000000007,1.0000000000000009,4,1,1.0
8,4,0,3,8.0,8.0,8.0,1.0,4,1,1.0
8,4,0,4,8.0,8.0,8.0,1.0,4,1,1.0
8,4,0,5,8.0,5.656854249492381,5.656854249492384,1.0000000000000007,2,2,1.0
8,4,0,6,8.0,6.82842712474619,6.82842712474619,1.0,3,2,1.0
8,4,0,7,8.0,8.0,8.0,1.0,4,1,1.0
8,4,1,0,8.0,8.0,8.0,1.0,4,1,1.0
8,4,1,1,8.0,6.82842712474619,6.82842712474619,1.0,3,2,1.0
8,4,1,2,8.0,8.0,8.0,1.0,4,1,1.0
8,4,1,3,8.0,6.82842712474619,6.82842712474619,1.0,3,2,1.0
8,4,1,4,8.0,8.0,8.0,1.0,4,1,1.0
8,4,1,5,8.0,8.0,8.0,1.0,4,1,1.0
8,4,1,6,8.0,8.0,8.0,1.0,4,1,1.0
8,4,1,7,8.0,6.82842712474619,6.82842712474619,1.0,3,2,1.0
8,4,2,0,8.0,8.0,6.0,0.75,4,1,1.0
8,4,2,1,8.0,8.0,8.000000000000016,1.000000000000002,4,1,1.0
8,4,2,2,8.0,8.0,8.0,1.0,4,1,1.0
8,4,2,3,8.0,6.82842712474619,6.82842712474619,1.0,3,2,1.0
8,4,2,4,8.0,8.0,8.0,1.0,4,1,1.0
8,4,2,5,8.0,6.82842712474619,6.82842712474619,1.0,3,2,1.0
8,4,2,6,8.0,6.82842712474619,6.82842712474619,1.0,3,2,1.0
8,4,2,7,8.0,6.82842712474619,6.82842712474619,1.0,3,2,1.0
8,4,3,0,8.0,6.82842712474619,6.82842712474619,1.0,3,2,1.0
8,4,3,1,8.0,8.0,8.0,1.0,4,1,1.0
8,4,3,2,8.0,8.0,8.0,1.0,4,1,1.0
8,4,3,3,8.0,8.0,8.0,1.0,4,1,1.0
8,4,3,4,8.0,8.0,8.000000000000004,1.0000000000000004,4,1,1.0
8,4,3,5,8.0,8.0,8.0,1.0,4,1,1.0
8,4,3,6,8.0,8.0,8.0,1.0,4,1,1.0
8,4,3,7,8.0,8.0,8.0,1.0,4,1,1.0
8,4,4,0,8.0,8.0,8.0,1.0,4,1,1.0
8,4,4,1,8.0,8.0,8.0,1.0,4,1,1.0
8,4,4,2,8.0,8.0,8.0,1.0,4,1,1.0
8,4,4,3,8.0,6.82842712474619,6.82842712474619,1.0,3,2,1.0
8,4,4,4,8.0,6.82842712474619,6.47213595499958,0.9478223662290526,3,2,1.0
8,4,4,5,8.0,6.82842712474619,6.82842712474619,1.0,3,2,1.0
8,4,4,6,8.0,6.82842712474619,6.82842712474619,1.0,3,2,1.0
8,4,4,7,8.0,8.0,8.0,1.0,4,1,1.0
8,4,5,0,8.0,8.0,8.0,1.0,4,1,1.0
8,4,5,1,8.0,8.0,8.0,1.0,4,1,1.0
8,4,5,2,8.0,6.82842712474619,6.82842712474619,1.0,3,2,1.0
8,4,5,3,8.0,8.0,8.0,1.0,4,1,1.0
8,4,5,4,8.0,8.0,8.0,1.0,4,1,1.0
8,4,5,5,8.0,5.656854249492381,5.656854249492385,1.0000000000000009,2,2,1.0
8,4,5,6,8.0,8.0,8.0,1.0,4,1,1.0
8,4,5,7,8.0,8.0,8.0,1.0,4,1,1.0
9,4,0,0,8.0,8.0,6.0,0.75,4,1,1.0
9,4,0,1,8.0,8.0,6.0,0.75,4,1,1.0
9,4,0,2,8.0,6.82842712474619,6.82842712474619,1.0,3,2,1.0
9,4,0,3,8.0,8.0,8.0,1.0,4,1,1.0
9,4,0,4,8.0,8.0,8.0,1.0,4,1,1.0
9,4,0,5,8.0,8.0,6.0,0.75,4,1,1.0
9,4,0,6,8.0,8.0,8.0,1.0,4,1,1.0
9,4,0,7,8.0,6.82842712474619,6.82842712474619,1.0,3,2,1.0
9,4,0,8,8.0,8.0,8.0,1.0,4,1,1.0
9,4,1,0,8.0,6.82842712474619,6.828427124746195,1.0000000000000009,3,2,1.0
9,4,1,1,8.0,6.82842712474619,6.47213595499958,0.9478223662290526,3,2,1.0
9,4,1,2,8.0,8.0,8.0,1.0,4,1,1.0
9,4,1,3,8.0,5.656854249492381,5.464101615137768,0.9659258262890705,2,2,1.0
9,4,1,4,8.0,6.82842712474619,6.82842712474619,1.0,3,2,1.0
9,4,1,5,8.0,8.0,8.0,1.0,4,1,1.0
9,4,1,6,8.0,8.0,8.0,1.0,4,1,1.0
9,4,1,7,8.0,6.82842712474619,6.82842712474619,1.0,3,2,1.0
9,4,1,8,8.0,8.0,8.0,1.0,4,1,1.0
9,4,2,0,8.0,6.82842712474619,6.82842712474619,1.0,3,2,1.0
9,4,2,1,8.0,6.82842712474619,6.4721359549995885,0.9478223662290539,3,2,1.0
9,4,2,2,8.0,8.0,8.0,1.0,4,1,1.0
9,4,2,3,8.0,8.0,8.0,1.0,4,1,1.0
9,4,2,4,8.0,8.0,8.0,1.0,4,1,1.0
9,4,2,5,8.0,6.82842712474619,6.82842712474619,1.0,3,2,1.0
9,4,2,6,8.0,6.82842712474619,6.82842712474619,1.0,3,2,1.0
9,4,2,7,8.0,8.0,8.0,1.0,4,1,1.0
9,4,2,8,8.0,8.0,8.0,1.0,4,1,1.0
9,4,3,0,8.0,6.82842712474619,6.828427124746194,1.0000000000000007,3,2,1.0
9,4,3,1,8.0,8.0,6.0,0.75,4,1,1.0
9,4,3,2,8.0,8.0,8.0,1.0,4,1,1.0
9,4,3,3,8.0,8.0,8.0,1.0,4,1,1.0
9,4,3,4,8.0,6.82842712474619,6.47213595499958,0.9478223662290526,3,2,1.0
9,4,3,5,8.0,8.0,8.0,1.0,4,1,1.0
9,4,3,6,8.0,8.0,8.0,1.0,4,1,1.0
9,4,3,7,8.0,8.0,8.0,1.0,4,1,1.0
9,4,3,8,8.0,8.0,8.0,1.0,4,1,1.0
9,4,4,0,8.0,6.82842712474619,6.82842712474619,1.0,3,2,1.0
9,4,4,1,8.0,8.0,8.0,1.0,4,1,1.0
9,4,4,2,8.0,8.0,8.0,1.0,4,1,1.0
9,4,4,3,8.0,8.0,8.0,1.0,4,1,1.0
9,4,4,4,8.0,8.0,8.0,1.0,4,1,1.0
9,4,4,5,8.0,8.0,8.0,1.0,4,1,1.0
9,4,4,6,8.0,8.0,8.0,1.0,4,1,1.0
9,4,4,7,8.0,8.0,6.0,0.75,4,1,1.0
9,4,4,8,8.0,8.0,8.0,1.0,4,1,1.0
9,4,5,0,8.0,8.0,8.0,1.0,4,1,1.0
9,4,5,1,8.0,8.0,8.0,1.0,4,1,1.0
9,4,5,2,8.0,8.0,8.0,1.0,4,1,1.0
9,4,5,3,8.0,6.82842712474619,6.828427124746206,1.0000000000000024,3,2,1.0
9,4,5,4,8.0,8.0,8.0,1.0,4,1,1.0
9,4,5,5,8.0,6.82842712474619,6.82842712474619,1.0,3,2,1.0
9,4,5,6,8.0,6.82842712474619,6.47213595499958,0.9478223662290526,3,2,1.0
9,4,5,7,8.0,8.0,8.0,1.0,4,1,1.0
9,4,5,8,8.0,8.0,8.0,1.0,4,1,1.0
10,4,0,0,8.0,8.0,8.0,1.0,4,1,1.0
10,4,0,1,8.0,6.82842712474619,6.82842712474619,1.0,3,2,1.0
10,4,0,2,8.0,8.0,8.0,1.0,4,1,1.0
10,4,0,3,8.0,6.82842712474619,6.82842712474619,1.0,3,2,1.0
10,4,0,4,8.0,6.82842712474619,6.47213595499958,0.9478223662290526,3,2,1.0
10,4,0,5,8.0,6.82842712474619,6.47213595499958,0.9478223662290526,3,2,1.0
10,4,0,6,8.0,6.82842712474619,6.82842712474619,1.0,3,2,1.0
10,4,0,7,8.0,8.0,8.0,1.0,4,1,1.0
10,4,0,8,8.0,6.82842712474619,6.82842712474619,1.0,3,2,1.0
10,4,0,9,8.0,8.0,8.0,1.0,4,1,1.0
10,4,1,0,8.0,6.82842712474619,6.82842712474619,1.0,3,2,1.0
10,4,1,1,8.0,8.0,8.0,1.0,4,1,1.0
10,4,1,2,8.0,8.0,8.0,1.0,4,1,1.0
10,4,1,3,8.0,6.82842712474619,6.82842712474619,1.0,3,2,1.0
10,4,1,4,8.0,8.0,8.0,1.0,4,1,1.0
10,4,1,5,8.0,6.82842712474619,6.82842712474619,1.0,3,2,1.0
10,4,1,6,8.0,6.82842712474619,6.47213595499958,0.9478223662290526,3,2,1.0
10,4,1,7,8.0,6.82842712474619,6.82842712474619,1.0,3,2,1.0
10,4,1,8,8.0,6.82842712474619,6.47213595499958,0.9478223662290526,3,2,1.0
10,4,1,9,8.0,8.0,8.0,1.0,4,1,1.0
10,4,2,0,8.0,6.82842712474619,6.82842712474619,1.0,3,2,1.0
10,4,2,1,8.0,8.0,8.0,1.0,4,1,1.0
10,4,2,2,8.0,5.656854249492381,5.656854249492387,1.000000000000001,2,2,1.0
10,4,2,3,8.0,6.82842712474619,6.472135954999585,0.9478223662290534,3,2,1.0
10,4,2,4,8.0,8.0,8.00000000000001,1.0000000000000013,4,1,1.0
10,4,2,5,8.0,8.0,8.0,1.0,4,1,1.0
10,4,2,6,8.0,5.656854249492381,5.65685424949239,1.0000000000000018,2,2,1.0
10,4,2,7,8.0,8.0,8.0,1.0,4,1,1.0
10,4,2,8,8.0,8.0,6.0,0.75,4,1,1.0
10,4,2,9,8.0,8.0,8.0,1.0,4,1,1.0
10,4,3,0,8.0,6.82842712474619,6.82842712474619,1.0,3,2,1.0
10,4,3,1,8.0,8.0,8.0,1.0,4,1,1.0
10,4,3,2,8.0,6.82842712474619,6.82842712474619,1.0,3,2,1.0
10,4,3,3,8.0,8.0,8.0,1.0,4,1,1.0
10,4,3,4,8.0,8.0,8.0,1.0,4,1,1.0
10,4,3,5,8.0,8.0,8.0,1.0,4,1,1.0
10,4,3,6,8.0,6.82842712474619,6.324555320336759,0.9262096826685897,3,2,1.0
10,4,3,7,8.0,8.0,8.0,1.0,4,1,1.0
10,4,3,8,8.0,8.0,8.0,1.0,4,1,1.0
10,4,3,9,8.0,6.82842712474619,6.82842712474619,1.0,3,2,1.0
10,4,4,0,8.0,6.82842712474619,6.82842712474619,1.0,3,2,1.0
10,4,4,1,8.0,6.82842712474619,6.828427124746205,1.0000000000000022,3,2,1.0
10,4,4,2,8.0,6.82842712474619,6.82842712474619,1.0,3,2,1.0
10,4,4,3,8.0,6.82842712474619,6.82842712474619,1.0,3,2,1.0
10,4,4,4,8.0,8.0,8.0,1.0,4,1,1.0
10,4,4,5,8.0,6.82842712474619,6.82842712474619,1.0,3,2,1.0
10,4,4,6,8.0,8.0,8.0,1.0,4,1,1.0
10,4,4,7,8.0,5.656854249492381,5.464101615137759,0.965925826289069,2,2,1.2071067811865475
10,4,4,8,8.0,6.82842712474619,6.82842712474619,1.0,3,2,1.0
10,4,4,9,8.0,8.0,8.0,1.0,4,1,1.0
10,4,5,0,8.0,6.82842712474619,6.82842712474619,1.0,3,2,1.0
10,4,5,1,8.0,8.0,8.0,1.0,4,1,1.0
10,4,5,2,8.0,8.0,8.0,1.0,4,1,1.0
10,4,5,3,8.0,6.82842712474619,6.82842712474619,1.0,3,2,1.0
10,4,5,4,8.0,8.0,8.0,1.0,4,1,1.0
10,4,5,5,8.0,8.0,8.0,1.0,4,1,1.0
10,4,5,6,8.0,8.0,8.0,1.0,4,1,1.0
10,4,5,7,8.0,8.0,8.0,1.0,4,1,1.0
10,4,5,8,8.0,8.0,8.0,1.0,4,1,1.0
10,4,5,9,8.0,8.0,8.0,1.0,4,1,1.0
1,5,0,0,10.0,10.0,10.0,1.0,5,1,1.0
1,5,1,0,10.0,8.82842712474619,8.82842712474619,1.0,4,2,1.0
1,5,2,0,10.0,8.82842712474619,8.47213595499958,0.9596427353692571,4,2,1.0
1,5,3,0,10.0,10.0,10.0,1.0,5,1,1.0
1,5,4,0,10.0,8.82842712474619,8.472135954999587,0.9596427353692579,4,2,1.0
1,5,5,0,10.0,8.82842712474619,8.82842712474619,1.0,4,2,1.0
2,5,0,0,10.0,10.0,10.0,1.0,5,1,1.0
2,5,0,1,10.0,8.82842712474619,8.47213595499958,0.9596427353692571,4,2,1.0
2,5,1,0,10.0,10.0,10.0,1.0,5,1,1.0
2,5,1,1,10.0,10.0,10.0,1.0,5,1,1.0
2,5,2,0,10.0,8.82842712474619,8.82842712474619,1.0,4,2,1.0
2,5,2,1,10.0,10.0,10.0,1.0,5,1,1.0
2,5,3,0,10.0,8.82842712474619,8.82842712474619,1.0,4,2,1.0
2,5,3,1,10.0,8.82842712474619,8.246211251235321,0.9340521402868116,4,2,1.0
2,5,4,0,10.0,8.82842712474619,8.82842712474619,1.0,4,2,1.0
2,5,4,1,10.0,8.82842712474619,8.82842712474619,1.0,4,2,1.0
2,5,5,0,10.0,10.0,10.0,1.0,5,1,1.0
2,5,5,1,10.0,10.0,10.0,1.0,5,1,1.0
3,5,0,0,10.0,10.0,10.0,1.0,5,1,1.0
3,5,0,1,10.0,8.82842712474619,6.576491222541475,0.7449221848484754,4,2,1.0
3,5,0,2,10.0,10.0,10.0,1.0,5,1,1.0
3,5,1,0,10.0,10.0,8.0,0.8,5,1,1.0
3,5,1,1,10.0,8.82842712474619,8.82842712474619,1.0,4,2,1.0
3,5,1,2,10.0,8.82842712474619,8.82842712474619,1.0,4,2,1.0
3,5,2,0,10.0,10.0,10.0,1.0,5,1,1.0
3,5,2,1,10.0,10.0,10.0,1.0,5,1,1.0
3,5,2,2,10.0,8.82842712474619,8.82842712474619,1.0,4,2,1.0
3,5,3,0,10.0,10.0,10.0,1.0,5,1,1.0
3,5,3,1,10.0,8.82842712474619,8.472135954999594,0.9596427353692587,4,2,1.0
3,5,3,2,10.0,10.0,10.0,1.0,5,1,1.0
3,5,4,0,10.0,8.82842712474619,8.828427124746199,1.000000000000001,4,2,1.0
3,5,4,1,10.0,8.82842712474619,8.82842712474619,1.0,4,2,1.0
3,5,4,2,10.0,7.65685424949238,7.6568542494923975,1.0000000000000022,3,2,1.0000000000000002
3,5,5,0,10.0,8.82842712474619,8.82842712474619,1.0,4,2,1.0
3,5,5,1,10.0,10.0,10.0,1.0,5,1,1.0
3,5,5,2,10.0,8.82842712474619,8.47213595499958,0.9596427353692571,4,2,1.0
4,5,0,0,10.0,10.0,10.0,1.0,5,1,1.0
4,5,0,1,10.0,10.0,10.0,1.0,5,1,1.0
4,5,0,2,10.0,10.0,8.0,0.8,5,1,1.0
4,5,0,3,10.0,10.0,8.0,0.8,5,1,1.0
4,5,1,0,10.0,8.82842712474619,8.828427124746195,1.0000000000000007,4,2,1.0
4,5,1,1,10.0,8.82842712474619,8.472135954999587,0.9596427353692579,4,2,1.0
4,5,1,2,10.0,10.0,10.0,1.0,5,1,1.0
4,5,1,3,10.0,8.82842712474619,8.828427124746199,1.000000000000001,4,2,1.0
4,5,2,0,10.0,10.0,10.0,1.0,5,1,1.0
4,5,2,1,10.0,10.0,10.000000000000012,1.0000000000000013,5,1,1.0
4,5,2,2,10.0,8.82842712474619,8.82842712474621,1.0000000000000022,4,2,1.0
4,5,2,3,10.0,10.0,10.00000000000001,1.000000000000001,5,1,1.0
4,5,3,0,10.0,10.0,10.0,1.0,5,1,1.0
4,5,3,1,10.0,8.82842712474619,8.82842712474619,1.0,4,2,1.0
4,5,3,2,10.0,10.0,8.0,0.8,5,1,1.0
4,5,3,3,10.0,8.82842712474619,8.82842712474619,1.0,4,2,1.0
4,5,4,0,10.0,10.0,10.0,1.0,5,1,1.0
4,5,4,1,10.0,8.82842712474619,8.82842712474619,1.0,4,2,1.0
4,5,4,2,10.0,8.82842712474619,8.47213595499958,0.9596427353692571,4,2,1.0
4,5,4,3,10.0,10.0,8.0,0.8,5,1,1.0
4,5,5,0,10.0,7.65685424949238,7.656854249492389,1.000000000000001,3,2,1.0000000000000002
4,5,5,1,10.0,10.0,10.0,1.0,5,1,1.0
4,5,5,2,10.0,10.0,10.0,1.0,5,1,1.0
4,5,5,3,10.0,10.0,10.0,1.0,5,1,1.0
5,5,0,0,10.0,10.0,10.0,1.0,5,1,1.0
5,5,0,1,10.0,7.65685424949238,7.65685424949239,1.0000000000000013,3,2,1.0000000000000002
5,5,0,2,10.0,10.0,8.0,0.8,5,1,1.0
5,5,0,3,10.0,10.0,10.0,1.0,5,1,1.0
5,5,0,4,10.0,10.0,10.0,1.0,5,1,1.0
5,5,1,0,10.0,10.0,8.0,0.8,5,1,1.0
5,5,1,1,10.0,10.0,10.0,1.0,5,1,1.0
5,5,1,2,10.0,10.0,10.0,1.0,5,1,1.0
5,5,1,3,10.0,8.82842712474619,8.82842712474619,1.0,4,2,1.0
5,5,1,4,10.0,10.0,10.0,1.0,5,1,1.0
5,5,2,0,10.0,8.82842712474619,8.82842712474619,1.0,4,2,1.0
5,5,2,1,10.0,10.0,10.0,1.0,5,1,1.0
5,5,2,2,10.0,8.82842712474619,8.472135954999587,0.9596427353692579,4,2,1.0
5,5,2,3,10.0,8.82842712474619,8.47213595499958,0.9596427353692571,4,2,1.0
5,5,2,4,10.0,10.0,10.0,1.0,5,1,1.0
5,5,3,0,10.0,8.82842712474619,8.82842712474619,1.0,4,2,1.0
5,5,3,1,10.0,8.82842712474619,8.82842712474619,1.0,4,2,1.0
5,5,3,2,10.0,8.82842712474619,8.82842712474621,1.0000000000000022,4,2,1.0
5,5,3,3,10.0,8.82842712474619,8.82842712474619,1.0,4,2,1.0
5,5,3,4,10.0,7.65685424949238,7.656854249492396,1.000000000000002,3,2,1.0000000000000002
5,5,4,0,10.0,10.0,10.0,1.0,5,1,1.0
5,5,4,1,10.0,10.0,10.0,1.0,5,1,1.0
5,5,4,2,10.0,10.0,10.0,1.0,5,1,1.0
5,5,4,3,10.0,7.65685424949238,6.98791841486988,0.9126356839472494,3,2,1.0000000000000002
5,5,4,4,10.0,10.0,10.0,1.0,5,1,1.0
5,5,5,0,10.0,8.82842712474619,8.828427124746204,1.0000000000000016,4,2,1.0
5,5,5,1,10.0,8.82842712474619,6.82842712474619,0.7734590803390136,4,2,1.0
5,5,5,2,10.0,8.82842712474619,8.82842712474619,1.0,4,2,1.0
5,5,5,3,10.0,7.65685424949238,7.464101615137766,0.9748261324985529,3,2,1.0000000000000002
5,5,5,4,10.0,10.0,8.0,0.8,5,1,1.0
6,5,0,0,10.0,10.0,10.0,1.0,5,1,1.0
6,5,0,1,10.0,7.65685424949238,7.656854249492382,1.0000000000000004,3,2,1.0000000000000002
6,5,0,2,10.0,7.65685424949238,7.656854249492384,1.0000000000000007,3,2,1.0000000000000002
6,5,0,3,10.0,8.82842712474619,8.472135954999594,0.9596427353692587,4,2,1.0
6,5,0,4,10.0,8.82842712474619,8.828427124746202,1.0000000000000013,4,2,1.0
6,5,0,5,10.0,8.82842712474619,8.828427124746199,1.000000000000001,4,2,1.0
6,5,1,0,10.0,10.0,10.0,1.0,5,1,1.0
6,5,1,1,10.0,7.65685424949238,7.464101615137764,0.9748261324985527,3,2,1.0000000000000002
6,5,1,2,10.0,8.82842712474619,8.472135954999583,0.9596427353692576,4,2,1.0
6,5,1,3,10.0,10.0,10.0,1.0,5,1,1.0
6,5,1,4,10.0,8.82842712474619,8.472135954999594,0.9596427353692587,4,2,1.0
6,5,1,5,10.0,8.82842712474619,8.324555320336767,0.9429262090189243,4,2,1.0
6,5,2,0,10.0,10.0,10.0,1.0,5,1,1.0
6,5,2,1,10.0,10.0,10.0,1.0,5,1,1.0
6,5,2,2,10.0,8.82842712474619,8.324555320336763,0.942926209018924,4,2,1.0
6,5,2,3,10.0,10.0,8.0,0.8,5,1,1.0
6,5,2,4,10.0,8.82842712474619,8.82842712474619,1.0,4,2,1.0
6,5,2,5,10.0,10.0,8.0,0.8,5,1,1.0
6,5,3,0,10.0,7.65685424949238,7.656854249492385,1.0000000000000007,3,2,1.0000000000000002
6,5,3,1,10.0,10.0,10.0,1.0,5,1,1.0
6,5,3,2,10.0,10.0,10.0,1.0,5,1,1.0
6,5,3,3,10.0,8.82842712474619,8.47213595499958,0.9596427353692571,4,2,1.0
6,5,3,4,10.0,8.82842712474619,8.82842712474619,1.0,4,2,1.0
6,5,3,5,10.0,7.65685424949238,7.656854249492392,1.0000000000000016,3,2,1.0000000000000002
6,5,4,0,10.0,10.0,8.0,0.8,5,1,1.0
6,5,4,1,10.0,10.0,10.0,1.0,5,1,1.0
6,5,4,2,10.0,8.82842712474619,8.47213595499958,0.9596427353692571,4,2,1.0
6,5,4,3,10.0,7.65685424949238,7.656854249492389,1.000000000000001,3,2,1.0000000000000002
6,5,4,4,10.0,7.65685424949238,7.656854249492385,1.0000000000000007,3,2,1.0000000000000002
6,5,4,5,10.0,8.82842712474619,8.82842712474619,1.0,4,2,1.0
6,5,5,0,10.0,8.82842712474619,8.82842712474619,1.0,4,2,1.0
6,5,5,1,10.0,10.0,10.0,1.0,5,1,1.0
6,5,5,2,10.0,8.82842712474619,8.828427124746206,1.0000000000000018,4,2,1.0
6,5,5,3,10.0,8.82842712474619,8.472135954999585,0.9596427353692577,4,2,1.0
6,5,5,4,10.0,10.0,10.0,1.0,5,1,1.0
6,5,5,5,10.0,8.82842712474619,8.828427124746199,1.000000000000001,4,2,1.0
7,5,0,0,10.0,10.0,10.0,1.0,5,1,1.0
7,5,0,1,10.0,10.0,10.0,1.0,5,1,1.0
7,5,0,2,10.0,8.82842712474619,8.472135954999587,0.9596427353692579,4,2,1.0
7,5,0,3,10.0,8.82842712474619,8.828427124746197,1.0000000000000009,4,2,1.0
7,5,0,4,10.0,8.82842712474619,8.82842712474619,1.0,4,2,1.0
7,5,0,5,10.0,8.82842712474619,6.0,0.6796227589829593,4,2,1.0
7,5,0,6,10.0,10.0,10.0,1.0,5,1,1.0
7,5,1,0,10.0,8.82842712474619,8.82842712474619,1.0,4,2,1.0
7,5,1,1,10.0,8.82842712474619,8.82842712474619,1.0,4,2,1.0
7,5,1,2,10.0,8.82842712474619,8.82842712474619,1.0,4,2,1.0
7,5,1,3,10.0,10.0,10.0,1.0,5,1,1.0
7,5,1,4,10.0,10.0,10.0,1.0,5,1,1.0
7,5,1,5,10.0,7.65685424949238,7.656854249492387,1.0000000000000009,3,2,1.0000000000000002
7,5,1,6,10.0,10.0,10.0,1.0,5,1,1.0
7,5,2,0,10.0,10.0,10.0,1.0,5,1,1.0
7,5,2,1,10.0,8.82842712474619,8.82842712474619,1.0,4,2,1.0
7,5,2,2,10.0,10.0,10.0,1.0,5,1,1.0
7,5,2,3,10.0,10.0,10.00000000000001,1.000000000000001,5,1,1.0
7,5,2,4,10.0,8.82842712474619,8.47213595499958,0.9596427353692571,4,2,1.0
7,5,2,5,10.0,8.82842712474619,8.82842712474619,1.0,4,2,1.0
7,5,2,6,10.0,10.0,10.0,1.0,5,1,1.0
7,5,3,0,10.0,10.0,8.0,0.8,5,1,1.0
7,5,3,1,10.0,10.0,10.0,1.0,5,1,1.0
7,5,3,2,10.0,10.0,8.0,0.8,5,1,1.0
7,5,3,3,10.0,10.0,10.0,1.0,5,1,1.0
7,5,3,4,10.0,10.0,10.0,1.0,5,1,1.0
7,5,3,5,10.0,8.82842712474619,8.472135954999583,0.9596427353692576,4,2,1.0
7,5,3,6,10.0,8.82842712474619,8.47213595499958,0.9596427353692571,4,2,1.0
7,5,4,0,10.0,8.82842712474619,8.82842712474619,1.0,4,2,1.0
7,5,4,1,10.0,8.82842712474619,8.47213595499958,0.9596427353692571,4,2,1.0
7,5,4,2,10.0,8.82842712474619,8.828427124746193,1.0000000000000004,4,2,1.0
7,5,4,3,10.0,10.0,8.0,0.8,5,1,1.0
7,5,4,4,10.0,10.0,8.0,0.8,5,1,1.0
7,5,4,5,10.0,10.0,10.0,1.0,5,1,1.0
7,5,4,6,10.0,8.82842712474619,8.828427124746195,1.0000000000000007,4,2,1.0
7,5,5,0,10.0,7.65685424949238,7.656854249492384,1.0000000000000007,3,2,1.0000000000000002
7,5,5,1,10.0,10.0,10.0,1.0,5,1,1.0
7,5,5,2,10.0,8.82842712474619,8.82842712474619,1.0,4,2,1.0
7,5,5,3,10.0,8.82842712474619,8.828427124746202,1.0000000000000013,4,2,1.0
7,5,5,4,10.0,10.0,6.0,0.6,5,1,1.0
7,5,5,5,10.0,10.0,10.0,1.0,5,1,1.0
7,5,5,6,10.0,8.82842712474619,8.82842712474619,1.0,4,2,1.0
8,5,0,0,10.0,8.82842712474619,8.828427124746195,1.0000000000000007,4,2,1.0
8,5,0,1,10.0,8.82842712474619,8.82842712474619,1.0,4,2,1.0
8,5,0,2,10.0,8.82842712474619,7.236067977499799,0.8196327471761092,4,2,1.0
8,5,0,3,10.0,8.82842712474619,8.828427124746204,1.0000000000000016,4,2,1.0
8,5,0,4,10.0,8.82842712474619,8.47213595499958,0.9596427353692571,4,2,1.0
8,5,0,5,10.0,8.82842712474619,8.82842712474619,1.0,4,2,1.0
8,5,0,6,10.0,10.0,10.0,1.0,5,1,1.0
8,5,0,7,10.0,8.82842712474619,8.828427124746195,1.0000000000000007,4,2,1.0
8,5,1,0,10.0,8.82842712474619,8.82842712474619,1.0,4,2,1.0
8,5,1,1,10.0,8.82842712474619,8.82842712474619,1.0,4,2,1.0
8,5,1,2,10.0,8.82842712474619,8.47213595499958,0.9596427353692571,4,2,1.0
8,5,1,3,10.0,8.82842712474619,8.82842712474619,1.0,4,2,1.0
8,5,1,4,10.0,10.0,10.0,1.0,5,1,1.0
8,5,1,5,10.0,8.82842712474619,8.472135954999592,0.9596427353692586,4,2,1.0
8,5,1,6,10.0,10.0,10.0,1.0,5,1,1.0
8,5,1,7,10.0,10.0,10.0,1.0,5,1,1.0
8,5,2,0,10.0,10.0,10.000000000000004,1.0000000000000004,5,1,1.0
8,5,2,1,10.0,10.0,10.0,1.0,5,1,1.0
8,5,2,2,10.0,8.82842712474619,8.82842712474619,1.0,4,2,1.0
8,5,2,3,10.0,7.65685424949238,7.656854249492386,1.0000000000000009,3,2,1.0000000000000002
8,5,2,4,10.0,7.65685424949238,7.464101615137771,0.9748261324985535,3,2,1.0000000000000002
8,5,2,5,10.0,10.0,10.0,1.0,5,1,1.0
8,5,2,6,10.0,8.82842712474619,8.472135954999587,0.9596427353692579,4,2,1.0
8,5,2,7,10.0,10.0,10.0,1.0,5,1,1.0
8,5,3,0,10.0,10.0,10.0,1.0,5,1,1.0
8,5,3,1,10.0,8.82842712474619,8.82842712474619,1.0,4,2,1.0
8,5,3,2,10.0,8.82842712474619,8.82842712474619,1.0,4,2,1.0
8,5,3,3,10.0,8.82842712474619,8.472135954999601,0.9596427353692596,4,2,1.0
8,5,3,4,10.0,10.0,10.0,1.0,5,1,1.0
8,5,3,5,10.0,8.82842712474619,7.23606797749979,0.8196327471761082,4,2,1.0
8,5,3,6,10.0,10.0,10.0,1.0,5,1,1.0
8,5,3,7,10.0,8.82842712474619,8.828427124746195,1.0000000000000007,4,2,1.0
8,5,4,0,10.0,8.82842712474619,8.828427124746204,1.0000000000000016,4,2,1.0
8,5,4,1,10.0,8.82842712474619,8.82842712474619,1.0,4,2,1.0
8,5,4,2,10.0,8.82842712474619,8.82842712474619,1.0,4,2,1.0
8,5,4,3,10.0,10.0,10.0,1.0,5,1,1.0
8,5,4,4,10.0,10.0,8.0,0.8,5,1,1.0
8,5,4,5,10.0,10.0,10.0,1.0,5,1,1.0
8,5,4,6,10.0,8.82842712474619,8.47213595499958,0.9596427353692571,4,2,1.0
8,5,4,7,10.0,10.0,10.0,1.0,5,1,1.0
8,5,5,0,10.0,8.82842712474619,8.82842712474619,1.0,4,2,1.0
8,5,5,1,10.0,10.0,10.0,1.0,5,1,1.0
8,5,5,2,10.0,10.0,10.0,1.0,5,1,1.0
8,5,5,3,10.0,10.0,10.0,1.0,5,1,1.0
8,5,5,4,10.0,10.0,10.0,1.0,5,1,1.0
8,5,5,5,10.0,8.82842712474619,8.47213595499958,0.9596427353692571,4,2,1.0
8,5,5,6,10.0,8.82842712474619,8.472135954999583,0.9596427353692576,4,2,1.0
8,5,5,7,10.0,8.82842712474619,8.82842712474619,1.0,4,2,1.0
9,5,0,0,10.0,10.0,8.0,0.8,5,1,1.0
9,5,0,1,10.0,8.82842712474619,8.82842712474619,1.0,4,2,1.0
9,5,0,2,10.0,8.82842712474619,8.828427124746192,1.0000000000000002,4,2,1.0
9,5,0,3,10.0,10.0,10.0,1.0,5,1,1.0
9,5,0,4,10.0,8.82842712474619,8.82842712474619,1.0,4,2,1.0
9,5,0,5,10.0,8.82842712474619,8.828427124746192,1.0000000000000002,4,2,1.0
9,5,0,6,10.0,8.82842712474619,8.828427124746192,1.0000000000000002,4,2,1.0
9,5,0,7,10.0,10.0,10.0,1.0,5,1,1.0
9,5,0,8,10.0,10.0,10.0,1.0,5,1,1.0
9,5,1,0,10.0,8.82842712474619,6.82842712474619,0.7734590803390136,4,2,1.0
9,5,1,1,10.0,10.0,10.0,1.0,5,1,1.0
9,5,1,2,10.0,8.82842712474619,8.82842712474619,1.0,4,2,1.0
9,5,1,3,10.0,8.82842712474619,8.828427124746206,1.0000000000000018,4,2,1.0
9,5,1,4,10.0,10.0,10.000000000000009,1.0000000000000009,5,1,1.0
9,5,1,5,10.0,8.82842712474619,8.828427124746195,1.0000000000000007,4,2,1.0
9,5,1,6,10.0,8.82842712474619,8.47213595499958,0.9596427353692571,4,2,1.0
9,5,1,7,10.0,8.82842712474619,8.47213595499958,0.9596427353692571,4,2,1.0
9,5,1,8,10.0,8.82842712474619,8.828427124746199,1.000000000000001,4,2,1.0
9,5,2,0,10.0,8.82842712474619,8.82842712474619,1.0,4,2,1.0
9,5,2,1,10.0,8.82842712474619,8.82842712474619,1.0,4,2,1.0
9,5,2,2,10.0,8.82842712474619,8.82842712474619,1.0,4,2,1.0
9,5,2,3,10.0,8.82842712474619,8.472135954999583,0.9596427353692576,4,2,1.0
9,5,2,4,10.0,8.82842712474619,8.472135954999581,0.9596427353692574,4,2,1.0
9,5,2,5,10.0,7.65685424949238,7.656854249492382,1.0000000000000004,3,2,1.0000000000000002
9,5,2,6,10.0,10.0,10.0,1.0,5,1,1.0
9,5,2,7,10.0,10.0,10.0,1.0,5,1,1.0
9,5,2,8,10.0,10.0,10.0,1.0,5,1,1.0
9,5,3,0,10.0,10.0,8.0,0.8,5,1,1.0
9,5,3,1,10.0,8.82842712474619,8.82842712474619,1.0,4,2,1.0
9,5,3,2,10.0,10.0,10.0,1.0,5,1,1.0
9,5,3,3,10.0,10.0,10.0,1.0,5,1,1.0
9,5,3,4,10.0,7.65685424949238,7.300563079745778,0.9534676829234118,3,2,1.0000000000000002
9,5,3,5,10.0,10.0,10.0,1.0,5,1,1.0
9,5,3,6,10.0,8.82842712474619,8.82842712474619,1.0,4,2,1.0
9,5,3,7,10.0,7.65685424949238,7.6568542494923815,1.0000000000000002,3,2,1.0000000000000002
9,5,3,8,10.0,8.82842712474619,8.828427124746202,1.0000000000000013,4,2,1.0
9,5,4,0,10.0,10.0,10.0,1.0,5,1,1.0
9,5,4,1,10.0,10.0,10.0,1.0,5,1,1.0
9,5,4,2,10.0,10.0,10.0,1.0,5,1,1.0
9,5,4,3,10.0,8.82842712474619,8.82842712474619,1.0,4,2,1.0
9,5,4,4,10.0,10.0,8.0,0.8,5,1,1.0
9,5,4,5,10.0,8.82842712474619,8.828427124746195,1.0000000000000007,4,2,1.0
9,5,4,6,10.0,10.0,10.0,1.0,5,1,1.0
9,5,4,7,10.0,10.0,8.0,0.8,5,1,1.0
9,5,4,8,10.0,8.82842712474619,8.828427124746195,1.0000000000000007,4,2,1.0
9,5,5,0,10.0,10.0,10.0,1.0,5,1,1.0
9,5,5,1,10.0,10.0,10.0,1.0,5,1,1.0
9,5,5,2,10.0,10.0,10.0,1.0,5,1,1.0
9,5,5,3,10.0,8.82842712474619,8.828427124746195,1.0000000000000007,4,2,1.0
9,5,5,4,10.0,8.82842712474619,8.472135954999585,0.9596427353692577,4,2,1.0
9,5,5,5,10.0,10.0,10.0,1.0,5,1,1.0
9,5,5,6,10.0,8.82842712474619,8.828427124746199,1.000000000000001,4,2,1.0
9,5,5,7,10.0,8.82842712474619,8.828427124746215,1.0000000000000029,4,2,1.0
9,5,5,8,10.0,10.0,10.0,1.0,5,1,1.0
10,5,0,0,10.0,8.82842712474619,8.82842712474619,1.0,4,2,1.0
10,5,0,1,10.0,8.82842712474619,8.82842712474619,1.0,4,2,1.0
10,5,0,2,10.0,10.0,10.0,1.0,5,1,1.0
10,5,0,3,10.0,10.0,10.0,1.0,5,1,1.0
10,5,0,4,10.0,8.82842712474619,8.82842712474619,1.0,4,2,1.0
10,5,0,5,10.0,10.0,10.0,1.0,5,1,1.0
10,5,0,6,10.0,8.82842712474619,8.828427124746188,0.9999999999999998,4,2,1.0
10,5,0,7,10.0,8.82842712474619,8.82842712474619,1.0,4,2,1.0
10,5,0,8,10.0,10.0,10.0,1.0,5,1,1.0
10,5,0,9,10.0,10.0,10.0,1.0,5,1,1.0
10,5,1,0,10.0,7.65685424949238,7.656854249492393,1.0000000000000018,3,2,1.0000000000000002
10,5,1,1,10.0,10.0,10.0,1.0,5,1,1.0
10,5,1,2,10.0,8.82842712474619,8.47213595499958,0.9596427353692571,4,2,1.0
10,5,1,3,10.0,8.82842712474619,8.324555320336767,0.9429262090189243,4,2,1.0
10,5,1,4,10.0,10.0,10.0,1.0,5,1,1.0
10,5,1,5,10.0,8.82842712474619,8.82842712474619,1.0,4,2,1.0
10,5,1,6,10.0,7.65685424949238,7.464101615137762,0.9748261324985524,3,2,1.0000000000000002
10,5,1,7,10.0,8.82842712474619,8.82842712474619,1.0,4,2,1.0
10,5,1,8,10.0,10.0,10.0,1.0,5,1,1.0
10,5,1,9,10.0,10.0,10.0,1.0,5,1,1.0
10,5,2,0,10.0,10.0,8.0,0.8,5,1,1.0
10,5,2,1,10.0,7.65685424949238,7.656854249492394,1.0000000000000018,3,2,1.0000000000000002
10,5,2,2,10.0,8.82842712474619,8.82842712474619,1.0,4,2,1.0
10,5,2,3,10.0,10.0,10.0,1.0,5,1,1.0
10,5,2,4,10.0,8.82842712474619,8.8284271247462,1.000000000000001,4,2,1.0
10,5,2,5,10.0,10.0,10.0,1.0,5,1,1.0
10,5,2,6,10.0,8.82842712474619,8.82842712474619,1.0,4,2,1.0
10,5,2,7,10.0,10.0,10.0,1.0,5,1,1.0
10,5,2,8,10.0,7.65685424949238,7.656854249492389,1.000000000000001,3,2,1.0000000000000002
10,5,2,9,10.0,8.82842712474619,8.82842712474619,1.0,4,2,1.0
10,5,3,0,10.0,10.0,10.0,1.0,5,1,1.0
10,5,3,1,10.0,10.0,10.0,1.0,5,1,1.0
10,5,3,2,10.0,8.82842712474619,8.47213595499958,0.9596427353692571,4,2,1.0
10,5,3,3,10.0,8.82842712474619,8.47213595499958,0.9596427353692571,4,2,1.0
10,5,3,4,10.0,10.0,10.000000000000004,1.0000000000000004,5,1,1.0
10,5,3,5,10.0,8.82842712474619,8.828427124746199,1.000000000000001,4,2,1.0
10,5,3,6,10.0,8.82842712474619,8.82842712474619,1.0,4,2,1.0
10,5,3,7,10.0,8.82842712474619,8.82842712474621,1.0000000000000022,4,2,1.0
10,5,3,8,10.0,8.82842712474619,8.472135954999597,0.9596427353692591,4,2,1.0
10,5,3,9,10.0,10.0,10.0,1.0,5,1,1.0
10,5,4,0,10.0,10.0,10.0,1.0,5,1,1.0
10,5,4,1,10.0,10.0,10.000000000000004,1.0000000000000004,5,1,1.0
10,5,4,2,10.0,8.82842712474619,8.82842712474619,1.0,4,2,1.0
10,5,4,3,10.0,8.82842712474619,8.82842712474619,1.0,4,2,1.0
10,5,4,4,10.0,8.82842712474619,8.8284271247462,1.000000000000001,4,2,1.0
10,5,4,5,10.0,10.0,10.0,1.0,5,1,1.0
10,5,4,6,10.0,10.0,10.0,1.0,5,1,1.0
10,5,4,7,10.0,8.82842712474619,8.47213595499958,0.9596427353692571,4,2,1.0
10,5,4,8,10.0,10.0,10.0,1.0,5,1,1.0
10,5,4,9,10.0,10.0,10.0,1.0,5,1,1.0
10,5,5,0,10.0,7.65685424949238,7.656854249492391,1.0000000000000016,3,2,1.0000000000000002
10,5,5,1,10.0,8.82842712474619,8.32455532033676,0.9429262090189235,4,2,1.0
10,5,5,2,10.0,10.0,10.0,1.0,5,1,1.0
10,5,5,3,10.0,8.82842712474619,8.828427124746202,1.0000000000000013,4,2,1.0
10,5,5,4,10.0,8.82842712474619,8.82842712474619,1.0,4,2,1.0
10,5,5,5,10.0,8.82842712474619,8.47213595499958,0.9596427353692571,4,2,1.0
10,5,5,6,10.0,8.82842712474619,8.82842712474619,1.0,4,2,1.0
10,5,5,7,10.0,10.0,10.0,1.0,5,1,1.0
10,5,5,8,10.0,10.0,10.0,1.0,5,1,1.0
10,5,5,9,10.0,10.0,10.0,1.0,5,1,1.0
1,6,0,0,12.0,10.82842712474619,10.82842712474619,1.0,5,2,1.0
1,6,1,0,12.0,9.65685424949238,9.300563079745775,0.9631048413342954,4,2,1.0
1,6,2,0,12.0,9.65685424949238,9.464101615137762,0.9800398111667938,4,2,1.0
1,6,3,0,12.0,12.0,12.0,1.0,6,1,1.0
1,6,4,0,12.0,10.82842712474619,8.0,0.7387961250362586,5,2,1.0
1,6,5,0,12.0,10.82842712474619,10.472135954999583,0.9670966830508214,5,2,1.0
2,6,0,0,12.0,10.82842712474619,10.82842712474619,1.0,5,2,1.0
2,6,0,1,12.0,12.0,10.0,0.8333333333333334,6,1,1.0
2,6,1,0,12.0,12.0,12.0,1.0,6,1,1.0
2,6,1,1,12.0,10.82842712474619,10.47213595499958,0.9670966830508211,5,2,1.0
2,6,2,0,12.0,9.65685424949238,9.300563079745773,0.9631048413342952,4,2,1.0
2,6,2,1,12.0,12.0,12.0,1.0,6,1,1.0
2,6,3,0,12.0,12.0,10.0,0.8333333333333334,6,1,1.0
2,6,3,1,12.0,9.65685424949238,9.103361552104017,0.9426839545168182,4,2,1.0
2,6,4,0,12.0,10.82842712474619,10.828427124746195,1.0000000000000004,5,2,1.0
2,6,4,1,12.0,12.0,8.0,0.6666666666666666,6,1,1.0
2,6,5,0,12.0,10.82842712474619,10.82842712474619,1.0,5,2,1.0
2,6,5,1,12.0,12.0,12.0,1.0,6,1,1.0
3,6,0,0,12.0,9.65685424949238,8.944271909999161,0.9262096826685899,4,2,1.0
3,6,0,1,12.0,9.65685424949238,9.656854249492397,1.0000000000000018,4,2,1.0
3,6,0,2,12.0,12.0,12.0,1.0,6,1,1.0
3,6,1,0,12.0,9.65685424949238,9.300563079745778,0.9631048413342957,4,2,1.0
3,6,1,1,12.0,12.0,11.999999999999995,0.9999999999999996,6,1,1.0
3,6,1,2,12.0,10.82842712474619,10.47213595499958,0.9670966830508211,5,2,1.0
3,6,2,0,12.0,12.0,10.0,0.8333333333333334,6,1,1.0
3,6,2,1,12.0,10.82842712474619,10.32455532033676,0.9534676829234107,5,2,1.0
3,6,2,2,12.0,10.82842712474619,10.47213595499958,0.9670966830508211,5,2,1.0
3,6,3,0,12.0,9.65685424949238,9.656854249492394,1.0000000000000016,4,2,1.0
3,6,3,1,12.0,10.82842712474619,10.82842712474619,1.0,5,2,1.0
3,6,3,2,12.0,10.82842712474619,10.82842712474619,1.0,5,2,1.0
3,6,4,0,12.0,12.0,12.0,1.0,6,1,1.0
3,6,4,1,12.0,12.0,12.0,1.0,6,1,1.0
3,6,4,2,12.0,12.0,12.0,1.0,6,1,1.0
3,6,5,0,12.0,10.82842712474619,10.47213595499958,0.9670966830508211,5,2,1.0
3,6,5,1,12.0,10.82842712474619,10.47213595499958,0.9670966830508211,5,2,1.0
3,6,5,2,12.0,9.65685424949238,9.21110255092798,0.9538409002509454,4,2,1.0
4,6,0,0,12.0,12.0,12.000000000000004,1.0000000000000002,6,1,1.0
4,6,0,1,12.0,12.0,12.0,1.0,6,1,1.0
4,6,0,2,12.0,8.485281374238571,8.485281374238578,1.0000000000000009,3,2,1.0
4,6,0,3,12.0,12.0,10.0,0.8333333333333334,6,1,1.0
4,6,1,0,12.0,10.82842712474619,9.236067977499797,0.8529464040435405,5,2,1.0
4,6,1,1,12.0,12.0,12.0,1.0,6,1,1.0
4,6,1,2,12.0,10.82842712474619,10.472135954999588,0.9670966830508219,5,2,1.0
4,6,1,3,12.0,9.65685424949238,9.656854249492389,1.0000000000000009,4,2,1.0
4,6,2,0,12.0,10.82842712474619,10.472135954999583,0.9670966830508214,5,2,1.0
4,6,2,1,12.0,12.0,12.0,1.0,6,1,1.0
4,6,2,2,12.0,12.0,12.0,1.0,6,1,1.0
4,6,2,3,12.0,9.65685424949238,9.464101615137764,0.9800398111667941,4,2,1.0
4,6,3,0,12.0,12.0,10.0,0.8333333333333334,6,1,1.0
4,6,3,1,12.0,9.65685424949238,9.65685424949239,1.000000000000001,4,2,1.0
4,6,3,2,12.0,10.82842712474619,10.828427124746197,1.0000000000000007,5,2,1.0
4,6,3,3,12.0,10.82842712474619,10.472135954999587,0.9670966830508217,5,2,1.0
4,6,4,0,12.0,10.82842712474619,10.82842712474619,1.0,5,2,1.0
4,6,4,1,12.0,10.82842712474619,10.828427124746188,0.9999999999999999,5,2,1.0
4,6,4,2,12.0,10.82842712474619,10.828427124746202,1.000000000000001,5,2,1.0
4,6,4,3,12.0,12.0,12.0,1.0,6,1,1.0
4,6,5,0,12.0,9.65685424949238,8.98791841486989,0.9307294262354997,4,2,1.0
4,6,5,1,12.0,10.82842712474619,10.82842712474619,1.0,5,2,1.0
4,6,5,2,12.0,10.82842712474619,10.82842712474619,1.0,5,2,1.0
4,6,5,3,12.0,9.65685424949238,9.103361552104012,0.9426839545168176,4,2,1.0
5,6,0,0,12.0,9.65685424949238,9.152982445082952,0.9478223662290528,4,2,1.0
5,6,0,1,12.0,9.65685424949238,9.65685424949239,1.000000000000001,4,2,1.0
5,6,0,2,12.0,10.82842712474619,10.82842712474619,1.0,5,2,1.0
5,6,0,3,12.0,12.0,12.0,1.0,6,1,1.0
5,6,0,4,12.0,12.0,8.0,0.6666666666666666,6,1,1.0
5,6,1,0,12.0,8.485281374238571,8.485281374238582,1.0000000000000013,3,2,1.0
5,6,1,1,12.0,10.82842712474619,10.47213595499958,0.9670966830508211,5,2,1.0
5,6,1,2,12.0,12.0,10.0,0.8333333333333334,6,1,1.0
5,6,1,3,12.0,9.65685424949238,9.464101615137757,0.9800398111667933,4,2,1.0
5,6,1,4,12.0,12.0,10.0,0.8333333333333334,6,1,1.0
5,6,2,0,12.0,10.82842712474619,10.828427124746199,1.0000000000000009,5,2,1.0
5,6,2,1,12.0,9.65685424949238,9.656854249492394,1.0000000000000016,4,2,1.0
5,6,2,2,12.0,10.82842712474619,10.82842712474619,1.0,5,2,1.0
5,6,2,3,12.0,12.0,12.0,1.0,6,1,1.0
5,6,2,4,12.0,10.82842712474619,10.47213595499958,0.9670966830508211,5,2,1.0
5,6,3,0,12.0,10.82842712474619,10.47213595499958,0.9670966830508211,5,2,1.0
5,6,3,1,12.0,10.82842712474619,10.828427124746195,1.0000000000000004,5,2,1.0
5,6,3,2,12.0,10.82842712474619,9.23606797749979,0.8529464040435398,5,2,1.0
5,6,3,3,12.0,10.82842712474619,10.47213595499958,0.9670966830508211,5,2,1.0
5,6,3,4,12.0,10.82842712474619,10.47213595499958,0.9670966830508211,5,2,1.0
5,6,4,0,12.0,9.65685424949238,9.300563079745793,0.9631048413342973,4,2,1.0
5,6,4,1,12.0,9.65685424949238,9.65685424949239,1.000000000000001,4,2,1.0
5,6,4,2,12.0,12.0,12.0,1.0,6,1,1.0
5,6,4,3,12.0,12.0,10.0,0.8333333333333334,6,1,1.0
5,6,4,4,12.0,12.0,8.0,0.6666666666666666,6,1,1.0
5,6,5,0,12.0,12.0,12.0,1.0,6,1,1.0
5,6,5,1,12.0,9.65685424949238,9.464101615137768,0.9800398111667944,4,2,1.0
5,6,5,2,12.0,12.0,12.0,1.0,6,1,1.0
5,6,5,3,12.0,10.82842712474619,10.82842712474619,1.0,5,2,1.0
5,6,5,4,12.0,10.82842712474619,10.82842712474619,1.0,5,2,1.0
6,6,0,0,12.0,10.82842712474619,10.82842712474619,1.0,5,2,1.0
6,6,0,1,12.0,10.82842712474619,10.472135954999587,0.9670966830508217,5,2,1.0
6,6,0,2,12.0,10.82842712474619,10.472135954999594,0.9670966830508224,5,2,1.0
6,6,0,3,12.0,12.0,10.0,0.8333333333333334,6,1,1.0
6,6,0,4,12.0,12.0,12.0,1.0,6,1,1.0
6,6,0,5,12.0,10.82842712474619,10.47213595499958,0.9670966830508211,5,2,1.0
6,6,1,0,12.0,12.0,10.0,0.8333333333333334,6,1,1.0
6,6,1,1,12.0,12.0,12.0,1.0,6,1,1.0
6,6,1,2,12.0,10.82842712474619,10.472135954999594,0.9670966830508224,5,2,1.0
6,6,1,3,12.0,10.82842712474619,10.47213595499958,0.9670966830508211,5,2,1.0
6,6,1,4,12.0,10.82842712474619,8.82842712474619,0.8153009687409354,5,2,1.0
6,6,1,5,12.0,9.65685424949238,9.300563079745775,0.9631048413342954,4,2,1.0
6,6,2,0,12.0,10.82842712474619,10.82842712474619,1.0,5,2,1.0
6,6,2,1,12.0,12.0,8.0,0.6666666666666666,6,1,1.0
6,6,2,2,12.0,10.82842712474619,10.828427124746202,1.000000000000001,5,2,1.0
6,6,2,3,12.0,12.0,11.999999999999995,0.9999999999999996,6,1,1.0
6,6,2,4,12.0,10.82842712474619,10.82842712474619,1.0,5,2,1.0
6,6,2,5,12.0,12.0,8.000000000000004,0.666666666666667,6,1,1.0
6,6,3,0,12.0,12.0,12.0,1.0,6,1,1.0
6,6,3,1,12.0,10.82842712474619,10.828427124746206,1.0000000000000016,5,2,1.0
6,6,3,2,12.0,12.0,12.0,1.0,6,1,1.0
6,6,3,3,12.0,10.82842712474619,10.472135954999592,0.9670966830508222,5,2,1.0
6,6,3,4,12.0,10.82842712474619,10.8284271247462,1.0000000000000009,5,2,1.0
6,6,3,5,12.0,10.82842712474619,10.82842712474619,1.0,5,2,1.0
6,6,4,0,12.0,12.0,10.0,0.8333333333333334,6,1,1.0
6,6,4,1,12.0,12.0,10.0,0.8333333333333334,6,1,1.0
6,6,4,2,12.0,9.65685424949238,9.656854249492383,1.0000000000000004,4,2,1.0
6,6,4,3,12.0,10.82842712474619,10.82842712474619,1.0,5,2,1.0
6,6,4,4,12.0,12.0,12.000000000000007,1.0000000000000007,6,1,1.0
6,6,4,5,12.0,10.82842712474619,9.23606797749979,0.8529464040435398,5,2,1.0
6,6,5,0,12.0,10.82842712474619,10.82842712474619,1.0,5,2,1.0
6,6,5,1,12.0,12.0,8.0,0.6666666666666666,6,1,1.0
6,6,5,2,12.0,9.65685424949238,9.65685424949239,1.000000000000001,4,2,1.0
6,6,5,3,12.0,9.65685424949238,9.46410161513776,0.9800398111667936,4,2,1.0
6,6,5,4,12.0,12.0,10.0,0.8333333333333334,6,1,1.0
6,6,5,5,12.0,12.0,10.0,0.8333333333333334,6,1,1.0
7,6,0,0,12.0,10.82842712474619,10.472135954999583,0.9670966830508214,5,2,1.0
7,6,0,1,12.0,12.0,12.0,1.0,6,1,1.0
7,6,0,2,12.0,10.82842712474619,10.47213595499958,0.9670966830508211,5,2,1.0
7,6,0,3,12.0,10.82842712474619,10.82842712474619,1.0,5,2,1.0
7,6,0,4,12.0,10.82842712474619,10.828427124746202,1.000000000000001,5,2,1.0
7,6,0,5,12.0,12.0,12.0,1.0,6,1,1.0
7,6,0,6,12.0,12.0,12.0,1.0,6,1,1.0
7,6,1,0,12.0,10.82842712474619,10.82842712474619,1.0,5,2,1.0
7,6,1,1,12.0,12.0,12.000000000000004,1.0000000000000002,6,1,1.0
7,6,1,2,12.0,10.82842712474619,10.8284271247462,1.0000000000000009,5,2,1.0
7,6,1,3,12.0,9.65685424949238,9.656854249492394,1.0000000000000016,4,2,1.0
7,6,1,4,12.0,12.0,12.0,1.0,6,1,1.0
7,6,1,5,12.0,10.82842712474619,10.82842712474619,1.0,5,2,1.0
7,6,1,6,12.0,10.82842712474619,10.82842712474619,1.0,5,2,1.0
7,6,2,0,12.0,12.0,12.0,1.0,6,1,1.0
7,6,2,1,12.0,8.485281374238571,8.485281374238578,1.0000000000000009,3,2,1.0
7,6,2,2,12.0,9.65685424949238,9.464101615137771,0.9800398111667947,4,2,1.1213203435596426
7,6,2,3,12.0,10.82842712474619,10.828427124746206,1.0000000000000016,5,2,1.0
7,6,2,4,12.0,12.0,12.0,1.0,6,1,1.0
7,6,2,5,12.0,10.82842712474619,10.47213595499958,0.9670966830508211,5,2,1.0
7,6,2,6,12.0,12.0,12.0,1.0,6,1,1.0
7,6,3,0,12.0,10.82842712474619,10.828427124746192,1.0000000000000002,5,2,1.0
7,6,3,1,12.0,10.82842712474619,10.47213595499958,0.9670966830508211,5,2,1.0
7,6,3,2,12.0,10.82842712474619,10.828427124746199,1.0000000000000009,5,2,1.0
7,6,3,3,12.0,12.0,12.0,1.0,6,1,1.0
7,6,3,4,12.0,9.65685424949238,9.656854249492394,1.0000000000000016,4,2,1.0
7,6,3,5,12.0,10.82842712474619,10.47213595499958,0.9670966830508211,5,2,1.0
7,6,3,6,12.0,10.82842712474619,10.47213595499958,0.9670966830508211,5,2,1.0
7,6,4,0,12.0,9.65685424949238,9.656854249492394,1.0000000000000016,4,2,1.0
7,6,4,1,12.0,10.82842712474619,10.47213595499958,0.9670966830508211,5,2,1.0
7,6,4,2,12.0,10.82842712474619,10.47213595499958,0.9670966830508211,5,2,1.0
7,6,4,3,12.0,12.0,12.0,1.0,6,1,1.0
7,6,4,4,12.0,12.0,12.0,1.0,6,1,1.0
7,6,4,5,12.0,12.0,10.0,0.8333333333333334,6,1,1.0
7,6,4,6,12.0,12.0,12.0,1.0,6,1,1.0
7,6,5,0,12.0,12.0,12.0,1.0,6,1,1.0
7,6,5,1,12.0,9.65685424949238,8.987918414869874,0.930729426235498,4,2,1.0
7,6,5,2,12.0,12.0,12.0,1.0,6,1,1.0
7,6,5,3,12.0,12.0,12.0,1.0,6,1,1.0
7,6,5,4,12.0,12.0,10.0,0.8333333333333334,6,1,1.0
7,6,5,5,12.0,12.0,8.0,0.6666666666666666,6,1,1.0
7,6,5,6,12.0,10.82842712474619,10.82842712474621,1.0000000000000018,5,2,1.0
8,6,0,0,12.0,12.0,12.0,1.0,6,1,1.0
8,6,0,1,12.0,10.82842712474619,10.828427124746199,1.0000000000000009,5,2,1.0
8,6,0,2,12.0,10.82842712474619,10.828427124746195,1.0000000000000004,5,2,1.0
8,6,0,3,12.0,9.65685424949238,9.300563079745782,0.9631048413342962,4,2,1.0
8,6,0,4,12.0,9.65685424949238,9.656854249492387,1.0000000000000007,4,2,1.0
8,6,0,5,12.0,12.0,12.0,1.0,6,1,1.0
8,6,0,6,12.0,10.82842712474619,10.472135954999587,0.9670966830508217,5,2,1.0
8,6,0,7,12.0,10.82842712474619,10.47213595499958,0.9670966830508211,5,2,1.0
8,6,1,0,12.0,12.0,10.0,0.8333333333333334,6,1,1.0
8,6,1,1,12.0,10.82842712474619,7.23606797749979,0.6682473727844752,5,2,1.0
8,6,1,2,12.0,10.82842712474619,10.47213595499958,0.9670966830508211,5,2,1.0
8,6,1,3,12.0,9.65685424949238,9.30056307974577,0.9631048413342949,4,2,1.0
8,6,1,4,12.0,12.0,12.0,1.0,6,1,1.0
8,6,1,5,12.0,9.65685424949238,9.656854249492394,1.0000000000000016,4,2,1.0
8,6,1,6,12.0,10.82842712474619,6.82842712474619,0.6306019374818708,5,2,1.0
8,6,1,7,12.0,12.0,12.0,1.0,6,1,1.0
8,6,2,0,12.0,10.82842712474619,9.23606797749979,0.8529464040435398,5,2,1.0
8,6,2,1,12.0,12.0,12.0,1.0,6,1,1.0
8,6,2,2,12.0,12.0,10.0,0.8333333333333334,6,1,1.0
8,6,2,3,12.0,9.65685424949238,9.300563079745775,0.9631048413342954,4,2,1.0
8,6,2,4,12.0,12.0,12.0,1.0,6,1,1.0
8,6,2,5,12.0,10.82842712474619,10.324555320336772,0.9534676829234119,5,2,1.0
8,6,2,6,12.0,10.82842712474619,8.82842712474619,0.8153009687409354,5,2,1.0
8,6,2,7,12.0,10.82842712474619,10.47213595499958,0.9670966830508211,5,2,1.0
8,6,3,0,12.0,12.0,10.0,0.8333333333333334,6,1,1.0
8,6,3,1,12.0,9.65685424949238,9.656854249492387,1.0000000000000007,4,2,1.0
8,6,3,2,12.0,9.65685424949238,9.65685424949239,1.000000000000001,4,2,1.0
8,6,3,3,12.0,9.65685424949238,9.656854249492385,1.0000000000000004,4,2,1.0
8,6,3,4,12.0,10.82842712474619,10.828427124746193,1.0000000000000002,5,2,1.0
8,6,3,5,12.0,10.82842712474619,10.82842712474619,1.0,5,2,1.0
8,6,3,6,12.0,9.65685424949238,9.46410161513776,0.9800398111667936,4,2,1.0
8,6,3,7,12.0,12.0,12.0,1.0,6,1,1.0
8,6,4,0,12.0,10.82842712474619,10.82842712474619,1.0,5,2,1.0
8,6,4,1,12.0,9.65685424949238,9.656854249492381,1.0000000000000002,4,2,1.0
8,6,4,2,12.0,12.0,12.0,1.0,6,1,1.0
8,6,4,3,12.0,10.82842712474619,10.32455532033676,0.9534676829234107,5,2,1.0
8,6,4,4,12.0,12.0,12.0,1.0,6,1,1.0
8,6,4,5,12.0,10.82842712474619,10.828427124746211,1.000000000000002,5,2,1.0
8,6,4,6,12.0,10.82842712474619,6.82842712474619,0.6306019374818708,5,2,1.0
8,6,4,7,12.0,12.0,10.0,0.8333333333333334,6,1,1.0
8,6,5,0,12.0,10.82842712474619,9.23606797749979,0.8529464040435398,5,2,1.0
8,6,5,1,12.0,12.0,10.0,0.8333333333333334,6,1,1.0
8,6,5,2,12.0,9.65685424949238,9.656854249492385,1.0000000000000004,4,2,1.0
8,6,5,3,12.0,10.82842712474619,8.576491222541474,0.7920348102026407,5,2,1.0
8,6,5,4,12.0,10.82842712474619,10.82842712474619,1.0,5,2,1.0
8,6,5,5,12.0,12.0,10.0,0.8333333333333334,6,1,1.0
8,6,5,6,12.0,10.82842712474619,8.82842712474619,0.8153009687409354,5,2,1.0
8,6,5,7,12.0,10.82842712474619,10.82842712474619,1.0,5,2,1.0
9,6,0,0,12.0,12.0,12.0,1.0,6,1,1.0
9,6,0,1,12.0,10.82842712474619,10.828427124746199,1.0000000000000009,5,2,1.0
9,6,0,2,12.0,9.65685424949238,9.656854249492387,1.0000000000000007,4,2,1.0
9,6,0,3,12.0,12.0,10.0,0.8333333333333334,6,1,1.0
9,6,0,4,12.0,10.82842712474619,9.23606797749979,0.8529464040435398,5,2,1.0
9,6,0,5,12.0,9.65685424949238,9.300563079745778,0.9631048413342957,4,2,1.0
9,6,0,6,12.0,12.0,10.0,0.8333333333333334,6,1,1.0
9,6,0,7,12.0,10.82842712474619,10.47213595499958,0.9670966830508211,5,2,1.0
9,6,0,8,12.0,10.82842712474619,10.472135954999578,0.9670966830508209,5,2,1.0
9,6,1,0,12.0,10.82842712474619,10.828427124746199,1.0000000000000009,5,2,1.0
9,6,1,1,12.0,10.82842712474619,10.47213595499958,0.9670966830508211,5,2,1.0
9,6,1,2,12.0,10.82842712474619,9.23606797749979,0.8529464040435398,5,2,1.0
9,6,1,3,12.0,12.0,12.0,1.0,6,1,1.0
9,6,1,4,12.0,9.65685424949238,9.656854249492389,1.0000000000000009,4,2,1.0
9,6,1,5,12.0,12.0,8.0,0.6666666666666666,6,1,1.0
9,6,1,6,12.0,12.0,12.0,1.0,6,1,1.0
9,6,1,7,12.0,9.65685424949238,9.211102550927986,0.9538409002509461,4,2,1.0
9,6,1,8,12.0,12.0,10.0,0.8333333333333334,6,1,1.0
9,6,2,0,12.0,12.0,10.0,0.8333333333333334,6,1,1.0
9,6,2,1,12.0,10.82842712474619,10.828427124746192,1.0000000000000002,5,2,1.0
9,6,2,2,12.0,12.0,10.0,0.8333333333333334,6,1,1.0
9,6,2,3,12.0,12.0,12.0,1.0,6,1,1.0
9,6,2,4,12.0,9.65685424949238,9.211102550927983,0.9538409002509458,4,2,1.0
9,6,2,5,12.0,9.65685424949238,9.464101615137771,0.9800398111667947,4,2,1.0
9,6,2,6,12.0,12.0,12.0,1.0,6,1,1.0
9,6,2,7,12.0,12.0,10.0,0.8333333333333334,6,1,1.0
9,6,2,8,12.0,10.82842712474619,10.32455532033676,0.9534676829234107,5,2,1.0
9,6,3,0,12.0,12.0,12.000000000000002,1.0000000000000002,6,1,1.0
9,6,3,1,12.0,12.0,12.000000000000004,1.0000000000000002,6,1,1.0
9,6,3,2,12.0,12.0,12.0,1.0,6,1,1.0
9,6,3,3,12.0,9.65685424949238,9.30056307974577,0.9631048413342949,4,2,1.0
9,6,3,4,12.0,9.65685424949238,9.656854249492394,1.0000000000000016,4,2,1.0
9,6,3,5,12.0,12.0,12.0,1.0,6,1,1.0
9,6,3,6,12.0,10.82842712474619,10.32455532033676,0.9534676829234107,5,2,1.0
9,6,3,7,12.0,9.65685424949238,9.152982445082962,0.9478223662290539,4,2,1.0
9,6,3,8,12.0,10.82842712474619,10.472135954999592,0.9670966830508222,5,2,1.0
9,6,4,0,12.0,12.0,12.0,1.0,6,1,1.0
9,6,4,1,12.0,9.65685424949238,9.656854249492387,1.0000000000000007,4,2,1.0
9,6,4,2,12.0,12.0,12.0,1.0,6,1,1.0
9,6,4,3,12.0,12.0,12.0,1.0,6,1,1.0
9,6,4,4,12.0,12.0,10.000000000000018,0.8333333333333348,6,1,1.0
9,6,4,5,12.0,10.82842712474619,10.47213595499958,0.9670966830508211,5,2,1.0
9,6,4,6,12.0,12.0,10.0,0.8333333333333334,6,1,1.0
9,6,4,7,12.0,12.0,12.0,1.0,6,1,1.0
9,6,4,8,12.0,10.82842712474619,10.472135954999587,0.9670966830508217,5,2,1.0
9,6,5,0,12.0,10.82842712474619,8.0,0.7387961250362586,5,2,1.0
9,6,5,1,12.0,9.65685424949238,9.300563079745775,0.9631048413342954,4,2,1.0
9,6,5,2,12.0,10.82842712474619,8.82842712474619,0.8153009687409354,5,2,1.0
9,6,5,3,12.0,12.0,12.0,1.0,6,1,1.0
9,6,5,4,12.0,12.0,12.0,1.0,6,1,1.0
9,6,5,5,12.0,10.82842712474619,10.47213595499958,0.9670966830508211,5,2,1.0
9,6,5,6,12.0,9.65685424949238,9.65685424949238,1.0,4,2,1.0
9,6,5,7,12.0,10.82842712474619,10.828427124746206,1.0000000000000016,5,2,1.0
9,6,5,8,12.0,9.65685424949238,9.464101615137757,0.9800398111667933,4,2,1.0
10,6,0,0,12.0,10.82842712474619,10.47213595499958,0.9670966830508211,5,2,1.0
10,6,0,1,12.0,12.0,12.0,1.0,6,1,1.0
10,6,0,2,12.0,10.82842712474619,10.82842712474619,1.0,5,2,1.0
10,6,0,3,12.0,10.82842712474619,10.47213595499958,0.9670966830508211,5,2,1.0
10,6,0,4,12.0,10.82842712474619,10.47213595499958,0.9670966830508211,5,2,1.0
10,6,0,5,12.0,10.82842712474619,10.47213595499958,0.9670966830508211,5,2,1.0
10,6,0,6,12.0,12.0,8.0,0.6666666666666666,6,1,1.0
10,6,0,7,12.0,9.65685424949238,9.46410161513775,0.9800398111667925,4,2,1.0
10,6,0,8,12.0,10.82842712474619,10.82842712474619,1.0,5,2,1.0
10,6,0,9,12.0,12.0,10.0,0.8333333333333334,6,1,1.0
10,6,1,0,12.0,12.0,12.0,1.0,6,1,1.0
10,6,1,1,12.0,12.0,12.0,1.0,6,1,1.0
10,6,1,2,12.0,9.65685424949238,9.65685424949239,1.000000000000001,4,2,1.0
10,6,1,3,12.0,10.82842712474619,10.82842712474619,1.0,5,2,1.0
10,6,1,4,12.0,10.82842712474619,10.47213595499958,0.9670966830508211,5,2,1.0
10,6,1,5,12.0,12.0,12.0,1.0,6,1,1.0
10,6,1,6,12.0,12.0,12.0,1.0,6,1,1.0
10,6,1,7,12.0,12.0,12.0,1.0,6,1,1.0
10,6,1,8,12.0,10.82842712474619,10.828427124746202,1.000000000000001,5,2,1.0
10,6,1,9,12.0,12.0,10.0,0.8333333333333334,6,1,1.0
10,6,2,0,12.0,10.82842712474619,10.47213595499958,0.9670966830508211,5,2,1.0
10,6,2,1,12.0,12.0,10.0,0.8333333333333334,6,1,1.0
10,6,2,2,12.0,10.82842712474619,10.82842712474619,1.0,5,2,1.0
10,6,2,3,12.0,9.65685424949238,9.300563079745775,0.9631048413342954,4,2,1.0
10,6,2,4,12.0,10.82842712474619,10.82842712474619,1.0,5,2,1.0
10,6,2,5,12.0,10.82842712474619,10.82842712474619,1.0,5,2,1.0
10,6,2,6,12.0,9.65685424949238,9.300563079745789,0.9631048413342969,4,2,1.0
10,6,2,7,12.0,10.82842712474619,10.472135954999583,0.9670966830508214,5,2,1.0
10,6,2,8,12.0,10.82842712474619,10.828427124746192,1.0000000000000002,5,2,1.0
10,6,2,9,12.0,9.65685424949238,9.656854249492381,1.0000000000000002,4,2,1.0
10,6,3,0,12.0,12.0,12.0,1.0,6,1,1.0
10,6,3,1,12.0,12.0,10.0,0.8333333333333334,6,1,1.0
10,6,3,2,12.0,12.0,12.0,1.0,6,1,1.0
10,6,3,3,12.0,9.65685424949238,8.987918414869885,0.9307294262354991,4,2,1.0
10,6,3,4,12.0,10.82842712474619,9.236067977499792,0.8529464040435399,5,2,1.0
10,6,3,5,12.0,12.0,12.0,1.0,6,1,1.0
10,6,3,6,12.0,9.65685424949238,9.656854249492383,1.0000000000000004,4,2,1.0
10,6,3,7,12.0,9.65685424949238,9.656854249492385,1.0000000000000004,4,2,1.0
10,6,3,8,12.0,8.485281374238571,8.14969291096265,0.9604505203216038,3,2,1.138071187457698
10,6,3,9,12.0,12.0,12.0,1.0,6,1,1.0
10,6,4,0,12.0,10.82842712474619,10.82842712474619,1.0,5,2,1.0
10,6,4,1,12.0,9.65685424949238,9.656854249492397,1.0000000000000018,4,2,1.0
10,6,4,2,12.0,9.65685424949238,9.21110255092799,0.9538409002509465,4,2,1.0
10,6,4,3,12.0,12.0,10.0,0.8333333333333334,6,1,1.0
10,6,4,4,12.0,9.65685424949238,9.211102550927992,0.9538409002509467,4,2,1.0
10,6,4,5,12.0,9.65685424949238,9.300563079745778,0.9631048413342957,4,2,1.0
10,6,4,6,12.0,10.82842712474619,10.828427124746193,1.0000000000000002,5,2,1.0
10,6,4,7,12.0,12.0,10.0,0.8333333333333334,6,1,1.0
10,6,4,8,12.0,12.0,12.0,1.0,6,1,1.0
10,6,4,9,12.0,9.65685424949238,9.300563079745775,0.9631048413342954,4,2,1.0
10,6,5,0,12.0,9.65685424949238,9.656854249492392,1.0000000000000013,4,2,1.0
10,6,5,1,12.0,10.82842712474619,10.47213595499958,0.9670966830508211,5,2,1.0
10,6,5,2,12.0,9.65685424949238,9.656854249492389,1.0000000000000009,4,2,1.0
10,6,5,3,12.0,10.82842712474619,8.576491222541474,0.7920348102026407,5,2,1.0
10,6,5,4,12.0,10.82842712474619,10.82842712474619,1.0,5,2,1.0
10,6,5,5,12.0,10.82842712474619,10.82842712474619,1.0,5,2,1.0
10,6,5,6,12.0,9.65685424949238,9.300563079745789,0.9631048413342969,4,2,1.0
10,6,5,7,12.0,10.82842712474619,10.47213595499959,0.9670966830508221,5,2,1.0
10,6,5,8,12.0,9.65685424949238,9.656854249492387,1.0000000000000007,4,2,1.0
10,6,5,9,12.0,10.82842712474619,10.32455532033677,0.9534676829234117,5,2,1.0
1,7,0,0,14.0,11.65685424949238,11.300563079745782,0.9694350497895164,5,2,1.0
1,7,1,0,14.0,12.82842712474619,12.47213595499958,0.9722264338190517,6,2,1.0
1,7,2,0,14.0,11.65685424949238,11.656854249492387,1.0000000000000007,5,2,1.0
1,7,3,0,14.0,14.0,12.0,0.8571428571428571,7,1,1.0
1,7,4,0,14.0,12.82842712474619,12.828427124746192,1.0000000000000002,6,2,1.0
1,7,5,0,14.0,14.0,12.0,0.8571428571428571,7,1,1.0
2,7,0,0,14.0,12.82842712474619,12.82842712474619,1.0,6,2,1.0
2,7,0,1,14.0,12.82842712474619,10.47213595499958,0.8163226756613602,6,2,1.0
2,7,1,0,14.0,12.82842712474619,10.82842712474619,0.8440962418423085,6,2,1.0
2,7,1,1,14.0,14.0,12.0,0.8571428571428571,7,1,1.0
2,7,2,0,14.0,11.65685424949238,11.656854249492387,1.0000000000000007,5,2,1.0
2,7,2,1,14.0,11.65685424949238,11.211102550927983,0.9617605497140184,5,2,1.0
2,7,3,0,14.0,11.65685424949238,11.65685424949238,1.0,5,2,1.0
2,7,3,1,14.0,12.82842712474619,12.82842712474619,1.0,6,2,1.0
2,7,4,0,14.0,12.82842712474619,11.236067977499804,0.8758726123037558,6,2,1.0
2,7,4,1,14.0,12.82842712474619,12.47213595499958,0.9722264338190517,6,2,1.0
2,7,5,0,14.0,12.82842712474619,12.828427124746195,1.0000000000000004,6,2,1.0
2,7,5,1,14.0,10.48528137423857,10.292528739883956,0.9816168372144795,4,2,1.1117349962712744
3,7,0,0,14.0,11.65685424949238,11.300563079745778,0.9694350497895162,5,2,1.0
3,7,0,1,14.0,12.82842712474619,10.576491222541474,0.8244573648580266,6,2,1.0
3,7,0,2,14.0,11.65685424949238,11.656854249492394,1.000000000000001,5,2,1.0
3,7,1,0,14.0,14.0,10.0,0.7142857142857143,7,1,1.0
3,7,1,1,14.0,14.0,14.0,1.0,7,1,1.0
3,7,1,2,14.0,14.0,14.0,1.0,7,1,1.0
3,7,2,0,14.0,14.0,12.0,0.8571428571428571,7,1,1.0
3,7,2,1,14.0,12.82842712474619,10.576491222541478,0.8244573648580268,6,2,1.0
3,7,2,2,14.0,12.82842712474619,12.47213595499958,0.9722264338190517,6,2,1.0
3,7,3,0,14.0,11.65685424949238,11.656854249492387,1.0000000000000007,5,2,1.0
3,7,3,1,14.0,14.0,12.0,0.8571428571428571,7,1,1.0
3,7,3,2,14.0,12.82842712474619,12.47213595499958,0.9722264338190517,6,2,1.0
3,7,4,0,14.0,12.82842712474619,12.47213595499958,0.9722264338190517,6,2,1.0
3,7,4,1,14.0,12.82842712474619,12.47213595499958,0.9722264338190517,6,2,1.0
3,7,4,2,14.0,12.82842712474619,12.828427124746192,1.0000000000000002,6,2,1.0
3,7,5,0,14.0,12.82842712474619,12.47213595499958,0.9722264338190517,6,2,1.0
3,7,5,1,14.0,12.82842712474619,12.47213595499958,0.9722264338190517,6,2,1.0
3,7,5,2,14.0,10.485281374238571,9.71313935520216,0.9263594374364146,4,2,1.0
4,7,0,0,14.0,11.65685424949238,10.987918414869874,0.9426143777467548,5,2,1.0
4,7,0,1,14.0,14.0,14.0,1.0,7,1,1.0
4,7,0,2,14.0,14.0,14.0,1.0,7,1,1.0
4,7,0,3,14.0,12.82842712474619,12.828427124746195,1.0000000000000004,6,2,1.0
4,7,1,0,14.0,11.65685424949238,11.65685424949239,1.0000000000000009,5,2,1.0
4,7,1,1,14.0,12.82842712474619,12.82842712474619,1.0,6,2,1.0
4,7,1,2,14.0,12.82842712474619,11.236067977499804,0.8758726123037558,6,2,1.0
4,7,1,3,14.0,14.0,12.0,0.8571428571428571,7,1,1.0
4,7,2,0,14.0,12.82842712474619,12.82842712474619,1.0,6,2,1.0
4,7,2,1,14.0,12.82842712474619,12.82842712474619,1.0,6,2,1.0
4,7,2,2,14.0,11.65685424949238,11.300563079745789,0.9694350497895171,5,2,1.0
4,7,2,3,14.0,11.65685424949238,11.300563079745777,0.969435049789516,5,2,1.0
4,7,3,0,14.0,11.65685424949238,11.300563079745794,0.9694350497895176,5,2,1.0
4,7,3,1,14.0,14.0,12.0,0.8571428571428571,7,1,1.0
4,7,3,2,14.0,14.0,12.0,0.8571428571428571,7,1,1.0
4,7,3,3,14.0,12.82842712474619,12.47213595499958,0.9722264338190517,6,2,1.0
4,7,4,0,14.0,12.82842712474619,12.47213595499958,0.9722264338190517,6,2,1.0
4,7,4,1,14.0,11.65685424949238,11.21110255092799,0.961760549714019,5,2,1.0
4,7,4,2,14.0,14.0,10.0,0.7142857142857143,7,1,1.0
4,7,4,3,14.0,12.82842712474619,12.47213595499958,0.9722264338190517,6,2,1.0
4,7,5,0,14.0,12.82842712474619,12.828427124746185,0.9999999999999996,6,2,1.0
4,7,5,1,14.0,11.65685424949238,11.656854249492396,1.0000000000000013,5,2,1.0
4,7,5,2,14.0,12.82842712474619,10.82842712474619,0.8440962418423085,6,2,1.0
4,7,5,3,14.0,12.82842712474619,8.82842712474619,0.6881924836846169,6,2,1.0
5,7,0,0,14.0,14.0,14.0,1.0,7,1,1.0
5,7,0,1,14.0,12.82842712474619,10.828427124746197,0.844096241842309,6,2,1.0
5,7,0,2,14.0,12.82842712474619,12.4721359549996,0.9722264338190533,6,2,1.0
5,7,0,3,14.0,12.82842712474619,10.82842712474619,0.8440962418423085,6,2,1.0
5,7,0,4,14.0,12.82842712474619,12.47213595499958,0.9722264338190517,6,2,1.0
5,7,1,0,14.0,12.82842712474619,10.47213595499958,0.8163226756613602,6,2,1.0
5,7,1,1,14.0,14.0,14.0,1.0,7,1,1.0
5,7,1,2,14.0,11.65685424949238,11.656854249492383,1.0000000000000002,5,2,1.0
5,7,1,3,14.0,11.65685424949238,11.46410161513776,0.9834644381555159,5,2,1.0
5,7,1,4,14.0,11.65685424949238,11.300563079745775,0.9694350497895159,5,2,1.0
5,7,2,0,14.0,14.0,12.0,0.8571428571428571,7,1,1.0
5,7,2,1,14.0,12.82842712474619,11.23606797749979,0.8758726123037547,6,2,1.0
5,7,2,2,14.0,12.82842712474619,12.82842712474619,1.0,6,2,1.0
5,7,2,3,14.0,11.65685424949238,11.152982445082952,0.9567746328790745,5,2,1.0
5,7,2,4,14.0,14.0,14.0,1.0,7,1,1.0
5,7,3,0,14.0,14.0,14.0,1.0,7,1,1.0
5,7,3,1,14.0,11.65685424949238,10.987918414869878,0.9426143777467552,5,2,1.0
5,7,3,2,14.0,12.82842712474619,12.32455532033676,0.9607222460314363,6,2,1.0
5,7,3,3,14.0,14.0,14.0,1.0,7,1,1.0
5,7,3,4,14.0,12.82842712474619,12.47213595499958,0.9722264338190517,6,2,1.0
5,7,4,0,14.0,12.82842712474619,10.47213595499958,0.8163226756613602,6,2,1.0
5,7,4,1,14.0,14.0,12.0,0.8571428571428571,7,1,1.0
5,7,4,2,14.0,14.0,14.0,1.0,7,1,1.0
5,7,4,3,14.0,12.82842712474619,12.32455532033676,0.9607222460314363,6,2,1.0
5,7,4,4,14.0,11.65685424949238,11.300563079745785,0.9694350497895168,5,2,1.0
5,7,5,0,14.0,11.65685424949238,11.6568542494924,1.0000000000000018,5,2,1.0
5,7,5,1,14.0,11.65685424949238,11.656854249492385,1.0000000000000004,5,2,1.0
5,7,5,2,14.0,14.0,12.0,0.8571428571428571,7,1,1.0
5,7,5,3,14.0,12.82842712474619,12.828427124746192,1.0000000000000002,6,2,1.0
5,7,5,4,14.0,12.82842712474619,12.472135954999576,0.9722264338190515,6,2,1.0
6,7,0,0,14.0,14.0,12.0,0.8571428571428571,7,1,1.0
6,7,0,1,14.0,12.82842712474619,10.82842712474619,0.8440962418423085,6,2,1.0
6,7,0,2,14.0,11.65685424949238,11.464101615137768,0.9834644381555164,5,2,1.0
6,7,0,3,14.0,12.82842712474619,12.47213595499958,0.9722264338190517,6,2,1.0
6,7,0,4,14.0,12.82842712474619,12.82842712474619,1.0,6,2,1.0
6,7,0,5,14.0,12.82842712474619,12.828427124746185,0.9999999999999996,6,2,1.0
6,7,1,0,14.0,11.65685424949238,10.944271909999166,0.9388700995790314,5,2,1.0
6,7,1,1,14.0,14.0,12.0,0.8571428571428571,7,1,1.0
6,7,1,2,14.0,11.65685424949238,11.46410161513776,0.9834644381555159,5,2,1.0
6,7,1,3,14.0,14.0,14.0,1.0,7,1,1.0
6,7,1,4,14.0,11.65685424949238,10.98791841486988,0.9426143777467553,5,2,1.0
6,7,1,5,14.0,12.82842712474619,12.828427124746195,1.0000000000000004,6,2,1.0
6,7,2,0,14.0,12.82842712474619,10.576491222541474,0.8244573648580266,6,2,1.0
6,7,2,1,14.0,12.82842712474619,10.82842712474619,0.8440962418423085,6,2,1.0
6,7,2,2,14.0,12.82842712474619,12.47213595499958,0.9722264338190517,6,2,1.0
6,7,2,3,14.0,12.82842712474619,12.472135954999576,0.9722264338190515,6,2,1.0
6,7,2,4,14.0,11.65685424949238,11.300563079745789,0.9694350497895171,5,2,1.0
6,7,2,5,14.0,12.82842712474619,12.32455532033676,0.9607222460314363,6,2,1.0
6,7,3,0,14.0,12.82842712474619,10.82842712474619,0.8440962418423085,6,2,1.0
6,7,3,1,14.0,14.0,12.0,0.8571428571428571,7,1,1.0
6,7,3,2,14.0,11.65685424949238,11.65685424949238,1.0,5,2,1.0
6,7,3,3,14.0,12.82842712474619,12.82842712474619,1.0,6,2,1.0
6,7,3,4,14.0,12.82842712474619,12.47213595499958,0.9722264338190517,6,2,1.0
6,7,3,5,14.0,12.82842712474619,10.47213595499958,0.8163226756613602,6,2,1.0
6,7,4,0,14.0,11.65685424949238,11.300563079745784,0.9694350497895167,5,2,1.0
6,7,4,1,14.0,11.65685424949238,10.097834679044617,0.8662572648606588,5,2,1.0
6,7,4,2,14.0,12.82842712474619,12.47213595499958,0.9722264338190517,6,2,1.0
6,7,4,3,14.0,12.82842712474619,10.82842712474619,0.8440962418423085,6,2,1.0
6,7,4,4,14.0,14.0,12.0,0.8571428571428571,7,1,1.0
6,7,4,5,14.0,11.65685424949238,11.300563079745787,0.9694350497895169,5,2,1.0
6,7,5,0,14.0,10.48528137423857,10.485281374238577,1.0000000000000007,4,2,1.0000000000000002
6,7,5,1,14.0,12.82842712474619,12.47213595499958,0.9722264338190517,6,2,1.0
6,7,5,2,14.0,11.65685424949238,11.300563079745766,0.9694350497895151,5,2,1.0
6,7,5,3,14.0,12.82842712474619,12.47213595499958,0.9722264338190517,6,2,1.0
6,7,5,4,14.0,11.65685424949238,11.300563079745771,0.9694350497895156,5,2,1.0
6,7,5,5,14.0,14.0,12.0,0.8571428571428571,7,1,1.0
7,7,0,0,14.0,11.65685424949238,11.152982445082952,0.9567746328790745,5,2,1.0
7,7,0,1,14.0,11.65685424949238,11.65685424949239,1.0000000000000009,5,2,1.0
7,7,0,2,14.0,12.82842712474619,12.47213595499958,0.9722264338190517,6,2,1.0
7,7,0,3,14.0,14.0,12.0,0.8571428571428571,7,1,1.0
7,7,0,4,14.0,14.0,14.0,1.0,7,1,1.0
7,7,0,5,14.0,14.0,10.0,0.7142857142857143,7,1,1.0
7,7,0,6,14.0,12.82842712474619,12.47213595499959,0.9722264338190526,6,2,1.0
7,7,1,0,14.0,11.65685424949238,11.656854249492387,1.0000000000000007,5,2,1.0
7,7,1,1,14.0,12.82842712474619,10.0,0.7795187907884576,6,2,1.0
7,7,1,2,14.0,11.65685424949238,11.464101615137764,0.9834644381555162,5,2,1.0
7,7,1,3,14.0,12.82842712474619,11.23606797749979,0.8758726123037547,6,2,1.0
7,7,1,4,14.0,14.0,12.0,0.8571428571428571,7,1,1.0
7,7,1,5,14.0,12.82842712474619,12.472135954999585,0.9722264338190522,6,2,1.0
7,7,1,6,14.0,12.82842712474619,12.472135954999587,0.9722264338190523,6,2,1.0
7,7,2,0,14.0,11.65685424949238,9.841619252963792,0.8442774561921252,5,2,1.0
7,7,2,1,14.0,12.82842712474619,12.82842712474619,1.0,6,2,1.0
7,7,2,2,14.0,14.0,12.0,0.8571428571428571,7,1,1.0
7,7,2,3,14.0,11.65685424949238,11.300563079745782,0.9694350497895164,5,2,1.0
7,7,2,4,14.0,12.82842712474619,10.576491222541474,0.8244573648580266,6,2,1.0
7,7,2,5,14.0,12.82842712474619,12.472135954999583,0.972226433819052,6,2,1.0
7,7,2,6,14.0,12.82842712474619,10.47213595499958,0.8163226756613602,6,2,1.0
7,7,3,0,14.0,12.82842712474619,12.324555320336774,0.9607222460314374,6,2,1.0
7,7,3,1,14.0,11.65685424949238,11.300563079745771,0.9694350497895156,5,2,1.0
7,7,3,2,14.0,12.82842712474619,12.47213595499958,0.9722264338190517,6,2,1.0
7,7,3,3,14.0,11.65685424949238,9.46410161513777,0.8118915629017067,5,2,1.1005050633883346
7,7,3,4,14.0,12.82842712474619,12.828427124746197,1.0000000000000004,6,2,1.0
7,7,3,5,14.0,12.82842712474619,12.828427124746204,1.000000000000001,6,2,1.0
7,7,3,6,14.0,12.82842712474619,12.47213595499958,0.9722264338190517,6,2,1.0
7,7,4,0,14.0,12.82842712474619,12.828427124746197,1.0000000000000004,6,2,1.0
7,7,4,1,14.0,11.65685424949238,9.685608925433407,0.8308938859602869,5,2,1.0
7,7,4,2,14.0,12.82842712474619,10.47213595499958,0.8163226756613602,6,2,1.0
7,7,4,3,14.0,12.82842712474619,10.82842712474619,0.8440962418423085,6,2,1.0
7,7,4,4,14.0,12.82842712474619,12.82842712474619,1.0,6,2,1.0
7,7,4,5,14.0,14.0,12.0,0.8571428571428571,7,1,1.0
7,7,4,6,14.0,12.82842712474619,12.82842712474619,1.0,6,2,1.0
7,7,5,0,14.0,12.82842712474619,12.47213595499958,0.9722264338190517,6,2,1.0
7,7,5,1,14.0,12.82842712474619,8.82842712474619,0.6881924836846169,6,2,1.0
7,7,5,2,14.0,14.0,14.0,1.0,7,1,1.0
7,7,5,3,14.0,11.65685424949238,10.796691275336343,0.9262096826685902,5,2,1.0
7,7,5,4,14.0,11.65685424949238,11.656854249492389,1.0000000000000007,5,2,1.0
7,7,5,5,14.0,12.82842712474619,10.359173603117451,0.8075170480669825,6,2,1.0
7,7,5,6,14.0,14.0,12.0,0.8571428571428571,7,1,1.0
8,7,0,0,14.0,12.82842712474619,12.47213595499958,0.9722264338190517,6,2,1.0
8,7,0,1,14.0,12.82842712474619,10.0,0.7795187907884576,6,2,1.0
8,7,0,2,14.0,14.0,12.0,0.8571428571428571,7,1,1.0
8,7,0,3,14.0,14.0,14.0,1.0,7,1,1.0
8,7,0,4,14.0,12.82842712474619,12.828427124746206,1.0000000000000013,6,2,1.0
8,7,0,5,14.0,14.0,14.0,1.0,7,1,1.0
8,7,0,6,14.0,10.48528137423857,10.485281374238582,1.000000000000001,4,2,1.0000000000000002
8,7,0,7,14.0,12.82842712474619,12.82842712474619,1.0,6,2,1.0
8,7,1,0,14.0,11.65685424949238,11.300563079745784,0.9694350497895167,5,2,1.0
8,7,1,1,14.0,14.0,10.0,0.7142857142857143,7,1,1.0
8,7,1,2,14.0,12.82842712474619,12.47213595499958,0.9722264338190517,6,2,1.0
8,7,1,3,14.0,14.0,12.0,0.8571428571428571,7,1,1.0
8,7,1,4,14.0,10.48528137423857,10.128990204491963,0.9660198751917156,4,2,1.0000000000000002
8,7,1,5,14.0,14.0,14.0,1.0,7,1,1.0
8,7,1,6,14.0,14.0,12.0,0.8571428571428571,7,1,1.0
8,7,1,7,14.0,12.82842712474619,12.82842712474619,1.0,6,2,1.0
8,7,2,0,14.0,11.65685424949238,10.09783467904462,0.8662572648606591,5,2,1.0
8,7,2,1,14.0,12.82842712474619,12.82842712474619,1.0,6,2,1.0
8,7,2,2,14.0,12.82842712474619,12.828427124746193,1.0000000000000002,6,2,1.0
8,7,2,3,14.0,14.0,10.0,0.7142857142857143,7,1,1.0
8,7,2,4,14.0,12.82842712474619,12.82842712474619,1.0,6,2,1.0
8,7,2,5,14.0,14.0,14.0,1.0,7,1,1.0
8,7,2,6,14.0,14.0,14.0,1.0,7,1,1.0
8,7,2,7,14.0,14.0,12.0,0.8571428571428571,7,1,1.0
8,7,3,0,14.0,12.82842712474619,12.47213595499958,0.9722264338190517,6,2,1.0
8,7,3,1,14.0,14.0,12.0,0.8571428571428571,7,1,1.0
8,7,3,2,14.0,12.82842712474619,12.82842712474619,1.0,6,2,1.0
8,7,3,3,14.0,11.65685424949238,11.300563079745796,0.9694350497895177,5,2,1.0
8,7,3,4,14.0,12.82842712474619,12.82842712474619,1.0,6,2,1.0
8,7,3,5,14.0,12.82842712474619,12.82842712474619,1.0,6,2,1.0
8,7,3,6,14.0,12.82842712474619,10.47213595499958,0.8163226756613602,6,2,1.0
8,7,3,7,14.0,14.0,14.0,1.0,7,1,1.0
8,7,4,0,14.0,12.82842712474619,12.82842712474619,1.0,6,2,1.0
8,7,4,1,14.0,14.0,12.0,0.8571428571428571,7,1,1.0
8,7,4,2,14.0,12.82842712474619,12.82842712474619,1.0,6,2,1.0
8,7,4,3,14.0,12.82842712474619,10.828427124746195,0.8440962418423089,6,2,1.0
8,7,4,4,14.0,12.82842712474619,12.47213595499958,0.9722264338190517,6,2,1.0
8,7,4,5,14.0,12.82842712474619,12.82842712474619,1.0,6,2,1.0
8,7,4,6,14.0,11.65685424949238,10.987918414869872,0.9426143777467547,5,2,1.0
8,7,4,7,14.0,12.82842712474619,12.828427124746195,1.0000000000000004,6,2,1.0
8,7,5,0,14.0,11.65685424949238,11.46410161513776,0.9834644381555159,5,2,1.0
8,7,5,1,14.0,12.82842712474619,10.828427124746193,0.8440962418423088,6,2,1.0
8,7,5,2,14.0,12.82842712474619,10.828427124746197,0.844096241842309,6,2,1.0
8,7,5,3,14.0,12.82842712474619,12.828427124746199,1.0000000000000007,6,2,1.0
8,7,5,4,14.0,12.82842712474619,12.82842712474619,1.0,6,2,1.0
8,7,5,5,14.0,14.0,12.0,0.8571428571428571,7,1,1.0
8,7,5,6,14.0,12.82842712474619,12.32455532033676,0.9607222460314363,6,2,1.0
8,7,5,7,14.0,12.82842712474619,10.0,0.7795187907884576,6,2,1.0
9,7,0,0,14.0,14.0,10.0,0.7142857142857143,7,1,1.0
9,7,0,1,14.0,14.0,14.0,1.0,7,1,1.0
9,7,0,2,14.0,12.82842712474619,12.47213595499958,0.9722264338190517,6,2,1.0
9,7,0,3,14.0,14.0,10.0,0.7142857142857143,7,1,1.0
9,7,0,4,14.0,12.82842712474619,8.82842712474619,0.6881924836846169,6,2,1.0
9,7,0,5,14.0,11.65685424949238,11.300563079745771,0.9694350497895156,5,2,1.0
9,7,0,6,14.0,12.82842712474619,12.82842712474619,1.0,6,2,1.0
9,7,0,7,14.0,14.0,12.0,0.8571428571428571,7,1,1.0
9,7,0,8,14.0,14.0,14.0,1.0,7,1,1.0
9,7,1,0,14.0,12.82842712474619,10.576491222541474,0.8244573648580266,6,2,1.0
9,7,1,1,14.0,12.82842712474619,12.82842712474619,1.0,6,2,1.0
9,7,1,2,14.0,11.65685424949238,10.097834679044624,0.8662572648606595,5,2,1.0
9,7,1,3,14.0,12.82842712474619,11.23606797749979,0.8758726123037547,6,2,1.0
9,7,1,4,14.0,12.82842712474619,12.32455532033676,0.9607222460314363,6,2,1.0
9,7,1,5,14.0,14.0,12.0,0.8571428571428571,7,1,1.0
9,7,1,6,14.0,14.0,14.0,1.0,7,1,1.0
9,7,1,7,14.0,12.82842712474619,12.47213595499958,0.9722264338190517,6,2,1.0
9,7,1,8,14.0,14.0,14.0,1.0,7,1,1.0
9,7,2,0,14.0,14.0,12.0,0.8571428571428571,7,1,1.0
9,7,2,1,14.0,11.65685424949238,10.814625057107401,0.9277481579199075,5,2,1.0
9,7,2,2,14.0,11.65685424949238,11.300563079745787,0.9694350497895169,5,2,1.0
9,7,2,3,14.0,14.0,12.0,0.8571428571428571,7,1,1.0
9,7,2,4,14.0,12.82842712474619,12.47213595499958,0.9722264338190517,6,2,1.0
9,7,2,5,14.0,12.82842712474619,12.32455532033676,0.9607222460314363,6,2,1.0
9,7,2,6,14.0,12.82842712474619,10.0,0.7795187907884576,6,2,1.0
9,7,2,7,14.0,14.0,14.0,1.0,7,1,1.0
9,7,2,8,14.0,11.65685424949238,10.98791841486987,0.9426143777467545,5,2,1.0
9,7,3,0,14.0,12.82842712474619,12.82842712474619,1.0,6,2,1.0
9,7,3,1,14.0,12.82842712474619,12.82842712474619,1.0,6,2,1.0
9,7,3,2,14.0,12.82842712474619,10.82842712474619,0.8440962418423085,6,2,1.0
9,7,3,3,14.0,11.65685424949238,11.6568542494924,1.0000000000000018,5,2,1.0
9,7,3,4,14.0,11.65685424949238,10.987918414869881,0.9426143777467554,5,2,1.0
9,7,3,5,14.0,14.0,12.0,0.8571428571428571,7,1,1.0
9,7,3,6,14.0,14.0,12.0,0.8571428571428571,7,1,1.0
9,7,3,7,14.0,12.82842712474619,12.47213595499958,0.9722264338190517,6,2,1.0
9,7,3,8,14.0,14.0,10.0,0.7142857142857143,7,1,1.0
9,7,4,0,14.0,14.0,12.0,0.8571428571428571,7,1,1.0
9,7,4,1,14.0,11.65685424949238,11.656854249492383,1.0000000000000002,5,2,1.0
9,7,4,2,14.0,12.82842712474619,10.828427124746193,0.8440962418423088,6,2,1.0
9,7,4,3,14.0,12.82842712474619,12.828427124746188,0.9999999999999999,6,2,1.0
9,7,4,4,14.0,14.0,10.0,0.7142857142857143,7,1,1.0
9,7,4,5,14.0,14.0,10.0,0.7142857142857143,7,1,1.0
9,7,4,6,14.0,12.82842712474619,10.82842712474619,0.8440962418423085,6,2,1.0
9,7,4,7,14.0,11.65685424949238,11.300563079745789,0.9694350497895171,5,2,1.0
9,7,4,8,14.0,14.0,10.0,0.7142857142857143,7,1,1.0
9,7,5,0,14.0,14.0,14.0,1.0,7,1,1.0
9,7,5,1,14.0,14.0,12.0,0.8571428571428571,7,1,1.0
9,7,5,2,14.0,11.65685424949238,10.987918414869872,0.9426143777467547,5,2,1.0
9,7,5,3,14.0,12.82842712474619,12.32455532033676,0.9607222460314363,6,2,1.0
9,7,5,4,14.0,12.82842712474619,10.47213595499958,0.8163226756613602,6,2,1.0
9,7,5,5,14.0,12.82842712474619,11.23606797749979,0.8758726123037547,6,2,1.0
9,7,5,6,14.0,11.65685424949238,11.300563079745771,0.9694350497895156,5,2,1.0
9,7,5,7,14.0,12.82842712474619,10.82842712474619,0.8440962418423085,6,2,1.0
9,7,5,8,14.0,14.0,12.000000000000016,0.8571428571428583,7,1,1.0
10,7,0,0,14.0,12.82842712474619,10.82842712474619,0.8440962418423085,6,2,1.0
10,7,0,1,14.0,11.65685424949238,11.46410161513776,0.9834644381555159,5,2,1.1005050633883346
10,7,0,2,14.0,14.0,14.0,1.0,7,1,1.0
10,7,0,3,14.0,12.82842712474619,12.82842712474619,1.0,6,2,1.0
10,7,0,4,14.0,11.65685424949238,9.656854249492387,0.8284271247461907,5,2,1.0
10,7,0,5,14.0,14.0,10.0,0.7142857142857143,7,1,1.0
10,7,0,6,14.0,12.82842712474619,12.47213595499958,0.9722264338190517,6,2,1.0
10,7,0,7,14.0,12.82842712474619,12.82842712474619,1.0,6,2,1.0
10,7,0,8,14.0,14.0,14.0,1.0,7,1,1.0
10,7,0,9,14.0,11.65685424949238,11.300563079745771,0.9694350497895156,5,2,1.0
10,7,1,0,14.0,14.0,14.0,1.0,7,1,1.0
10,7,1,1,14.0,12.82842712474619,10.828427124746202,0.8440962418423095,6,2,1.0
10,7,1,2,14.0,12.82842712474619,10.47213595499958,0.8163226756613602,6,2,1.0
10,7,1,3,14.0,14.0,10.0,0.7142857142857143,7,1,1.0
10,7,1,4,14.0,11.65685424949238,11.656854249492383,1.0000000000000002,5,2,1.0
10,7,1,5,14.0,14.0,12.0,0.8571428571428571,7,1,1.0
10,7,1,6,14.0,14.0,12.0,0.8571428571428571,7,1,1.0
10,7,1,7,14.0,12.82842712474619,12.82842712474619,1.0,6,2,1.0
10,7,1,8,14.0,14.0,12.0,0.8571428571428571,7,1,1.0
10,7,1,9,14.0,12.82842712474619,10.82842712474619,0.8440962418423085,6,2,1.0
10,7,2,0,14.0,11.65685424949238,11.300563079745768,0.9694350497895152,5,2,1.0
10,7,2,1,14.0,14.0,12.0,0.8571428571428571,7,1,1.0
10,7,2,2,14.0,10.48528137423857,10.039529675674183,0.9574878648788997,4,2,1.0000000000000002
10,7,2,3,14.0,14.0,14.0,1.0,7,1,1.0
10,7,2,4,14.0,12.82842712474619,12.82842712474619,1.0,6,2,1.0
10,7,2,5,14.0,12.82842712474619,12.82842712474619,1.0,6,2,1.0
10,7,2,6,14.0,12.82842712474619,12.32455532033676,0.9607222460314363,6,2,1.0
10,7,2,7,14.0,14.0,10.0,0.7142857142857143,7,1,1.0
10,7,2,8,14.0,12.82842712474619,8.828427124746202,0.6881924836846179,6,2,1.0
10,7,2,9,14.0,12.82842712474619,12.324555320336756,0.960722246031436,6,2,1.0
10,7,3,0,14.0,14.0,12.0,0.8571428571428571,7,1,1.0
10,7,3,1,14.0,14.0,14.0,1.0,7,1,1.0
10,7,3,2,14.0,12.82842712474619,12.82842712474619,1.0,6,2,1.0
10,7,3,3,14.0,14.0,10.0,0.7142857142857143,7,1,1.0
10,7,3,4,14.0,12.82842712474619,12.82842712474619,1.0,6,2,1.0
10,7,3,5,14.0,11.65685424949238,11.464101615137753,0.9834644381555152,5,2,1.0
10,7,3,6,14.0,12.82842712474619,12.82842712474619,1.0,6,2,1.0
10,7,3,7,14.0,12.82842712474619,11.23606797749979,0.8758726123037547,6,2,1.0
10,7,3,8,14.0,14.0,10.0,0.7142857142857143,7,1,1.0
10,7,3,9,14.0,14.0,14.0,1.0,7,1,1.0
10,7,4,0,14.0,11.65685424949238,11.656854249492397,1.0000000000000016,5,2,1.0
10,7,4,1,14.0,14.0,12.0,0.8571428571428571,7,1,1.0
10,7,4,2,14.0,12.82842712474619,10.47213595499958,0.8163226756613602,6,2,1.0
10,7,4,3,14.0,12.82842712474619,10.576491222541474,0.8244573648580266,6,2,1.0
10,7,4,4,14.0,11.65685424949238,11.300563079745789,0.9694350497895171,5,2,1.0
10,7,4,5,14.0,12.82842712474619,12.32455532033676,0.9607222460314363,6,2,1.0
10,7,4,6,14.0,12.82842712474619,12.47213595499958,0.9722264338190517,6,2,1.0
10,7,4,7,14.0,12.82842712474619,12.472135954999583,0.972226433819052,6,2,1.0
10,7,4,8,14.0,14.0,14.0,1.0,7,1,1.0
10,7,4,9,14.0,11.65685424949238,11.656854249492392,1.000000000000001,5,2,1.0
10,7,5,0,14.0,12.82842712474619,12.828427124746199,1.0000000000000007,6,2,1.0
10,7,5,1,14.0,12.82842712474619,10.82842712474619,0.8440962418423085,6,2,1.0
10,7,5,2,14.0,12.82842712474619,11.23606797749979,0.8758726123037547,6,2,1.0
10,7,5,3,14.0,14.0,12.0,0.8571428571428571,7,1,1.0
10,7,5,4,14.0,12.82842712474619,10.82842712474619,0.8440962418423085,6,2,1.0
10,7,5,5,14.0,14.0,10.0,0.7142857142857143,7,1,1.0
10,7,5,6,14.0,12.82842712474619,12.82842712474619,1.0,6,2,1.0
10,7,5,7,14.0,11.65685424949238,11.464101615137764,0.9834644381555162,5,2,1.1005050633883346
10,7,5,8,14.0,12.82842712474619,12.472135954999594,0.9722264338190528,6,2,1.0
10,7,5,9,14.0,11.65685424949238,11.464101615137764,0.9834644381555162,5,2,1.0
1,8,0,0,16.0,14.82842712474619,12.82842712474619,0.865123928305091,7,2,1.0
1,8,1,0,16.0,14.82842712474619,13.23606797749979,0.8926144267459752,7,2,1.0
1,8,2,0,16.0,13.65685424949238,13.152982445082953,0.9631048413342952,6,2,1.0
1,8,3,0,16.0,14.82842712474619,13.23606797749979,0.8926144267459752,7,2,1.0
1,8,4,0,16.0,14.82842712474619,10.576491222541474,0.7132577942060396,7,2,1.0
1,8,5,0,16.0,13.65685424949238,12.064495102245983,0.8834022009639897,6,2,1.0
2,8,0,0,16.0,13.65685424949238,12.097834679044626,0.8858434349545978,6,2,1.0
2,8,0,1,16.0,14.82842712474619,14.47213595499958,0.9759724233224966,7,2,1.0
2,8,1,0,16.0,13.65685424949238,13.65685424949239,1.0000000000000009,6,2,1.0
2,8,1,1,16.0,16.0,12.0,0.75,8,1,1.0
2,8,2,0,16.0,13.65685424949238,11.6856089254334,0.8556589029913495,6,2,1.0
2,8,2,1,16.0,13.65685424949238,12.987918414869881,0.9510183075544383,6,2,1.0
2,8,3,0,16.0,14.82842712474619,14.32455532033676,0.9660198751917153,7,2,1.0
2,8,3,1,16.0,14.82842712474619,13.23606797749979,0.8926144267459752,7,2,1.0
2,8,4,0,16.0,14.82842712474619,12.82842712474619,0.865123928305091,7,2,1.0
2,8,4,1,16.0,16.0,16.0,1.0,8,1,1.0
2,8,5,0,16.0,12.48528137423857,12.14969291096265,0.9731212735046281,5,2,1.0938363213560542
2,8,5,1,16.0,16.0,12.0,0.75,8,1,1.0
3,8,0,0,16.0,16.0,12.000000000000002,0.7500000000000001,8,1,1.0
3,8,0,1,16.0,12.48528137423857,12.485281374238575,1.0000000000000004,5,2,1.0000000000000002
3,8,0,2,16.0,13.65685424949238,13.656854249492387,1.0000000000000004,6,2,1.0
3,8,1,0,16.0,16.0,14.0,0.875,8,1,1.0
3,8,1,1,16.0,13.65685424949238,13.656854249492397,1.0000000000000013,6,2,1.0
3,8,1,2,16.0,13.65685424949238,13.65685424949238,1.0,6,2,1.0
3,8,2,0,16.0,12.48528137423857,12.039529675674174,0.9642978251588199,5,2,1.0000000000000002
3,8,2,1,16.0,14.82842712474619,14.82842712474619,1.0,7,2,1.0
3,8,2,2,16.0,16.0,12.0,0.75,8,1,1.0
3,8,3,0,16.0,13.65685424949238,13.300563079745768,0.9739111831145262,6,2,1.0
3,8,3,1,16.0,13.65685424949238,13.656854249492387,1.0000000000000004,6,2,1.0
3,8,3,2,16.0,12.48528137423857,11.981409569829147,0.9596427353692578,5,2,1.0000000000000002
3,8,4,0,16.0,14.82842712474619,14.47213595499958,0.9759724233224966,7,2,1.0
3,8,4,1,16.0,14.82842712474619,12.32455532033676,0.8311438034968063,7,2,1.0
3,8,4,2,16.0,14.82842712474619,10.472135954999583,0.7062202799326789,7,2,1.0
3,8,5,0,16.0,13.65685424949238,13.152982445082952,0.9631048413342951,6,2,1.0
3,8,5,1,16.0,14.82842712474619,12.828427124746195,0.8651239283050914,7,2,1.0
3,8,5,2,16.0,13.65685424949238,11.656854249492392,0.8535533905932746,6,2,1.0
4,8,0,0,16.0,12.48528137423857,11.93623757013734,0.9560247152111369,5,2,1.0938363213560542
4,8,0,1,16.0,14.82842712474619,10.82842712474619,0.7302478566101821,7,2,1.0
4,8,0,2,16.0,16.0,12.0,0.75,8,1,1.0
4,8,0,3,16.0,12.48528137423857,11.78865693547452,0.9442043460709324,5,2,1.0000000000000002
4,8,1,0,16.0,16.0,12.0,0.75,8,1,1.0
4,8,1,1,16.0,13.65685424949238,13.656854249492383,1.0000000000000002,6,2,1.0
4,8,1,2,16.0,16.0,12.0,0.75,8,1,1.0
4,8,1,3,16.0,14.82842712474619,13.23606797749979,0.8926144267459752,7,2,1.0
4,8,2,0,16.0,13.65685424949238,13.211102550927988,0.9673605875539779,6,2,1.0
4,8,2,1,16.0,12.48528137423857,12.485281374238586,1.0000000000000013,5,2,1.0000000000000002
4,8,2,2,16.0,13.65685424949238,13.300563079745775,0.9739111831145266,6,2,1.0
4,8,2,3,16.0,13.65685424949238,13.656854249492394,1.000000000000001,6,2,1.0
4,8,3,0,16.0,11.313708498984761,11.120955864630155,0.9829629131445358,4,2,1.1035533905932737
4,8,3,1,16.0,16.0,12.0,0.75,8,1,1.0
4,8,3,2,16.0,14.82842712474619,10.82842712474619,0.7302478566101821,7,2,1.0
4,8,3,3,16.0,13.65685424949238,12.944271909999152,0.947822366229052,6,2,1.0
4,8,4,0,16.0,13.65685424949238,12.064495102245989,0.88340220096399,6,2,1.0
4,8,4,1,16.0,13.65685424949238,13.656854249492381,1.0000000000000002,6,2,1.0
4,8,4,2,16.0,14.82842712474619,10.82842712474619,0.7302478566101821,7,2,1.0
4,8,4,3,16.0,12.48528137423857,12.149692910962656,0.9731212735046286,5,2,1.0938363213560542
4,8,5,0,16.0,13.65685424949238,11.560623297836548,0.8465070422982842,6,2,1.0
4,8,5,1,16.0,16.0,14.0,0.875,8,1,1.0
4,8,5,2,16.0,14.82842712474619,12.82842712474619,0.865123928305091,7,2,1.0
4,8,5,3,16.0,13.65685424949238,12.944271909999163,0.9478223662290528,6,2,1.0
5,8,0,0,16.0,14.82842712474619,14.472135954999583,0.9759724233224969,7,2,1.0
5,8,0,1,16.0,16.0,14.0,0.875,8,1,1.0
5,8,0,2,16.0,13.65685424949238,11.656854249492383,0.8535533905932741,6,2,1.0
5,8,0,3,16.0,13.65685424949238,12.987918414869883,0.9510183075544384,6,2,1.0
5,8,0,4,16.0,13.65685424949238,13.65685424949238,1.0,6,2,1.0
5,8,1,0,16.0,12.48528137423857,12.128990204491982,0.9714631045094636,5,2,1.0000000000000002
5,8,1,1,16.0,14.82842712474619,12.000000000000007,0.8092564301694543,7,2,1.0
5,8,1,2,16.0,16.0,14.0,0.875,8,1,1.0
5,8,1,3,16.0,13.65685424949238,11.40491834728768,0.8351058112604224,6,2,1.0
5,8,1,4,16.0,14.82842712474619,12.0,0.8092564301694538,7,2,1.0
5,8,2,0,16.0,14.82842712474619,10.828427124746195,0.7302478566101824,7,2,1.0
5,8,2,1,16.0,13.65685424949238,11.708203932499377,0.8573133840785162,6,2,1.0
5,8,2,2,16.0,16.0,14.0,0.875,8,1,1.0
5,8,2,3,16.0,14.82842712474619,12.82842712474619,0.865123928305091,7,2,1.0
5,8,2,4,16.0,14.82842712474619,14.828427124746174,0.9999999999999989,7,2,1.0
5,8,3,0,16.0,16.0,16.0,1.0,8,1,1.0
5,8,3,1,16.0,14.82842712474619,11.236067977499797,0.7577383550510667,7,2,1.0
5,8,3,2,16.0,14.82842712474619,14.82842712474619,1.0,7,2,1.0
5,8,3,3,16.0,14.82842712474619,12.576491222541474,0.8481338659009486,7,2,1.0
5,8,3,4,16.0,16.0,14.0,0.875,8,1,1.0
5,8,4,0,16.0,14.82842712474619,11.23606797749979,0.7577383550510662,7,2,1.0
5,8,4,1,16.0,14.82842712474619,14.82842712474619,1.0,7,2,1.0
5,8,4,2,16.0,14.82842712474619,12.0,0.8092564301694538,7,2,1.0
5,8,4,3,16.0,14.82842712474619,12.82842712474619,0.865123928305091,7,2,1.0
5,8,4,4,16.0,13.65685424949238,12.064495102245983,0.8834022009639897,6,2,1.0
5,8,5,0,16.0,14.82842712474619,12.47213595499958,0.8410963516275877,7,2,1.0
5,8,5,1,16.0,12.48528137423857,10.670046377709982,0.8546100050036484,5,2,1.0938363213560542
5,8,5,2,16.0,16.0,16.0,1.0,8,1,1.0
5,8,5,3,16.0,14.82842712474619,12.576491222541474,0.8481338659009486,7,2,1.0
5,8,5,4,16.0,14.82842712474619,12.47213595499958,0.8410963516275877,7,2,1.0
6,8,0,0,16.0,14.82842712474619,14.828427124746195,1.0000000000000004,7,2,1.0
6,8,0,1,16.0,13.65685424949238,11.207750943219366,0.820668562354757,6,2,1.0
6,8,0,2,16.0,12.48528137423857,11.81634553961607,0.946422045721553,5,2,1.0000000000000002
6,8,0,3,16.0,16.0,12.0,0.75,8,1,1.0
6,8,0,4,16.0,14.82842712474619,13.23606797749979,0.8926144267459752,7,2,1.0
6,8,0,5,16.0,14.82842712474619,12.828427124746195,0.8651239283050914,7,2,1.0
6,8,1,0,16.0,14.82842712474619,14.47213595499958,0.9759724233224966,7,2,1.0
6,8,1,1,16.0,13.65685424949238,13.300563079745773,0.9739111831145265,6,2,1.0
6,8,1,2,16.0,16.0,14.0,0.875,8,1,1.0
6,8,1,3,16.0,14.82842712474619,10.32455532033676,0.6962677318018974,7,2,1.0
6,8,1,4,16.0,14.82842712474619,14.82842712474619,1.0,7,2,1.0
6,8,1,5,16.0,14.82842712474619,12.576491222541485,0.8481338659009493,7,2,1.0
6,8,2,0,16.0,14.82842712474619,12.576491222541474,0.8481338659009486,7,2,1.0
6,8,2,1,16.0,14.82842712474619,10.82842712474619,0.7302478566101821,7,2,1.0
6,8,2,2,16.0,14.82842712474619,12.82842712474619,0.865123928305091,7,2,1.0
6,8,2,3,16.0,12.48528137423857,11.33525352791196,0.9078893128752779,5,2,1.0000000000000002
6,8,2,4,16.0,14.82842712474619,13.23606797749979,0.8926144267459752,7,2,1.0
6,8,2,5,16.0,13.65685424949238,13.300563079745778,0.973911183114527,6,2,1.0
6,8,3,0,16.0,16.0,12.0,0.75,8,1,1.0
6,8,3,1,16.0,16.0,12.0,0.75,8,1,1.0
6,8,3,2,16.0,13.65685424949238,11.685608925433417,0.8556589029913508,6,2,1.0
6,8,3,3,16.0,14.82842712474619,14.828427124746195,1.0000000000000004,7,2,1.0
6,8,3,4,16.0,13.65685424949238,13.300563079745777,0.9739111831145268,6,2,1.0
6,8,3,5,16.0,14.82842712474619,12.82842712474619,0.865123928305091,7,2,1.0
6,8,4,0,16.0,16.0,12.0,0.75,8,1,1.0
6,8,4,1,16.0,14.82842712474619,13.23606797749979,0.8926144267459752,7,2,1.0
6,8,4,2,16.0,13.65685424949238,13.300563079745764,0.9739111831145258,6,2,1.0
6,8,4,3,16.0,13.65685424949238,13.656854249492376,0.9999999999999998,6,2,1.0
6,8,4,4,16.0,13.65685424949238,13.300563079745771,0.9739111831145264,6,2,1.0
6,8,4,5,16.0,12.48528137423857,12.149692910962646,0.9731212735046277,5,2,1.0000000000000002
6,8,5,0,16.0,13.65685424949238,11.65685424949239,0.8535533905932745,6,2,1.0
6,8,5,1,16.0,14.82842712474619,12.576491222541474,0.8481338659009486,7,2,1.0
6,8,5,2,16.0,13.65685424949238,13.656854249492383,1.0000000000000002,6,2,1.0
6,8,5,3,16.0,14.82842712474619,13.23606797749979,0.8926144267459752,7,2,1.0
6,8,5,4,16.0,14.82842712474619,14.472135954999581,0.9759724233224967,7,2,1.0
6,8,5,5,16.0,13.65685424949238,12.064495102245987,0.8834022009639899,6,2,1.0
7,8,0,0,16.0,14.82842712474619,12.47213595499958,0.8410963516275877,7,2,1.0
7,8,0,1,16.0,14.82842712474619,14.246211251235321,0.960736505051217,7,2,1.0
7,8,0,2,16.0,14.82842712474619,14.47213595499958,0.9759724233224966,7,2,1.0
7,8,0,3,16.0,13.65685424949238,13.464101615137771,0.9858860151222766,6,2,1.0
7,8,0,4,16.0,14.82842712474619,10.32455532033676,0.6962677318018974,7,2,1.0
7,8,0,5,16.0,13.65685424949238,13.211102550927999,0.9673605875539787,6,2,1.0
7,8,0,6,16.0,13.65685424949238,11.404918347287671,0.8351058112604217,6,2,1.0
7,8,1,0,16.0,13.65685424949238,11.211102550927986,0.8209139781472515,6,2,1.085786437626905
7,8,1,1,16.0,14.82842712474619,13.23606797749979,0.8926144267459752,7,2,1.0
7,8,1,2,16.0,16.0,14.0,0.875,8,1,1.0
7,8,1,3,16.0,13.65685424949238,11.656854249492394,0.8535533905932748,6,2,1.0
7,8,1,4,16.0,16.0,14.0,0.875,8,1,1.0
7,8,1,5,16.0,14.82842712474619,14.82842712474619,1.0,7,2,1.0
7,8,1,6,16.0,13.65685424949238,11.685608925433414,0.8556589029913505,6,2,1.0
7,8,2,0,16.0,14.82842712474619,12.82842712474619,0.865123928305091,7,2,1.0
7,8,2,1,16.0,14.82842712474619,14.47213595499958,0.9759724233224966,7,2,1.0
7,8,2,2,16.0,13.65685424949238,13.656854249492378,0.9999999999999999,6,2,1.0
7,8,2,3,16.0,16.0,12.0,0.75,8,1,1.0
7,8,2,4,16.0,12.48528137423857,12.29252873988397,0.9845616107016767,5,2,1.0000000000000002
7,8,2,5,16.0,16.0,14.0,0.875,8,1,1.0
7,8,2,6,16.0,14.82842712474619,13.23606797749979,0.8926144267459752,7,2,1.0
7,8,3,0,16.0,13.65685424949238,13.300563079745775,0.9739111831145266,6,2,1.0
7,8,3,1,16.0,13.65685424949238,13.152982445082944,0.9631048413342945,6,2,1.0
7,8,3,2,16.0,14.82842712474619,14.246211251235321,0.960736505051217,7,2,1.0
7,8,3,3,16.0,14.82842712474619,14.47213595499958,0.9759724233224966,7,2,1.0
7,8,3,4,16.0,14.82842712474619,14.32455532033676,0.9660198751917153,7,2,1.0
7,8,3,5,16.0,13.65685424949238,13.211102550927983,0.9673605875539775,6,2,1.0
7,8,3,6,16.0,14.82842712474619,12.576491222541474,0.8481338659009486,7,2,1.0
7,8,4,0,16.0,13.65685424949238,13.300563079745771,0.9739111831145264,6,2,1.0
7,8,4,1,16.0,14.82842712474619,12.82842712474619,0.865123928305091,7,2,1.0
7,8,4,2,16.0,16.0,12.0,0.75,8,1,1.0
7,8,4,3,16.0,13.65685424949238,9.656854249492405,0.7071067811865493,6,2,1.0
7,8,4,4,16.0,14.82842712474619,12.8284271247462,0.8651239283050918,7,2,1.0
7,8,4,5,16.0,14.82842712474619,14.32455532033676,0.9660198751917153,7,2,1.0
7,8,4,6,16.0,14.82842712474619,12.359173603117451,0.8334783924919479,7,2,1.0
7,8,5,0,16.0,16.0,14.0,0.875,8,1,1.0
7,8,5,1,16.0,13.65685424949238,13.30056307974578,0.9739111831145271,6,2,1.0
7,8,5,2,16.0,14.82842712474619,12.0,0.8092564301694538,7,2,1.0
7,8,5,3,16.0,14.82842712474619,10.82842712474619,0.7302478566101821,7,2,1.0
7,8,5,4,16.0,13.65685424949238,13.103361552104007,0.9594714355680448,6,2,1.0
7,8,5,5,16.0,16.0,12.0,0.75,8,1,1.0
7,8,5,6,16.0,14.82842712474619,12.472135954999583,0.8410963516275879,7,2,1.0
8,8,0,0,16.0,13.65685424949238,11.708203932499394,0.8573133840785175,6,2,1.0
8,8,0,1,16.0,16.0,10.0,0.625,8,1,1.0
8,8,0,2,16.0,13.65685424949238,11.40491834728767,0.8351058112604215,6,2,1.0
8,8,0,3,16.0,13.65685424949238,12.097834679044617,0.8858434349545972,6,2,1.0
8,8,0,4,16.0,16.0,14.0,0.875,8,1,1.0
8,8,0,5,16.0,13.65685424949238,11.685608925433417,0.8556589029913508,6,2,1.0
8,8,0,6,16.0,14.82842712474619,13.23606797749979,0.8926144267459752,7,2,1.0
8,8,0,7,16.0,14.82842712474619,12.47213595499958,0.8410963516275877,7,2,1.0
8,8,1,0,16.0,14.82842712474619,14.47213595499958,0.9759724233224966,7,2,1.0
8,8,1,1,16.0,14.82842712474619,12.0,0.8092564301694538,7,2,1.0
8,8,1,2,16.0,14.82842712474619,12.472135954999587,0.8410963516275881,7,2,1.0
8,8,1,3,16.0,14.82842712474619,12.82842712474619,0.865123928305091,7,2,1.0
8,8,1,4,16.0,16.0,14.0,0.875,8,1,1.0
8,8,1,5,16.0,14.82842712474619,14.828427124746192,1.0000000000000002,7,2,1.0
8,8,1,6,16.0,14.82842712474619,12.82842712474619,0.865123928305091,7,2,1.0
8,8,1,7,16.0,16.0,12.0,0.75,8,1,1.0
8,8,2,0,16.0,13.65685424949238,12.94427190999916,0.9478223662290526,6,2,1.0
8,8,2,1,16.0,13.65685424949238,12.064495102245987,0.8834022009639899,6,2,1.0
8,8,2,2,16.0,13.65685424949238,13.211102550927983,0.9673605875539775,6,2,1.0
8,8,2,3,16.0,14.82842712474619,14.47213595499958,0.9759724233224966,7,2,1.0
8,8,2,4,16.0,14.82842712474619,14.47213595499958,0.9759724233224966,7,2,1.0
8,8,2,5,16.0,14.82842712474619,14.32455532033676,0.9660198751917153,7,2,1.0
8,8,2,6,16.0,14.82842712474619,12.576491222541481,0.8481338659009491,7,2,1.0
8,8,2,7,16.0,13.65685424949238,11.65685424949238,0.8535533905932737,6,2,1.0
8,8,3,0,16.0,13.65685424949238,13.152982445082955,0.9631048413342953,6,2,1.0
8,8,3,1,16.0,16.0,14.0,0.875,8,1,1.0
8,8,3,2,16.0,16.0,14.0,0.875,8,1,1.0
8,8,3,3,16.0,14.82842712474619,13.23606797749979,0.8926144267459752,7,2,1.0
8,8,3,4,16.0,16.0,14.0,0.875,8,1,1.0
8,8,3,5,16.0,16.0,14.0,0.875,8,1,1.0
8,8,3,6,16.0,14.82842712474619,14.82842712474619,1.0,7,2,1.0
8,8,3,7,16.0,16.0,12.0,0.75,8,1,1.0
8,8,4,0,16.0,14.82842712474619,13.23606797749979,0.8926144267459752,7,2,1.0
8,8,4,1,16.0,14.82842712474619,13.23606797749979,0.8926144267459752,7,2,1.0
8,8,4,2,16.0,14.82842712474619,14.47213595499958,0.9759724233224966,7,2,1.0
8,8,4,3,16.0,14.82842712474619,12.82842712474621,0.8651239283050923,7,2,1.0
8,8,4,4,16.0,13.65685424949238,12.814625057107392,0.9383291952159266,6,2,1.0
8,8,4,5,16.0,13.65685424949238,13.152982445082946,0.9631048413342946,6,2,1.0
8,8,4,6,16.0,14.82842712474619,13.236067977499795,0.8926144267459756,7,2,1.0
8,8,4,7,16.0,12.48528137423857,12.292528739883956,0.9845616107016756,5,2,1.0000000000000002
8,8,5,0,16.0,16.0,14.0,0.875,8,1,1.0
8,8,5,1,16.0,13.65685424949238,12.796691275336348,0.9370160244488218,6,2,1.0
8,8,5,2,16.0,16.0,14.0,0.875,8,1,1.0
8,8,5,3,16.0,16.0,14.0,0.875,8,1,1.0
8,8,5,4,16.0,13.65685424949238,13.656854249492394,1.000000000000001,6,2,1.0
8,8,5,5,16.0,14.82842712474619,10.82842712474619,0.7302478566101821,7,2,1.0
8,8,5,6,16.0,14.82842712474619,14.82842712474619,1.0,7,2,1.0
8,8,5,7,16.0,12.48528137423857,12.485281374238578,1.0000000000000007,5,2,1.0000000000000002
9,8,0,0,16.0,16.0,14.0,0.875,8,1,1.0
9,8,0,1,16.0,13.65685424949238,13.300563079745771,0.9739111831145264,6,2,1.0
9,8,0,2,16.0,14.82842712474619,12.576491222541474,0.8481338659009486,7,2,1.0
9,8,0,3,16.0,14.82842712474619,10.32455532033676,0.6962677318018974,7,2,1.0
9,8,0,4,16.0,14.82842712474619,12.47213595499958,0.8410963516275877,7,2,1.0
9,8,0,5,16.0,13.65685424949238,13.656854249492378,0.9999999999999999,6,2,1.0
9,8,0,6,16.0,14.82842712474619,12.82842712474619,0.865123928305091,7,2,1.0
9,8,0,7,16.0,13.65685424949238,13.300563079745771,0.9739111831145264,6,2,1.0
9,8,0,8,16.0,14.82842712474619,12.828427124746199,0.8651239283050917,7,2,1.0
9,8,1,0,16.0,14.82842712474619,14.47213595499958,0.9759724233224966,7,2,1.0
9,8,1,1,16.0,14.82842712474619,10.82842712474619,0.7302478566101821,7,2,1.0
9,8,1,2,16.0,14.82842712474619,13.236067977499788,0.8926144267459751,7,2,1.0
9,8,1,3,16.0,14.82842712474619,12.82842712474621,0.8651239283050923,7,2,1.0
9,8,1,4,16.0,14.82842712474619,12.32455532033676,0.8311438034968063,7,2,1.0
9,8,1,5,16.0,13.65685424949238,11.6568542494924,0.8535533905932752,6,2,1.0
9,8,1,6,16.0,14.82842712474619,14.82842712474619,1.0,7,2,1.0
9,8,1,7,16.0,14.82842712474619,14.47213595499958,0.9759724233224966,7,2,1.0
9,8,1,8,16.0,16.0,14.0,0.875,8,1,1.0
9,8,2,0,16.0,12.48528137423857,12.485281374238582,1.0000000000000009,5,2,1.0000000000000002
9,8,2,1,16.0,14.82842712474619,14.472135954999587,0.9759724233224971,7,2,1.0
9,8,2,2,16.0,14.82842712474619,14.82842712474619,1.0,7,2,1.0
9,8,2,3,16.0,14.82842712474619,14.47213595499958,0.9759724233224966,7,2,1.0
9,8,2,4,16.0,13.65685424949238,11.40491834728767,0.8351058112604215,6,2,1.0
9,8,2,5,16.0,16.0,14.000000000000007,0.8750000000000004,8,1,1.0
9,8,2,6,16.0,16.0,14.0,0.875,8,1,1.0
9,8,2,7,16.0,14.82842712474619,14.32455532033676,0.9660198751917153,7,2,1.0
9,8,2,8,16.0,13.65685424949238,13.300563079745784,0.9739111831145273,6,2,1.0
9,8,3,0,16.0,16.0,12.0,0.75,8,1,1.0
9,8,3,1,16.0,12.48528137423857,12.054678984251709,0.9655111985801664,5,2,1.0000000000000002
9,8,3,2,16.0,13.65685424949238,12.98791841486988,0.9510183075544382,6,2,1.0
9,8,3,3,16.0,16.0,12.0,0.75,8,1,1.0
9,8,3,4,16.0,12.48528137423857,11.517540966287273,0.9224894995199645,5,2,1.0000000000000002
9,8,3,5,16.0,14.82842712474619,12.0,0.8092564301694538,7,2,1.0
9,8,3,6,16.0,16.0,12.0,0.75,8,1,1.0
9,8,3,7,16.0,16.0,14.0,0.875,8,1,1.0
9,8,3,8,16.0,13.65685424949238,13.46410161513775,0.985886015122275,6,2,1.0
9,8,4,0,16.0,16.0,14.0,0.875,8,1,1.0
9,8,4,1,16.0,14.82842712474619,14.472135954999562,0.9759724233224955,7,2,1.0
9,8,4,2,16.0,13.65685424949238,12.064495102246005,0.8834022009639912,6,2,1.0
9,8,4,3,16.0,13.65685424949238,13.300563079745759,0.9739111831145255,6,2,1.0
9,8,4,4,16.0,16.0,12.0,0.75,8,1,1.0
9,8,4,5,16.0,14.82842712474619,14.472135954999578,0.9759724233224965,7,2,1.0
9,8,4,6,16.0,14.82842712474619,12.576491222541478,0.8481338659009489,7,2,1.0
9,8,4,7,16.0,16.0,14.0,0.875,8,1,1.0
9,8,4,8,16.0,13.65685424949238,13.300563079745771,0.9739111831145264,6,2,1.0
9,8,5,0,16.0,13.65685424949238,13.656854249492394,1.000000000000001,6,2,1.0
9,8,5,1,16.0,13.65685424949238,13.300563079745762,0.9739111831145257,6,2,1.0
9,8,5,2,16.0,16.0,14.0,0.875,8,1,1.0
9,8,5,3,16.0,16.0,14.0,0.875,8,1,1.0
9,8,5,4,16.0,13.65685424949238,12.064495102246003,0.883402200963991,6,2,1.0
9,8,5,5,16.0,14.82842712474619,13.23606797749979,0.8926144267459752,7,2,1.0
9,8,5,6,16.0,16.0,12.0,0.75,8,1,1.0
9,8,5,7,16.0,13.65685424949238,10.82842712474622,0.7928932188134546,6,2,1.0
9,8,5,8,16.0,14.82842712474619,12.576491222541474,0.8481338659009486,7,2,1.0
10,8,0,0,16.0,16.0,16.0,1.0,8,1,1.0
10,8,0,1,16.0,14.82842712474619,14.47213595499958,0.9759724233224966,7,2,1.0
10,8,0,2,16.0,16.0,14.0,0.875,8,1,1.0
10,8,0,3,16.0,16.0,14.0,0.875,8,1,1.0
10,8,0,4,16.0,14.82842712474619,14.47213595499958,0.9759724233224966,7,2,1.0
10,8,0,5,16.0,12.48528137423857,12.485281374238575,1.0000000000000004,5,2,1.0000000000000002
10,8,0,6,16.0,16.0,12.0,0.75,8,1,1.0
10,8,0,7,16.0,14.82842712474619,11.23606797749979,0.7577383550510662,7,2,1.0
10,8,0,8,16.0,14.82842712474619,14.47213595499958,0.9759724233224966,7,2,1.0
10,8,0,9,16.0,16.0,14.0,0.875,8,1,1.0
10,8,1,0,16.0,13.65685424949238,13.464101615137753,0.9858860151222752,6,2,1.0
10,8,1,1,16.0,13.65685424949238,13.65685424949238,1.0,6,2,1.0
10,8,1,2,16.0,14.82842712474619,14.47213595499957,0.975972423322496,7,2,1.0
10,8,1,3,16.0,12.48528137423857,10.154405453498532,0.813310100840063,5,2,1.0938363213560542
10,8,1,4,16.0,14.82842712474619,10.82842712474619,0.7302478566101821,7,2,1.0
10,8,1,5,16.0,13.65685424949238,13.300563079745778,0.973911183114527,6,2,1.0
10,8,1,6,16.0,16.0,12.0,0.75,8,1,1.0
10,8,1,7,16.0,14.82842712474619,12.828427124746192,0.8651239283050911,7,2,1.0
10,8,1,8,16.0,14.82842712474619,14.82842712474619,1.0,7,2,1.0
10,8,1,9,16.0,13.65685424949238,13.300563079745773,0.9739111831145265,6,2,1.0
10,8,2,0,16.0,14.82842712474619,14.47213595499958,0.9759724233224966,7,2,1.0
10,8,2,1,16.0,16.0,14.0,0.875,8,1,1.0
10,8,2,2,16.0,13.65685424949238,13.300563079745771,0.9739111831145264,6,2,1.0
10,8,2,3,16.0,16.0,14.0,0.875,8,1,1.0
10,8,2,4,16.0,14.82842712474619,14.828427124746195,1.0000000000000004,7,2,1.0
10,8,2,5,16.0,14.82842712474619,13.23606797749979,0.8926144267459752,7,2,1.0
10,8,2,6,16.0,14.82842712474619,11.236067977499802,0.7577383550510671,7,2,1.0
10,8,2,7,16.0,16.0,12.0,0.75,8,1,1.0
10,8,2,8,16.0,14.82842712474619,12.47213595499958,0.8410963516275877,7,2,1.0
10,8,2,9,16.0,14.82842712474619,12.0,0.8092564301694538,7,2,1.0
10,8,3,0,16.0,13.65685424949238,13.300563079745782,0.9739111831145272,6,2,1.0
10,8,3,1,16.0,16.0,8.0,0.5,8,1,1.0
10,8,3,2,16.0,14.82842712474619,12.82842712474619,0.865123928305091,7,2,1.0
10,8,3,3,16.0,12.48528137423857,12.128990204491975,0.971463104509463,5,2,1.0000000000000002
10,8,3,4,16.0,13.65685424949238,13.656854249492401,1.0000000000000016,6,2,1.0
10,8,3,5,16.0,14.82842712474619,12.828427124746195,0.8651239283050914,7,2,1.0
10,8,3,6,16.0,14.82842712474619,13.23606797749979,0.8926144267459752,7,2,1.0
10,8,3,7,16.0,13.65685424949238,13.65685424949239,1.0000000000000009,6,2,1.0
10,8,3,8,16.0,14.82842712474619,10.82842712474619,0.7302478566101821,7,2,1.0
10,8,3,9,16.0,14.82842712474619,14.47213595499958,0.9759724233224966,7,2,1.0
10,8,4,0,16.0,16.0,14.0,0.875,8,1,1.0
10,8,4,1,16.0,16.0,14.0,0.875,8,1,1.0
10,8,4,2,16.0,13.65685424949238,13.30056307974577,0.9739111831145263,6,2,1.0
10,8,4,3,16.0,16.0,14.0,0.875,8,1,1.0
10,8,4,4,16.0,13.65685424949238,13.300563079745762,0.9739111831145257,6,2,1.0
10,8,4,5,16.0,13.65685424949238,13.103361552104001,0.9594714355680444,6,2,1.0
10,8,4,6,16.0,12.48528137423857,11.93623757013734,0.9560247152111369,5,2,1.0938363213560542
10,8,4,7,16.0,13.65685424949238,13.65685424949238,1.0,6,2,1.0
10,8,4,8,16.0,14.82842712474619,14.828427124746192,1.0000000000000002,7,2,1.0
10,8,4,9,16.0,14.82842712474619,14.472135954999574,0.9759724233224962,7,2,1.0
10,8,5,0,16.0,13.65685424949238,11.300563079745785,0.8274645737078012,6,2,1.0
10,8,5,1,16.0,13.65685424949238,13.464101615137757,0.9858860151222756,6,2,1.085786437626905
10,8,5,2,16.0,14.82842712474619,13.23606797749979,0.8926144267459752,7,2,1.0
10,8,5,3,16.0,13.65685424949238,12.064495102245989,0.88340220096399,6,2,1.0
10,8,5,4,16.0,14.82842712474619,12.82842712474619,0.865123928305091,7,2,1.0
10,8,5,5,16.0,16.0,14.0,0.875,8,1,1.0
10,8,5,6,16.0,13.65685424949238,13.300563079745787,0.9739111831145276,6,2,1.0
10,8,5,7,16.0,14.82842712474619,12.82842712474619,0.865123928305091,7,2,1.0
10,8,5,8,16.0,16.0,13.999999999999998,0.8749999999999999,8,1,1.0
10,8,5,9,16.0,14.82842712474619,10.32455532033676,0.6962677318018974,7,2,1.0
1,9,0,0,18.0,15.65685424949238,11.40491834728767,0.7284297449251298,7,2,1.0
1,9,1,0,18.0,14.48528137423857,13.643052181853594,0.9418562076479341,6,2,1.0
1,9,2,0,18.0,15.65685424949238,15.46410161513775,0.9876889296353462,7,2,1.0
1,9,3,0,18.0,16.82842712474619,14.828427124746192,0.8811534800504914,8,2,1.0
1,9,4,0,18.0,15.65685424949238,14.064495102245974,0.8982963549463947,7,2,1.0
1,9,5,0,18.0,16.82842712474619,13.23606797749979,0.7865303084704904,8,2,1.0
2,9,0,0,18.0,16.82842712474619,14.576491222541474,0.8661826274368062,8,2,1.0
2,9,0,1,18.0,16.82842712474619,14.576491222541485,0.8661826274368069,8,2,1.0
2,9,1,0,18.0,15.65685424949238,12.556592793759414,0.8019869504863353,7,2,1.0
2,9,1,1,18.0,15.65685424949238,15.656854249492383,1.0000000000000002,7,2,1.0
2,9,2,0,18.0,15.65685424949238,14.064495102245989,0.8982963549463956,7,2,1.0
2,9,2,1,18.0,16.82842712474619,15.236067977499793,0.9053768284199992,8,2,1.0
2,9,3,0,18.0,15.65685424949238,15.300563079745759,0.9772437576495819,7,2,1.0
2,9,3,1,18.0,16.82842712474619,14.47213595499958,0.8599814972439291,8,2,1.0
2,9,4,0,18.0,16.82842712474619,14.32455532033676,0.8512117748231212,8,2,1.0
2,9,4,1,18.0,18.0,14.0,0.7777777777777778,9,1,1.0
2,9,5,0,18.0,16.82842712474619,12.576491222541474,0.7473361074872976,8,2,1.0
2,9,5,1,18.0,16.82842712474619,14.828427124746192,0.8811534800504914,8,2,1.0
3,9,0,0,18.0,13.31370849898476,13.31370849898477,1.0000000000000009,5,2,1.0000000000000002
3,9,0,1,18.0,15.65685424949238,14.987918414869863,0.9572752084190728,7,2,1.0
3,9,0,2,18.0,16.82842712474619,14.576491222541474,0.8661826274368062,8,2,1.0
3,9,1,0,18.0,15.65685424949238,13.540614653474993,0.8648362204632518,7,2,1.0
3,9,1,1,18.0,16.82842712474619,12.82842712474619,0.7623069601009826,8,2,1.0
3,9,1,2,18.0,15.65685424949238,13.841619252963785,0.8840613211566782,7,2,1.0
3,9,2,0,18.0,16.82842712474619,14.47213595499958,0.8599814972439291,8,2,1.0
3,9,2,1,18.0,14.48528137423857,12.926261803790812,0.8923721583192437,6,2,1.0000000000000002
3,9,2,2,18.0,16.82842712474619,12.82842712474619,0.7623069601009826,8,2,1.0
3,9,3,0,18.0,16.82842712474619,15.23606797749979,0.905376828419999,8,2,1.0
3,9,3,1,18.0,15.65685424949238,14.987918414869874,0.9572752084190734,7,2,1.0
3,9,3,2,18.0,15.65685424949238,14.944271909999163,0.9544875152991655,7,2,1.0
3,9,4,0,18.0,16.82842712474619,12.47213595499958,0.7411349772944206,8,2,1.0
3,9,4,1,18.0,15.65685424949238,13.708203932499371,0.8755401125959777,7,2,1.0
3,9,4,2,18.0,16.82842712474619,13.23606797749979,0.7865303084704904,8,2,1.0
3,9,5,0,18.0,18.0,14.0,0.7777777777777778,9,1,1.0
3,9,5,1,18.0,15.65685424949238,14.649110640673527,0.9356356268787821,7,2,1.0
3,9,5,2,18.0,15.65685424949238,14.796691275336327,0.9450615710889727,7,2,1.0
4,9,0,0,18.0,15.65685424949238,14.72777334420957,0.9406597972697528,7,2,1.0
4,9,0,1,18.0,18.0,14.0,0.7777777777777778,9,1,1.0
4,9,0,2,18.0,16.82842712474619,12.82842712474619,0.7623069601009826,8,2,1.0
4,9,0,3,18.0,15.65685424949238,15.074638375981522,0.9628139941629887,7,2,1.0
4,9,1,0,18.0,15.65685424949238,14.064495102245996,0.898296354946396,7,2,1.0
4,9,1,1,18.0,16.82842712474619,14.47213595499958,0.8599814972439291,8,2,1.0
4,9,1,2,18.0,15.65685424949238,11.404918347287683,0.7284297449251307,7,2,1.0
4,9,1,3,18.0,15.65685424949238,15.152982445082955,0.9678178134393912,7,2,1.0
4,9,2,0,18.0,16.82842712474619,14.246211251235323,0.8465563148374263,8,2,1.0
4,9,2,1,18.0,14.48528137423857,14.292528739883984,0.9866932074445315,6,2,1.0808802290397617
4,9,2,2,18.0,15.65685424949238,13.6568542494924,0.8722604191027183,7,2,1.0
4,9,2,3,18.0,16.82842712474619,14.47213595499958,0.8599814972439291,8,2,1.0
4,9,3,0,18.0,16.82842712474619,12.82842712474619,0.7623069601009826,8,2,1.0
4,9,3,1,18.0,18.0,14.0,0.7777777777777778,9,1,1.0
4,9,3,2,18.0,15.65685424949238,15.464101615137753,0.9876889296353464,7,2,1.0
4,9,3,3,18.0,15.65685424949238,13.708203932499373,0.8755401125959779,7,2,1.0
4,9,4,0,18.0,15.65685424949238,13.300563079745775,0.8495041767523,7,2,1.0
4,9,4,1,18.0,16.82842712474619,14.47213595499958,0.8599814972439291,8,2,1.0
4,9,4,2,18.0,16.82842712474619,12.82842712474619,0.7623069601009826,8,2,1.0
4,9,4,3,18.0,18.0,16.0,0.8888888888888888,9,1,1.0
4,9,5,0,18.0,16.82842712474619,12.82842712474619,0.7623069601009826,8,2,1.0
4,9,5,1,18.0,16.82842712474619,14.47213595499958,0.8599814972439291,8,2,1.0
4,9,5,2,18.0,14.48528137423857,14.05467898425173,0.9702731083461971,6,2,1.0808802290397617
4,9,5,3,18.0,16.82842712474619,12.576491222541474,0.7473361074872976,8,2,1.0
5,9,0,0,18.0,15.65685424949238,11.70820393249938,0.7478005316986954,7,2,1.0
5,9,0,1,18.0,14.48528137423857,14.03952967567417,0.9692272668339638,6,2,1.0000000000000002
5,9,0,2,18.0,15.65685424949238,13.560623297836562,0.8661141683857867,7,2,1.0
5,9,0,3,18.0,15.65685424949238,15.300563079745784,0.9772437576495836,7,2,1.0
5,9,0,4,18.0,14.48528137423857,14.128990204491966,0.975403227556197,6,2,1.0000000000000002
5,9,1,0,18.0,16.82842712474619,16.47213595499958,0.9788280171934377,8,2,1.0
5,9,1,1,18.0,15.65685424949238,13.65685424949238,0.872260419102717,7,2,1.0
5,9,1,2,18.0,15.65685424949238,12.83920668352161,0.8200374404033223,7,2,1.0
5,9,1,3,18.0,16.82842712474619,14.359173603117451,0.8532689060406777,8,2,1.0
5,9,1,4,18.0,16.82842712474619,15.236067977499784,0.9053768284199987,8,2,1.0
5,9,2,0,18.0,15.65685424949238,11.81255920004127,0.7544656807688078,7,2,1.0
5,9,2,1,18.0,14.48528137423857,12.569970634044196,0.8677753858754399,6,2,1.0000000000000002
5,9,2,2,18.0,18.0,16.0,0.8888888888888888,9,1,1.0
5,9,2,3,18.0,15.65685424949238,15.152982445082952,0.967817813439391,7,2,1.0
5,9,2,4,18.0,16.82842712474619,12.82842712474619,0.7623069601009826,8,2,1.0
5,9,3,0,18.0,14.48528137423857,13.772699034745353,0.9508064551123934,6,2,1.0000000000000002
5,9,3,1,18.0,18.0,14.0,0.7777777777777778,9,1,1.0
5,9,3,2,18.0,16.82842712474619,12.47213595499958,0.7411349772944206,8,2,1.0
5,9,3,3,18.0,18.0,16.0,0.8888888888888888,9,1,1.0
5,9,3,4,18.0,15.65685424949238,13.464101615137755,0.8599493487380636,7,2,1.0
5,9,4,0,18.0,16.82842712474619,12.828427124746192,0.7623069601009828,8,2,1.0
5,9,4,1,18.0,14.48528137423857,12.67004637770997,0.8746841742572626,6,2,1.0000000000000002
5,9,4,2,18.0,15.65685424949238,14.81462505710741,0.9462069979726434,7,2,1.0
5,9,4,3,18.0,16.82842712474619,13.23606797749979,0.7865303084704904,8,2,1.0
5,9,4,4,18.0,16.82842712474619,12.828427124746192,0.7623069601009828,8,2,1.0
5,9,5,0,18.0,15.65685424949238,12.712060802807851,0.8119166596457266,7,2,1.0
5,9,5,1,18.0,14.48528137423857,14.485281374238596,1.0000000000000018,6,2,1.0000000000000002
5,9,5,2,18.0,14.48528137423857,13.936237570137335,0.9620964350007253,6,2,1.0000000000000002
5,9,5,3,18.0,13.31370849898476,12.928203230275516,0.9710444863098332,5,2,1.0879974858502535
5,9,5,4,18.0,15.65685424949238,11.536921224440668,0.7368607410275096,7,2,1.0
6,9,0,0,18.0,15.65685424949238,15.300563079745764,0.9772437576495823,7,2,1.0
6,9,0,1,18.0,16.82842712474619,14.828427124746192,0.8811534800504914,8,2,1.0
6,9,0,2,18.0,14.48528137423857,13.788656935474533,0.9519081182638984,6,2,1.0808802290397617
6,9,0,3,18.0,16.82842712474619,14.47213595499958,0.8599814972439291,8,2,1.0
6,9,0,4,18.0,15.65685424949238,15.656854249492387,1.0000000000000004,7,2,1.0
6,9,0,5,18.0,13.31370849898476,12.627503029350088,0.9484587281081752,5,2,1.0879974858502535
6,9,1,0,18.0,15.65685424949238,13.708203932499377,0.8755401125959781,7,2,1.0
6,9,1,1,18.0,14.48528137423857,13.936237570137349,0.9620964350007263,6,2,1.0808802290397617
6,9,1,2,18.0,15.65685424949238,15.300563079745771,0.9772437576495828,7,2,1.0
6,9,1,3,18.0,16.82842712474619,15.23606797749979,0.905376828419999,8,2,1.0
6,9,1,4,18.0,16.82842712474619,12.82842712474619,0.7623069601009826,8,2,1.0
6,9,1,5,18.0,16.82842712474619,16.32455532033676,0.9700582947726298,8,2,1.0
6,9,2,0,18.0,14.48528137423857,13.816345539616078,0.9538196174903331,6,2,1.0000000000000002
6,9,2,1,18.0,14.48528137423857,13.83021404686533,0.954777038122418,6,2,1.0808802290397617
6,9,2,2,18.0,15.65685424949238,14.94427190999916,0.9544875152991653,7,2,1.0
6,9,2,3,18.0,16.82842712474619,12.47213595499958,0.7411349772944206,8,2,1.0
6,9,2,4,18.0,18.0,14.0,0.7777777777777778,9,1,1.0
6,9,2,5,18.0,14.48528137423857,13.64305218185359,0.9418562076479339,6,2,1.0000000000000002
6,9,3,0,18.0,15.65685424949238,11.65685424949239,0.7445208382054348,7,2,1.0
6,9,3,1,18.0,16.82842712474619,12.828427124746193,0.7623069601009829,8,2,1.0
6,9,3,2,18.0,15.65685424949238,13.70820393249937,0.8755401125959776,7,2,1.0
6,9,3,3,18.0,14.48528137423857,13.71313935520214,0.9466947172728277,6,2,1.0000000000000002
6,9,3,4,18.0,13.31370849898476,12.978120035708852,0.9747937651405318,5,2,1.0000000000000002
6,9,3,5,18.0,16.82842712474619,14.0,0.8319256396465602,8,2,1.0
6,9,4,0,18.0,16.82842712474619,12.82842712474619,0.7623069601009826,8,2,1.0
6,9,4,1,18.0,15.65685424949238,13.70820393249937,0.8755401125959776,7,2,1.0
6,9,4,2,18.0,15.65685424949238,14.064495102245981,0.8982963549463951,7,2,1.0
6,9,4,3,18.0,15.65685424949238,15.656854249492376,0.9999999999999998,7,2,1.0
6,9,4,4,18.0,16.82842712474619,14.576491222541474,0.8661826274368062,8,2,1.0
6,9,4,5,18.0,16.82842712474619,12.47213595499958,0.7411349772944206,8,2,1.0
6,9,5,0,18.0,16.82842712474619,14.576491222541474,0.8661826274368062,8,2,1.0
6,9,5,1,18.0,14.48528137423857,14.128990204491977,0.9754032275561978,6,2,1.0000000000000002
6,9,5,2,18.0,16.82842712474619,12.82842712474619,0.7623069601009826,8,2,1.0
6,9,5,3,18.0,16.82842712474619,16.47213595499958,0.9788280171934377,8,2,1.0
6,9,5,4,18.0,15.65685424949238,13.841619252963785,0.8840613211566782,7,2,1.0
6,9,5,5,18.0,15.65685424949238,13.70820393249937,0.8755401125959776,7,2,1.0
7,9,0,0,18.0,15.65685424949238,11.464101615137771,0.7322097678407816,7,2,1.0
7,9,0,1,18.0,15.65685424949238,15.074638375981511,0.9628139941629881,7,2,1.0
7,9,0,2,18.0,16.82842712474619,16.47213595499958,0.9788280171934377,8,2,1.0
7,9,0,3,18.0,14.48528137423857,12.036178067965558,0.8309246991481551,6,2,1.0000000000000002
7,9,0,4,18.0,18.0,16.0,0.8888888888888888,9,1,1.0
7,9,0,5,18.0,16.82842712474619,12.32455532033676,0.7323652548736126,8,2,1.0
7,9,0,6,18.0,16.82842712474619,15.236067977499792,0.9053768284199991,8,2,1.0
7,9,1,0,18.0,16.82842712474619,12.576491222541474,0.7473361074872976,8,2,1.0
7,9,1,1,18.0,15.65685424949238,14.064495102245992,0.8982963549463958,7,2,1.0
7,9,1,2,18.0,18.0,12.0,0.6666666666666666,9,1,1.0
7,9,1,3,18.0,16.82842712474619,12.47213595499958,0.7411349772944206,8,2,1.0
7,9,1,4,18.0,16.82842712474619,13.23606797749979,0.7865303084704904,8,2,1.0
7,9,1,5,18.0,16.82842712474619,14.576491222541474,0.8661826274368062,8,2,1.0
7,9,1,6,18.0,18.0,14.0,0.7777777777777778,9,1,1.0
7,9,2,0,18.0,18.0,16.0,0.8888888888888888,9,1,1.0
7,9,2,1,18.0,16.82842712474619,14.576491222541474,0.8661826274368062,8,2,1.0
7,9,2,2,18.0,15.65685424949238,13.656854249492387,0.8722604191027176,7,2,1.0
7,9,2,3,18.0,15.65685424949238,13.111260638182243,0.837413469478221,7,2,1.0
7,9,2,4,18.0,15.65685424949238,14.796691275336327,0.9450615710889727,7,2,1.0
7,9,2,5,18.0,14.48528137423857,12.29318111877702,0.84866705735105,6,2,1.0808802290397617
7,9,2,6,18.0,16.82842712474619,14.359173603117451,0.8532689060406777,8,2,1.0
7,9,3,0,18.0,15.65685424949238,12.944271909999173,0.8267479344018833,7,2,1.0
7,9,3,1,18.0,15.65685424949238,13.540614653475007,0.8648362204632527,7,2,1.0
7,9,3,2,18.0,15.65685424949238,14.656991753840838,0.9361389919252804,7,2,1.0
7,9,3,3,18.0,16.82842712474619,14.261297173761166,0.8474527695336386,8,2,1.0
7,9,3,4,18.0,16.82842712474619,14.828427124746192,0.8811534800504914,8,2,1.0
7,9,3,5,18.0,14.48528137423857,13.936237570137347,0.9620964350007262,6,2,1.0000000000000002
7,9,3,6,18.0,14.48528137423857,14.29252873988396,0.9866932074445297,6,2,1.0000000000000002
7,9,4,0,18.0,15.65685424949238,14.94427190999916,0.9544875152991653,7,2,1.0
7,9,4,1,18.0,14.48528137423857,14.485281374238575,1.0000000000000004,6,2,1.0000000000000002
7,9,4,2,18.0,16.82842712474619,13.23606797749979,0.7865303084704904,8,2,1.0
7,9,4,3,18.0,15.65685424949238,15.300563079745775,0.977243757649583,7,2,1.0
7,9,4,4,18.0,16.82842712474619,12.82842712474619,0.7623069601009826,8,2,1.0
7,9,4,5,18.0,14.48528137423857,14.485281374238578,1.0000000000000007,6,2,1.0000000000000002
7,9,4,6,18.0,15.65685424949238,14.064495102245974,0.8982963549463947,7,2,1.0
7,9,5,0,18.0,15.65685424949238,15.152982445082948,0.9678178134393908,7,2,1.0
7,9,5,1,18.0,18.0,12.0,0.6666666666666666,9,1,1.0
7,9,5,2,18.0,15.65685424949238,15.65685424949239,1.0000000000000007,7,2,1.0
7,9,5,3,18.0,15.65685424949238,14.944271909999163,0.9544875152991655,7,2,1.0
7,9,5,4,18.0,15.65685424949238,15.30056307974575,0.9772437576495814,7,2,1.0
7,9,5,5,18.0,14.48528137423857,14.485281374238575,1.0000000000000004,6,2,1.0000000000000002
7,9,5,6,18.0,15.65685424949238,11.300563079745778,0.7217645958550174,7,2,1.0
8,9,0,0,18.0,14.48528137423857,11.967790460868766,0.8262035200885328,6,2,1.0000000000000002
8,9,0,1,18.0,16.82842712474619,14.472135954999578,0.859981497243929,8,2,1.0
8,9,0,2,18.0,15.65685424949238,15.300563079745778,0.9772437576495833,7,2,1.0
8,9,0,3,18.0,16.82842712474619,13.23606797749979,0.7865303084704904,8,2,1.0
8,9,0,4,18.0,16.82842712474619,16.32455532033676,0.9700582947726298,8,2,1.0
8,9,0,5,18.0,16.82842712474619,12.359173603117451,0.7344223860911692,8,2,1.0
8,9,0,6,18.0,14.48528137423857,14.128990204491968,0.9754032275561972,6,2,1.0000000000000002
8,9,0,7,18.0,16.82842712474619,16.82842712474619,1.0,8,2,1.0
8,9,1,0,18.0,16.82842712474619,14.828427124746192,0.8811534800504914,8,2,1.0
8,9,1,1,18.0,15.65685424949238,15.300563079745764,0.9772437576495823,7,2,1.0
8,9,1,2,18.0,18.0,12.0,0.6666666666666666,9,1,1.0
8,9,1,3,18.0,15.65685424949238,14.06449510224598,0.898296354946395,7,2,1.0
8,9,1,4,18.0,15.65685424949238,15.300563079745789,0.9772437576495839,7,2,1.0
8,9,1,5,18.0,18.0,14.0,0.7777777777777778,9,1,1.0
8,9,1,6,18.0,16.82842712474619,13.236067977499804,0.7865303084704912,8,2,1.0
8,9,1,7,18.0,16.82842712474619,12.82842712474619,0.7623069601009826,8,2,1.0
8,9,2,0,18.0,14.48528137423857,13.936237570137335,0.9620964350007253,6,2,1.0000000000000002
8,9,2,1,18.0,18.0,14.0,0.7777777777777778,9,1,1.0
8,9,2,2,18.0,18.0,14.0,0.7777777777777778,9,1,1.0
8,9,2,3,18.0,16.82842712474619,14.828427124746192,0.8811534800504914,8,2,1.0
8,9,2,4,18.0,15.65685424949238,12.91887059621061,0.8251255578130875,7,2,1.0
8,9,2,5,18.0,16.82842712474619,14.359173603117462,0.8532689060406784,8,2,1.0
8,9,2,6,18.0,14.48528137423857,14.292528739883963,0.9866932074445299,6,2,1.0808802290397617
8,9,2,7,18.0,15.65685424949238,13.404918347287666,0.8561693258224126,7,2,1.0
8,9,3,0,18.0,15.65685424949238,15.103361552104007,0.9646485374029513,7,2,1.0
8,9,3,1,18.0,16.82842712474619,14.47213595499958,0.8599814972439291,8,2,1.0
8,9,3,2,18.0,14.48528137423857,13.772699034745383,0.9508064551123955,6,2,1.0000000000000002
8,9,3,3,18.0,14.48528137423857,13.936237570137331,0.9620964350007251,6,2,1.0808802290397617
8,9,3,4,18.0,15.65685424949238,13.656854249492401,0.8722604191027185,7,2,1.0
8,9,3,5,18.0,16.82842712474619,16.82842712474619,1.0,8,2,1.0
8,9,3,6,18.0,16.82842712474619,15.23606797749979,0.905376828419999,8,2,1.0
8,9,3,7,18.0,16.82842712474619,14.828427124746192,0.8811534800504914,8,2,1.0
8,9,4,0,18.0,18.0,14.0,0.7777777777777778,9,1,1.0
8,9,4,1,18.0,16.82842712474619,14.576491222541474,0.8661826274368062,8,2,1.0
8,9,4,2,18.0,15.65685424949238,13.656854249492387,0.8722604191027176,7,2,1.0
8,9,4,3,18.0,18.0,16.0,0.8888888888888888,9,1,1.0
8,9,4,4,18.0,16.82842712474619,13.23606797749979,0.7865303084704904,8,2,1.0
8,9,4,5,18.0,15.65685424949238,14.796691275336329,0.9450615710889728,7,2,1.0
8,9,4,6,18.0,18.0,14.0,0.7777777777777778,9,1,1.0
8,9,4,7,18.0,16.82842712474619,14.576491222541478,0.8661826274368064,8,2,1.0
8,9,5,0,18.0,18.0,14.0,0.7777777777777778,9,1,1.0
8,9,5,1,18.0,14.48528137423857,13.772699034745353,0.9508064551123934,6,2,1.0000000000000002
8,9,5,2,18.0,15.65685424949238,12.82842712474621,0.8193489522432086,7,2,1.0
8,9,5,3,18.0,15.65685424949238,12.55659279375942,0.8019869504863356,7,2,1.0
8,9,5,4,18.0,16.82842712474619,12.32455532033676,0.7323652548736126,8,2,1.0
8,9,5,5,18.0,15.65685424949238,15.300563079745775,0.977243757649583,7,2,1.0
8,9,5,6,18.0,15.65685424949238,14.097834679044617,0.9004257467301704,7,2,1.0
8,9,5,7,18.0,18.0,16.0,0.8888888888888888,9,1,1.0
9,9,0,0,18.0,15.65685424949238,14.94427190999916,0.9544875152991653,7,2,1.0
9,9,0,1,18.0,15.65685424949238,15.300563079745773,0.9772437576495829,7,2,1.0
9,9,0,2,18.0,16.82842712474619,10.576491222541474,0.6284895875377889,8,2,1.0
9,9,0,3,18.0,15.65685424949238,13.211102550927984,0.8437903515232832,7,2,1.0
9,9,0,4,18.0,16.82842712474619,14.32455532033676,0.8512117748231212,8,2,1.0
9,9,0,5,18.0,14.48528137423857,14.128990204491965,0.9754032275561969,6,2,1.0000000000000002
9,9,0,6,18.0,15.65685424949238,13.404918347287664,0.8561693258224125,7,2,1.0
9,9,0,7,18.0,16.82842712474619,14.47213595499958,0.8599814972439291,8,2,1.0
9,9,0,8,18.0,14.48528137423857,14.485281374238575,1.0000000000000004,6,2,1.0000000000000002
9,9,1,0,18.0,18.0,16.0,0.8888888888888888,9,1,1.0
9,9,1,1,18.0,14.48528137423857,13.81634553961607,0.9538196174903324,6,2,1.0000000000000002
9,9,1,2,18.0,16.82842712474619,14.828427124746192,0.8811534800504914,8,2,1.0
9,9,1,3,18.0,15.65685424949238,13.65685424949238,0.872260419102717,7,2,1.0
9,9,1,4,18.0,15.65685424949238,11.464101615137764,0.7322097678407812,7,2,1.0
9,9,1,5,18.0,14.48528137423857,13.643052181853587,0.9418562076479337,6,2,1.0000000000000002
9,9,1,6,18.0,16.82842712474619,14.828427124746192,0.8811534800504914,8,2,1.0
9,9,1,7,18.0,16.82842712474619,12.828427124746208,0.7623069601009838,8,2,1.0
9,9,1,8,18.0,14.48528137423857,14.12899020449197,0.9754032275561973,6,2,1.0000000000000002
9,9,2,0,18.0,16.82842712474619,12.82842712474619,0.7623069601009826,8,2,1.0
9,9,2,1,18.0,14.48528137423857,12.154405453498534,0.8390865969034336,6,2,1.0000000000000002
9,9,2,2,18.0,18.0,18.0,1.0,9,1,1.0
9,9,2,3,18.0,13.31370849898476,12.764664694883528,0.9587610165760277,5,2,1.0000000000000002
9,9,2,4,18.0,15.65685424949238,14.064495102245992,0.8982963549463958,7,2,1.0
9,9,2,5,18.0,16.82842712474619,16.82842712474619,1.0,8,2,1.0
9,9,2,6,18.0,18.0,14.0,0.7777777777777778,9,1,1.0
9,9,2,7,18.0,16.82842712474619,14.576491222541474,0.8661826274368062,8,2,1.0
9,9,2,8,18.0,16.82842712474619,15.23606797749979,0.905376828419999,8,2,1.0
9,9,3,0,18.0,15.65685424949238,12.47213595499958,0.79659270989279,7,2,1.0
9,9,3,1,18.0,15.65685424949238,13.404918347287664,0.8561693258224125,7,2,1.0
9,9,3,2,18.0,16.82842712474619,14.828427124746192,0.8811534800504914,8,2,1.0
9,9,3,3,18.0,16.82842712474619,16.47213595499958,0.9788280171934377,8,2,1.0
9,9,3,4,18.0,16.82842712474619,14.47213595499958,0.8599814972439291,8,2,1.0
9,9,3,5,18.0,16.82842712474619,14.47213595499958,0.8599814972439291,8,2,1.0
9,9,3,6,18.0,16.82842712474619,12.47213595499958,0.7411349772944206,8,2,1.0
9,9,3,7,18.0,15.65685424949238,15.300563079745764,0.9772437576495823,7,2,1.0
9,9,3,8,18.0,16.82842712474619,12.82842712474619,0.7623069601009826,8,2,1.0
9,9,4,0,18.0,16.82842712474619,16.82842712474619,1.0,8,2,1.0
9,9,4,1,18.0,16.82842712474619,14.0,0.8319256396465602,8,2,1.0
9,9,4,2,18.0,15.65685424949238,15.300563079745775,0.977243757649583,7,2,1.0
9,9,4,3,18.0,18.0,12.0,0.6666666666666666,9,1,1.0
9,9,4,4,18.0,14.48528137423857,14.292528739883956,0.9866932074445295,6,2,1.0808802290397617
9,9,4,5,18.0,16.82842712474619,14.828427124746192,0.8811534800504914,8,2,1.0
9,9,4,6,18.0,16.82842712474619,14.576491222541474,0.8661826274368062,8,2,1.0
9,9,4,7,18.0,16.82842712474619,12.47213595499958,0.7411349772944206,8,2,1.0
9,9,4,8,18.0,14.48528137423857,14.292528739883956,0.9866932074445295,6,2,1.0000000000000002
9,9,5,0,18.0,16.82842712474619,14.359173603117451,0.8532689060406777,8,2,1.0
9,9,5,1,18.0,16.82842712474619,15.23606797749979,0.905376828419999,8,2,1.0
9,9,5,2,18.0,18.0,14.0,0.7777777777777778,9,1,1.0
9,9,5,3,18.0,15.65685424949238,14.064495102245981,0.8982963549463951,7,2,1.0
9,9,5,4,18.0,16.82842712474619,15.23606797749979,0.905376828419999,8,2,1.0
9,9,5,5,18.0,16.82842712474619,15.23606797749979,0.905376828419999,8,2,1.0
9,9,5,6,18.0,18.0,14.0,0.7777777777777778,9,1,1.0
9,9,5,7,18.0,18.0,12.0,0.6666666666666666,9,1,1.0
9,9,5,8,18.0,14.48528137423857,14.485281374238582,1.0000000000000009,6,2,1.0000000000000002
10,9,0,0,18.0,16.82842712474619,14.576491222541474,0.8661826274368062,8,2,1.0
10,9,0,1,18.0,18.0,16.0,0.8888888888888888,9,1,1.0
10,9,0,2,18.0,14.48528137423857,13.772699034745354,0.9508064551123935,6,2,1.0000000000000002
10,9,0,3,18.0,15.65685424949238,12.831309558117031,0.8195330526585851,7,2,1.0
10,9,0,4,18.0,15.65685424949238,13.187600727863643,0.8422892950090026,7,2,1.0
10,9,0,5,18.0,15.65685424949238,15.300563079745768,0.9772437576495825,7,2,1.0
10,9,0,6,18.0,16.82842712474619,14.576491222541474,0.8661826274368062,8,2,1.0
10,9,0,7,18.0,18.0,14.0,0.7777777777777778,9,1,1.0
10,9,0,8,18.0,15.65685424949238,15.300563079745762,0.9772437576495822,7,2,1.0
10,9,0,9,18.0,15.65685424949238,13.30056307974578,0.8495041767523004,7,2,1.0
10,9,1,0,18.0,16.82842712474619,14.32455532033676,0.8512117748231212,8,2,1.0
10,9,1,1,18.0,15.65685424949238,13.40491834728767,0.8561693258224128,7,2,1.0
10,9,1,2,18.0,14.48528137423857,12.892922226992185,0.8900705408402819,6,2,1.0000000000000002
10,9,1,3,18.0,16.82842712474619,14.576491222541474,0.8661826274368062,8,2,1.0
10,9,1,4,18.0,15.65685424949238,15.152982445082952,0.967817813439391,7,2,1.0
10,9,1,5,18.0,16.82842712474619,16.32455532033676,0.9700582947726298,8,2,1.0
10,9,1,6,18.0,16.82842712474619,16.324555320336778,0.9700582947726308,8,2,1.0
10,9,1,7,18.0,15.65685424949238,13.560623297836544,0.8661141683857855,7,2,1.0
10,9,1,8,18.0,15.65685424949238,12.694838436023307,0.810816670688168,7,2,1.0
10,9,1,9,18.0,15.65685424949238,13.283731583620883,0.8484291526218661,7,2,1.0748281140377733
10,9,2,0,18.0,16.82842712474619,14.828427124746192,0.8811534800504914,8,2,1.0
10,9,2,1,18.0,15.65685424949238,13.464101615137759,0.8599493487380638,7,2,1.0
10,9,2,2,18.0,15.65685424949238,13.048627177541055,0.8334130834719952,7,2,1.0
10,9,2,3,18.0,14.48528137423857,14.128990204491974,0.9754032275561976,6,2,1.0000000000000002
10,9,2,4,18.0,15.65685424949238,13.404918347287659,0.8561693258224121,7,2,1.0
10,9,2,5,18.0,15.65685424949238,14.796691275336341,0.9450615710889736,7,2,1.0
10,9,2,6,18.0,18.0,16.0,0.8888888888888888,9,1,1.0
10,9,2,7,18.0,15.65685424949238,14.814625057107396,0.9462069979726425,7,2,1.0
10,9,2,8,18.0,18.0,14.0,0.7777777777777778,9,1,1.0
10,9,2,9,18.0,16.82842712474619,13.23606797749979,0.7865303084704904,8,2,1.0
10,9,3,0,18.0,15.65685424949238,13.211102550927992,0.8437903515232836,7,2,1.0
10,9,3,1,18.0,16.82842712474619,14.32455532033676,0.8512117748231212,8,2,1.0
10,9,3,2,18.0,16.82842712474619,10.82842712474619,0.6434604401514741,8,2,1.0
10,9,3,3,18.0,14.48528137423857,13.643052181853587,0.9418562076479337,6,2,1.0000000000000002
10,9,3,4,18.0,15.65685424949238,15.65685424949238,1.0,7,2,1.0
10,9,3,5,18.0,15.65685424949238,12.353455962740432,0.7890126436567518,7,2,1.0
10,9,3,6,18.0,15.65685424949238,15.152982445082959,0.9678178134393914,7,2,1.0
10,9,3,7,18.0,15.65685424949238,13.404918347287662,0.8561693258224123,7,2,1.0
10,9,3,8,18.0,15.65685424949238,13.187600727863636,0.8422892950090022,7,2,1.0
10,9,3,9,18.0,16.82842712474619,12.472135954999588,0.7411349772944211,8,2,1.0
10,9,4,0,18.0,16.82842712474619,14.0,0.8319256396465602,8,2,1.0
10,9,4,1,18.0,15.65685424949238,13.048627177541071,0.8334130834719963,7,2,1.0
10,9,4,2,18.0,16.82842712474619,14.576491222541474,0.8661826274368062,8,2,1.0
10,9,4,3,18.0,16.82842712474619,13.23606797749979,0.7865303084704904,8,2,1.0
10,9,4,4,18.0,16.82842712474619,14.828427124746188,0.8811534800504912,8,2,1.0
10,9,4,5,18.0,15.65685424949238,15.656854249492376,0.9999999999999998,7,2,1.0
10,9,4,6,18.0,18.0,14.0,0.7777777777777778,9,1,1.0
10,9,4,7,18.0,15.65685424949238,14.79669127533634,0.9450615710889735,7,2,1.0
10,9,4,8,18.0,14.48528137423857,14.292528739883963,0.9866932074445299,6,2,1.0000000000000002
10,9,4,9,18.0,15.65685424949238,13.207750943219356,0.843576285041267,7,2,1.0
10,9,5,0,18.0,16.82842712474619,14.472135954999583,0.8599814972439294,8,2,1.0
10,9,5,1,18.0,18.0,16.0,0.8888888888888888,9,1,1.0
10,9,5,2,18.0,16.82842712474619,14.000000000000002,0.8319256396465603,8,2,1.0
10,9,5,3,18.0,15.65685424949238,13.404918347287666,0.8561693258224126,7,2,1.0
10,9,5,4,18.0,16.82842712474619,15.23606797749979,0.905376828419999,8,2,1.0
10,9,5,5,18.0,14.48528137423857,14.292528739883945,0.9866932074445287,6,2,1.0000000000000002
10,9,5,6,18.0,15.65685424949238,15.65685424949238,1.0,7,2,1.0
10,9,5,7,18.0,15.65685424949238,15.211102550927977,0.9715299324205656,7,2,1.0
10,9,5,8,18.0,14.48528137423857,11.38501991850561,0.7859716096888089,6,2,1.0000000000000002
10,9,5,9,18.0,14.48528137423857,11.21110255092799,0.7739651209583294,6,2,1.0000000000000002
1,10,0,0,20.0,18.82842712474619,12.576491222541485,0.6679523010189315,9,2,1.0
1,10,1,0,20.0,18.82842712474619,14.576491222541474,0.7741746629161391,9,2,1.0
1,10,2,0,20.0,18.82842712474619,14.47213595499958,0.7686322314187816,9,2,1.0
1,10,3,0,20.0,20.0,16.0,0.8,10,1,1.0
1,10,4,0,20.0,18.82842712474619,16.82842712474619,0.8937776381027919,9,2,1.0
1,10,5,0,20.0,16.485281374238568,14.389050422582745,0.8728422703823795,7,2,1.0000000000000002
2,10,0,0,20.0,17.65685424949238,15.404918347287664,0.8724610924242376,8,2,1.0
2,10,0,1,20.0,18.82842712474619,16.576491222541474,0.8803970248133473,9,2,1.0
2,10,1,0,20.0,16.485281374238568,14.233345472033859,0.8633971813351156,7,2,1.0000000000000002
2,10,1,1,20.0,18.82842712474619,14.82842712474619,0.7875552762055836,9,2,1.0
2,10,2,0,20.0,17.65685424949238,15.127247146577865,0.8567351201311956,8,2,1.0
2,10,2,1,20.0,17.65685424949238,14.987918414869881,0.8488442053771142,8,2,1.0
2,10,3,0,20.0,16.485281374238568,16.039529675674167,0.9729606253939364,7,2,1.0000000000000002
2,10,3,1,20.0,18.82842712474619,16.47213595499958,0.8748545933159897,9,2,1.0
2,10,4,0,20.0,16.485281374238568,12.921676902933207,0.7838311406152776,7,2,1.0000000000000002
2,10,4,1,20.0,17.65685424949238,13.300563079745766,0.7532804480236419,8,2,1.0
2,10,5,0,20.0,17.65685424949238,15.048627177541068,0.852282460108867,8,2,1.0
2,10,5,1,20.0,18.82842712474619,14.47213595499958,0.7686322314187816,9,2,1.0
3,10,0,0,20.0,18.82842712474619,14.82842712474619,0.7875552762055836,9,2,1.0
3,10,0,1,20.0,16.485281374238568,14.514036050179602,0.8804239200224137,7,2,1.0000000000000002
3,10,0,2,20.0,17.65685424949238,17.30056307974577,0.9798213676846287,8,2,1.0
3,10,1,0,20.0,18.82842712474619,14.828427124746195,0.787555276205584,9,2,1.0
3,10,1,1,20.0,17.65685424949238,16.064495102245985,0.9098163735880545,8,2,1.0
3,10,1,2,20.0,17.65685424949238,14.324555320336753,0.811274484000941,8,2,1.0
3,10,2,0,20.0,17.65685424949238,15.40491834728766,0.8724610924242374,8,2,1.0
3,10,2,1,20.0,20.0,16.0,0.8,10,1,1.0
3,10,2,2,20.0,17.65685424949238,13.300563079745775,0.7532804480236425,8,2,1.0
3,10,3,0,20.0,20.0,16.0,0.8,10,1,1.0
3,10,3,1,20.0,17.65685424949238,13.595241580617248,0.7699696326715786,8,2,1.0
3,10,3,2,20.0,17.65685424949238,17.300563079745785,0.9798213676846295,8,2,1.0
3,10,4,0,20.0,16.485281374238568,14.233345472033857,0.8633971813351154,7,2,1.0000000000000002
3,10,4,1,20.0,18.82842712474619,14.472135954999585,0.7686322314187819,9,2,1.0
3,10,4,2,20.0,17.65685424949238,14.901046542878252,0.8439241969337004,8,2,1.0
3,10,5,0,20.0,16.485281374238568,14.292528739883966,0.8669872485293942,7,2,1.0710678118654753
3,10,5,1,20.0,16.485281374238568,15.931788676850216,0.966425037897546,7,2,1.0
3,10,5,2,20.0,16.485281374238568,16.128990204491956,0.978387316439537,7,2,1.0000000000000002
4,10,0,0,20.0,16.485281374238568,14.369041778221206,0.8716285425783272,7,2,1.0000000000000002
4,10,0,1,20.0,16.485281374238568,15.477537765419711,0.9388700995790311,7,2,1.0
4,10,0,2,20.0,17.65685424949238,14.828427124746193,0.8398113794914799,8,2,1.0
4,10,0,3,20.0,16.485281374238568,15.286761012106975,0.927297548951484,7,2,1.0000000000000002
4,10,1,0,20.0,18.82842712474619,16.47213595499958,0.8748545933159897,9,2,1.0
4,10,1,1,20.0,16.485281374238568,14.223986392369657,0.862829457954984,7,2,1.0000000000000002
4,10,1,2,20.0,16.485281374238568,14.180339887498949,0.860181853471938,7,2,1.0000000000000002
4,10,1,3,20.0,16.485281374238568,13.658485831587313,0.8285260967963417,7,2,1.0000000000000002
4,10,2,0,20.0,15.31370849898476,14.957417329238154,0.9767338414617056,6,2,1.0000000000000002
4,10,2,1,20.0,18.82842712474619,14.47213595499958,0.7686322314187816,9,2,1.0
4,10,2,2,20.0,17.65685424949238,13.464101615137762,0.7625424905755703,8,2,1.066352299152466
4,10,2,3,20.0,17.65685424949238,13.183025464793008,0.7466236781771027,8,2,1.0
4,10,3,0,20.0,16.485281374238568,14.700169592637566,0.8917148126819004,7,2,1.0710678118654753
4,10,3,1,20.0,17.65685424949238,15.708203932499371,0.8896377412726828,8,2,1.0
4,10,3,2,20.0,17.65685424949238,16.649110640673523,0.9429262090189238,8,2,1.0
4,10,3,3,20.0,17.65685424949238,14.010347204448589,0.7934792351163784,8,2,1.0
4,10,4,0,20.0,16.485281374238568,14.369041778221199,0.8716285425783268,7,2,1.0
4,10,4,1,20.0,16.485281374238568,15.625118400082531,0.9478223662290528,7,2,1.0000000000000002
4,10,4,2,20.0,18.82842712474619,14.32455532033676,0.7607940496266947,9,2,1.0
4,10,4,3,20.0,18.82842712474619,16.576491222541474,0.8803970248133473,9,2,1.0
4,10,5,0,20.0,18.82842712474619,14.82842712474619,0.7875552762055836,9,2,1.0
4,10,5,1,20.0,17.65685424949238,15.65685424949238,0.8867295401695068,8,2,1.0
4,10,5,2,20.0,17.65685424949238,14.064495102245985,0.7965459137575612,8,2,1.0
4,10,5,3,20.0,16.485281374238568,15.575497507103591,0.9448123543370822,7,2,1.0000000000000002
5,10,0,0,20.0,16.485281374238568,14.48528137423858,0.8786796564403582,7,2,1.0000000000000002
5,10,0,1,20.0,17.65685424949238,14.796691275336345,0.8380140123635974,8,2,1.0
5,10,0,2,20.0,18.82842712474619,14.47213595499958,0.7686322314187816,9,2,1.0
5,10,0,3,20.0,16.485281374238568,13.300563079745785,0.8068144411857283,7,2,1.0000000000000002
5,10,0,4,20.0,17.65685424949238,16.064495102245978,0.909816373588054,8,2,1.0
5,10,1,0,20.0,18.82842712474619,16.82842712474619,0.8937776381027919,9,2,1.0
5,10,1,1,20.0,16.485281374238568,14.128355544951834,0.857028474323169,7,2,1.0000000000000002
5,10,1,2,20.0,18.82842712474619,16.47213595499958,0.8748545933159897,9,2,1.0
5,10,1,3,20.0,16.485281374238568,14.050693034607193,0.8523174531048109,7,2,1.0000000000000002
5,10,1,4,20.0,17.65685424949238,15.152982445082976,0.85819264467897,8,2,1.0
5,10,2,0,20.0,18.82842712474619,14.576491222541474,0.7741746629161391,9,2,1.0
5,10,2,1,20.0,17.65685424949238,15.841619252963794,0.8971937486214017,8,2,1.0
5,10,2,2,20.0,17.65685424949238,15.152982445082959,0.858192644678969,8,2,1.0
5,10,2,3,20.0,16.485281374238568,16.292528739883956,0.9883075920890362,7,2,1.0000000000000002
5,10,2,4,20.0,17.65685424949238,14.831309558117063,0.8399746267681544,8,2,1.0
5,10,3,0,20.0,17.65685424949238,14.831309558117034,0.8399746267681528,8,2,1.0
5,10,3,1,20.0,18.82842712474619,14.47213595499958,0.7686322314187816,9,2,1.0
5,10,3,2,20.0,18.82842712474619,18.32455532033676,0.9732387734211111,9,2,1.0
5,10,3,3,20.0,17.65685424949238,15.65685424949239,0.8867295401695073,8,2,1.0
5,10,3,4,20.0,17.65685424949238,13.656854249492385,0.7734590803390139,8,2,1.0
5,10,4,0,20.0,18.82842712474619,14.576491222541474,0.7741746629161391,9,2,1.0
5,10,4,1,20.0,16.485281374238568,12.371427531917236,0.7504529192477102,7,2,1.0000000000000002
5,10,4,2,20.0,18.82842712474619,16.47213595499958,0.8748545933159897,9,2,1.0
5,10,4,3,20.0,17.65685424949238,15.685608925433389,0.8883580678525642,8,2,1.0
5,10,4,4,20.0,18.82842712474619,16.82842712474619,0.8937776381027919,9,2,1.0
5,10,5,0,20.0,17.65685424949238,14.064495102245989,0.7965459137575613,8,2,1.0
5,10,5,1,20.0,20.0,14.0,0.7,10,1,1.0
5,10,5,2,20.0,17.65685424949238,15.211102550927981,0.8614842902362003,8,2,1.0
5,10,5,3,20.0,16.485281374238568,13.181883087486632,0.7996152924684602,7,2,1.0
5,10,5,4,20.0,18.82842712474619,13.23606797749979,0.7029832014010152,9,2,1.0
6,10,0,0,20.0,17.65685424949238,14.814625057107401,0.839029696217451,8,2,1.0
6,10,0,1,20.0,20.0,14.000000000000007,0.7000000000000004,10,1,1.0
6,10,0,2,20.0,16.485281374238568,16.128990204491956,0.978387316439537,7,2,1.0000000000000002
6,10,0,3,20.0,16.485281374238568,12.862712437374952,0.7802543460056085,7,2,1.0000000000000002
6,10,0,4,20.0,18.82842712474619,14.82842712474619,0.7875552762055836,9,2,1.0
6,10,0,5,20.0,16.485281374238568,16.05467898425169,0.9738795850545945,7,2,1.0710678118654753
6,10,1,0,20.0,18.82842712474619,12.0,0.6373341713832488,9,2,1.0
6,10,1,1,20.0,18.82842712474619,14.82842712474619,0.7875552762055836,9,2,1.0
6,10,1,2,20.0,18.82842712474619,16.576491222541474,0.8803970248133473,9,2,1.0
6,10,1,3,20.0,17.65685424949238,14.857845879539722,0.8414775174330316,8,2,1.0
6,10,1,4,20.0,17.65685424949238,15.300563079745771,0.8665509078541355,8,2,1.0
6,10,1,5,20.0,18.82842712474619,14.82842712474619,0.7875552762055836,9,2,1.0
6,10,2,0,20.0,17.65685424949238,15.111260638182227,0.8558297205526666,8,2,1.0
6,10,2,1,20.0,17.65685424949238,15.207750943219368,0.8612944711630374,8,2,1.0
6,10,2,2,20.0,16.485281374238568,14.822948255619544,0.8991625874692839,7,2,1.0000000000000002
6,10,2,3,20.0,18.82842712474619,14.32455532033676,0.7607940496266947,9,2,1.0
6,10,2,4,20.0,17.65685424949238,15.300563079745775,0.8665509078541357,8,2,1.0
6,10,2,5,20.0,18.82842712474619,16.576491222541474,0.8803970248133473,9,2,1.0
6,10,3,0,20.0,20.0,16.0,0.8,10,1,1.0
6,10,3,1,20.0,17.65685424949238,15.40491834728766,0.8724610924242374,8,2,1.0
6,10,3,2,20.0,15.313708498984761,14.471479306599772,0.9450016178353646,6,2,1.0
6,10,3,3,20.0,15.31370849898476,14.541566479948365,0.9495783781513417,6,2,1.0000000000000002
6,10,3,4,20.0,16.485281374238568,15.065748075235458,0.9138908662352949,7,2,1.0000000000000002
6,10,3,5,20.0,15.31370849898476,15.120955864630144,0.9874130662492763,6,2,1.0000000000000002
6,10,4,0,20.0,16.485281374238568,14.569970634044196,0.8838169214880728,7,2,1.0000000000000002
6,10,4,1,20.0,17.65685424949238,16.987918414869885,0.9621146652076076,8,2,1.0
6,10,4,2,20.0,17.65685424949238,16.575051814939172,0.9387318703962055,8,2,1.0
6,10,4,3,20.0,16.485281374238568,15.981409569829147,0.969435049789516,7,2,1.0
6,10,4,4,20.0,17.65685424949238,13.685608925433407,0.775087608022072,8,2,1.0
6,10,4,5,20.0,18.82842712474619,14.47213595499958,0.7686322314187816,9,2,1.0
6,10,5,0,20.0,20.0,18.0,0.9,10,1,1.0
6,10,5,1,20.0,20.0,16.0,0.8,10,1,1.0
6,10,5,2,20.0,18.82842712474619,14.472135954999587,0.768632231418782,9,2,1.0
6,10,5,3,20.0,18.82842712474619,14.47213595499958,0.7686322314187816,9,2,1.0
6,10,5,4,20.0,17.65685424949238,13.812559200041271,0.7822774660122921,8,2,1.0
6,10,5,5,20.0,17.65685424949238,16.796691275336322,0.9512844721940893,8,2,1.0
7,10,0,0,20.0,17.65685424949238,16.064495102245985,0.9098163735880545,8,2,1.0
7,10,0,1,20.0,15.31370849898476,12.864605192711753,0.8400711815537449,6,2,1.0000000000000002
7,10,0,2,20.0,17.65685424949238,15.46410161513776,0.8758129504060634,8,2,1.0
7,10,0,3,20.0,17.65685424949238,16.064495102245978,0.909816373588054,8,2,1.0
7,10,0,4,20.0,16.485281374238568,15.517540966287267,0.9412967006153998,7,2,1.0000000000000002
7,10,0,5,20.0,17.65685424949238,16.064495102245992,0.9098163735880548,8,2,1.0
7,10,0,6,20.0,18.82842712474619,16.47213595499958,0.8748545933159897,9,2,1.0
7,10,1,0,20.0,20.0,16.0,0.8,10,1,1.0
7,10,1,1,20.0,16.485281374238568,15.19990929920916,0.9220291091277308,7,2,1.0000000000000002
7,10,1,2,20.0,17.65685424949238,14.064495102245989,0.7965459137575613,8,2,1.0
7,10,1,3,20.0,18.82842712474619,14.47213595499958,0.7686322314187816,9,2,1.0
7,10,1,4,20.0,18.82842712474619,16.47213595499958,0.8748545933159897,9,2,1.0
7,10,1,5,20.0,17.65685424949238,14.828427124746188,0.8398113794914795,8,2,1.0
7,10,1,6,20.0,18.82842712474619,14.576491222541474,0.7741746629161391,9,2,1.0
7,10,2,0,20.0,18.82842712474619,14.47213595499959,0.7686322314187822,9,2,1.0
7,10,2,1,20.0,18.82842712474619,14.47213595499958,0.7686322314187816,9,2,1.0
7,10,2,2,20.0,16.485281374238568,14.5699706340442,0.883816921488073,7,2,1.0000000000000002
7,10,2,3,20.0,18.82842712474619,16.82842712474619,0.8937776381027919,9,2,1.0
7,10,2,4,20.0,16.485281374238568,11.937677907019577,0.7241415924919851,7,2,1.0000000000000002
7,10,2,5,20.0,17.65685424949238,15.708203932499371,0.8896377412726828,8,2,1.0
7,10,2,6,20.0,18.82842712474619,16.472135954999576,0.8748545933159896,9,2,1.0
7,10,3,0,20.0,16.485281374238568,16.48528137423858,1.0000000000000007,7,2,1.0000000000000002
7,10,3,1,20.0,17.65685424949238,13.152982445082959,0.7449221848484758,8,2,1.0
7,10,3,2,20.0,17.65685424949238,15.656854249492396,0.8867295401695077,8,2,1.0
7,10,3,3,20.0,16.485281374238568,13.333902656544424,0.8088368256414002,7,2,1.0000000000000002
7,10,3,4,20.0,20.0,16.0,0.8,10,1,1.0
7,10,3,5,20.0,16.485281374238568,16.29252873988392,0.988307592089034,7,2,1.0000000000000002
7,10,3,6,20.0,17.65685424949238,15.685608925433407,0.8883580678525652,8,2,1.0
7,10,4,0,20.0,17.65685424949238,13.565529522523612,0.7682868834301902,8,2,1.0
7,10,4,1,20.0,20.0,16.0,0.8,10,1,1.0
7,10,4,2,20.0,16.485281374238568,13.83021404686533,0.8389431598345484,7,2,1.0710678118654753
7,10,4,3,20.0,18.82842712474619,14.576491222541474,0.7741746629161391,9,2,1.0
7,10,4,4,20.0,18.82842712474619,16.47213595499958,0.8748545933159897,9,2,1.0
7,10,4,5,20.0,17.65685424949238,13.152982445082955,0.7449221848484756,8,2,1.0
7,10,4,6,20.0,17.65685424949238,15.65685424949239,0.8867295401695073,8,2,1.0
7,10,5,0,20.0,18.82842712474619,14.32455532033676,0.7607940496266947,9,2,1.0
7,10,5,1,20.0,17.65685424949238,15.04862717754105,0.852282460108866,8,2,1.0
7,10,5,2,20.0,20.0,16.0,0.8,10,1,1.0
7,10,5,3,20.0,18.82842712474619,16.82842712474619,0.8937776381027919,9,2,1.0
7,10,5,4,20.0,18.82842712474619,14.576491222541474,0.7741746629161391,9,2,1.0
7,10,5,5,20.0,16.485281374238568,14.233345472033857,0.8633971813351154,7,2,1.0000000000000002
7,10,5,6,20.0,16.485281374238568,12.660822833954729,0.7680076879815777,7,2,1.0000000000000002
8,10,0,0,20.0,20.0,16.0,0.8,10,1,1.0
8,10,0,1,20.0,17.65685424949238,14.472135954999587,0.8196327471761086,8,2,1.0
8,10,0,2,20.0,17.65685424949238,15.207750943219356,0.8612944711630367,8,2,1.0
8,10,0,3,20.0,16.485281374238568,12.91056901290263,0.7831573340979114,7,2,1.0000000000000002
8,10,0,4,20.0,20.0,14.0,0.7,10,1,1.0
8,10,0,5,20.0,18.82842712474619,14.32455532033676,0.7607940496266947,9,2,1.0
8,10,0,6,20.0,17.65685424949238,15.048627177541045,0.8522824601088657,8,2,1.0
8,10,0,7,20.0,18.82842712474619,16.47213595499958,0.8748545933159897,9,2,1.0
8,10,1,0,20.0,16.485281374238568,16.149692910962656,0.979643146170357,7,2,1.0000000000000002
8,10,1,1,20.0,18.82842712474619,14.82842712474619,0.7875552762055836,9,2,1.0
8,10,1,2,20.0,20.0,14.0,0.7,10,1,1.0
8,10,1,3,20.0,20.0,16.0,0.8,10,1,1.0
8,10,1,4,20.0,17.65685424949238,14.097834679044611,0.7984341083548284,8,2,1.0
8,10,1,5,20.0,17.65685424949238,15.708203932499364,0.8896377412726824,8,2,1.0
8,10,1,6,20.0,17.65685424949238,15.048627177541054,0.8522824601088662,8,2,1.0
8,10,1,7,20.0,17.65685424949238,15.048627177541082,0.8522824601088678,8,2,1.0
8,10,2,0,20.0,20.0,16.0,0.8,10,1,1.0
8,10,2,1,20.0,17.65685424949238,15.540614653475009,0.8801462839238076,8,2,1.0
8,10,2,2,20.0,17.65685424949238,15.404918347287678,0.8724610924242384,8,2,1.0
8,10,2,3,20.0,17.65685424949238,15.04862717754106,0.8522824601088665,8,2,1.0
8,10,2,4,20.0,17.65685424949238,15.187600727863652,0.8601532590835246,8,2,1.0
8,10,2,5,20.0,17.65685424949238,15.300563079745793,0.8665509078541367,8,2,1.0
8,10,2,6,20.0,17.65685424949238,16.06449510224598,0.9098163735880542,8,2,1.0
8,10,2,7,20.0,16.485281374238568,16.039529675674196,0.972960625393938,7,2,1.0000000000000002
8,10,3,0,20.0,16.485281374238568,14.233345472033871,0.8633971813351162,7,2,1.0000000000000002
8,10,3,1,20.0,20.0,16.0,0.8,10,1,1.0
8,10,3,2,20.0,18.82842712474619,14.246211251235321,0.7566331035963983,9,2,1.0
8,10,3,3,20.0,16.485281374238568,13.300563079745778,0.8068144411857279,7,2,1.0000000000000002
8,10,3,4,20.0,17.65685424949238,14.097834679044613,0.7984341083548285,8,2,1.0
8,10,3,5,20.0,16.485281374238568,15.54812560671575,0.9431519701576156,7,2,1.0000000000000002
8,10,3,6,20.0,17.65685424949238,17.656854249492376,0.9999999999999998,8,2,1.0
8,10,3,7,20.0,18.82842712474619,14.47213595499958,0.7686322314187816,9,2,1.0
8,10,4,0,20.0,17.65685424949238,14.064495102245989,0.7965459137575613,8,2,1.0
8,10,4,1,20.0,17.65685424949238,14.814625057107392,0.8390296962174505,8,2,1.0
8,10,4,2,20.0,16.485281374238568,15.05705332420409,0.9133634411441494,7,2,1.0000000000000002
8,10,4,3,20.0,18.82842712474619,16.32455532033676,0.8670164115239029,9,2,1.0
8,10,4,4,20.0,17.65685424949238,12.987918414869867,0.7355737455466201,8,2,1.0
8,10,4,5,20.0,20.0,12.0,0.6,10,1,1.0
8,10,4,6,20.0,20.0,16.0,0.8,10,1,1.0
8,10,4,7,20.0,18.82842712474619,12.359173603117451,0.6564103056103818,9,2,1.0
8,10,5,0,20.0,18.82842712474619,14.82842712474619,0.7875552762055836,9,2,1.0
8,10,5,1,20.0,20.0,14.0,0.7,10,1,1.0
8,10,5,2,20.0,18.82842712474619,16.576491222541474,0.8803970248133473,9,2,1.0
8,10,5,3,20.0,16.485281374238568,15.575497507103568,0.9448123543370808,7,2,1.0000000000000002
8,10,5,4,20.0,18.82842712474619,16.47213595499958,0.8748545933159897,9,2,1.0
8,10,5,5,20.0,17.65685424949238,15.685608925433424,0.8883580678525662,8,2,1.0
8,10,5,6,20.0,17.65685424949238,14.828997019073492,0.8398436555877338,8,2,1.0
8,10,5,7,20.0,18.82842712474619,14.576491222541474,0.7741746629161391,9,2,1.0
9,10,0,0,20.0,18.82842712474619,18.32455532033676,0.9732387734211111,9,2,1.0
9,10,0,1,20.0,17.65685424949238,14.472135954999576,0.819632747176108,8,2,1.0
9,10,0,2,20.0,17.65685424949238,15.300563079745771,0.8665509078541355,8,2,1.0
9,10,0,3,20.0,17.65685424949238,14.064495102245987,0.7965459137575613,8,2,1.0
9,10,0,4,20.0,18.82842712474619,16.35917360311745,0.8688550294047982,9,2,1.0
9,10,0,5,20.0,17.65685424949238,13.300563079745777,0.7532804480236426,8,2,1.0
9,10,0,6,20.0,17.65685424949238,14.828427124746192,0.8398113794914798,8,2,1.0
9,10,0,7,20.0,15.31370849898476,15.120955864630151,0.9874130662492767,6,2,1.0000000000000002
9,10,0,8,20.0,17.65685424949238,14.324555320336753,0.811274484000941,8,2,1.0
9,10,1,0,20.0,18.82842712474619,18.82842712474619,1.0,9,2,1.0
9,10,1,1,20.0,17.65685424949238,15.482279228735104,0.8768424437314595,8,2,1.0
9,10,1,2,20.0,17.65685424949238,13.812559200041274,0.7822774660122923,8,2,1.0
9,10,1,3,20.0,18.82842712474619,16.82842712474619,0.8937776381027919,9,2,1.0
9,10,1,4,20.0,17.65685424949238,15.560623297836555,0.8812794780975162,8,2,1.0
9,10,1,5,20.0,17.65685424949238,15.656854249492373,0.8867295401695063,8,2,1.0
9,10,1,6,20.0,16.485281374238568,15.871818866973957,0.9627872589288489,7,2,1.0
9,10,1,7,20.0,20.0,16.0,0.8,10,1,1.0
9,10,1,8,20.0,17.65685424949238,13.404918347287671,0.7591906325937449,8,2,1.0
9,10,2,0,20.0,18.82842712474619,17.23606797749979,0.9154279251954315,9,2,1.0
9,10,2,1,20.0,17.65685424949238,15.708203932499362,0.8896377412726822,8,2,1.0
9,10,2,2,20.0,18.82842712474619,15.23606797749979,0.8092055632982234,9,2,1.0
9,10,2,3,20.0,17.65685424949238,14.472135954999573,0.8196327471761078,8,2,1.0
9,10,2,4,20.0,20.0,16.0,0.8,10,1,1.0
9,10,2,5,20.0,16.485281374238568,15.312473735206646,0.928857287151637,7,2,1.0000000000000002
9,10,2,6,20.0,16.485281374238568,12.023859309755387,0.7293693711861653,7,2,1.0000000000000002
9,10,2,7,20.0,18.82842712474619,14.472135954999565,0.7686322314187809,9,2,1.0
9,10,2,8,20.0,18.82842712474619,16.35917360311745,0.8688550294047982,9,2,1.0
9,10,3,0,20.0,20.0,14.0,0.7,10,1,1.0
9,10,3,1,20.0,18.82842712474619,14.576491222541474,0.7741746629161391,9,2,1.0
9,10,3,2,20.0,17.65685424949238,16.064495102245978,0.909816373588054,8,2,1.0
9,10,3,3,20.0,17.65685424949238,14.01034720444861,0.7934792351163796,8,2,1.0
9,10,3,4,20.0,16.485281374238568,14.892922226992194,0.9034072205928653,7,2,1.0000000000000002
9,10,3,5,20.0,17.65685424949238,13.8125592000413,0.7822774660122938,8,2,1.0
9,10,3,6,20.0,17.65685424949238,14.828427124746195,0.83981137949148,8,2,1.0
9,10,3,7,20.0,16.485281374238568,14.447170528427776,0.8763678459868005,7,2,1.0000000000000002
9,10,3,8,20.0,17.65685424949238,13.139363336122578,0.7441508634812639,8,2,1.0
9,10,4,0,20.0,17.65685424949238,14.944271909999163,0.8463722755387642,8,2,1.0
9,10,4,1,20.0,18.82842712474619,14.47213595499958,0.7686322314187816,9,2,1.0
9,10,4,2,20.0,17.65685424949238,15.074638375981529,0.8537556103129136,8,2,1.0
9,10,4,3,20.0,18.82842712474619,17.23606797749979,0.9154279251954315,9,2,1.0
9,10,4,4,20.0,17.65685424949238,14.064495102245983,0.7965459137575611,8,2,1.0
9,10,4,5,20.0,16.485281374238568,14.892922226992177,0.9034072205928642,7,2,1.0
9,10,4,6,20.0,18.82842712474619,16.0,0.8497788951776651,9,2,1.0
9,10,4,7,20.0,17.65685424949238,14.944271909999163,0.8463722755387642,8,2,1.0
9,10,4,8,20.0,16.485281374238568,15.936237570137337,0.9666949085285728,7,2,1.0000000000000002
9,10,5,0,20.0,16.485281374238568,14.892922226992175,0.903407220592864,7,2,1.0000000000000002
9,10,5,1,20.0,18.82842712474619,14.0,0.7435565332804569,9,2,1.0
9,10,5,2,20.0,17.65685424949238,14.556592793759432,0.8244159796571874,8,2,1.0
9,10,5,3,20.0,18.82842712474619,16.32455532033676,0.8670164115239029,9,2,1.0
9,10,5,4,20.0,17.65685424949238,14.81462505710739,0.8390296962174505,8,2,1.0
9,10,5,5,20.0,18.82842712474619,14.82842712474619,0.7875552762055836,9,2,1.0
9,10,5,6,20.0,16.485281374238568,15.68323850592756,0.9513479418334737,7,2,1.0710678118654753
9,10,5,7,20.0,18.82842712474619,15.23606797749979,0.8092055632982234,9,2,1.0
9,10,5,8,20.0,17.65685424949238,13.685608925433407,0.775087608022072,8,2,1.0
10,10,0,0,20.0,20.0,16.0,0.8,10,1,1.0
10,10,0,1,20.0,16.485281374238568,15.936237570137315,0.9666949085285714,7,2,1.0710678118654753
10,10,0,2,20.0,18.82842712474619,12.576491222541474,0.667952301018931,9,2,1.0
10,10,0,3,20.0,17.65685424949238,12.064495102246,0.6832754539270688,8,2,1.0
10,10,0,4,20.0,20.0,14.0,0.7,10,1,1.0
10,10,0,5,20.0,20.0,16.0,0.8,10,1,1.0
10,10,0,6,20.0,18.82842712474619,15.23606797749979,0.8092055632982234,9,2,1.0
10,10,0,7,20.0,20.0,16.0,0.8,10,1,1.0
10,10,0,8,20.0,18.82842712474619,14.82842712474619,0.7875552762055836,9,2,1.0
10,10,0,9,20.0,17.65685424949238,15.404918347287651,0.8724610924242369,8,2,1.0
10,10,1,0,20.0,16.485281374238568,14.030155191469028,0.8510716240120628,7,2,1.0000000000000002
10,10,1,1,20.0,18.82842712474619,16.82842712474619,0.8937776381027919,9,2,1.0
10,10,1,2,20.0,18.82842712474619,15.23606797749979,0.8092055632982234,9,2,1.0
10,10,1,3,20.0,17.65685424949238,13.656854249492396,0.7734590803390144,8,2,1.0
10,10,1,4,20.0,18.82842712474619,14.82842712474619,0.7875552762055836,9,2,1.0
10,10,1,5,20.0,18.82842712474619,16.576491222541474,0.8803970248133473,9,2,1.0
10,10,1,6,20.0,17.65685424949238,16.064495102245978,0.909816373588054,8,2,1.0
10,10,1,7,20.0,17.65685424949238,12.814625057107417,0.7257592363869587,8,2,1.0
10,10,1,8,20.0,17.65685424949238,15.404918347287639,0.8724610924242362,8,2,1.0
10,10,1,9,20.0,16.485281374238568,11.821825097772734,0.7171139411818968,7,2,1.0000000000000002
10,10,2,0,20.0,17.65685424949238,15.656854249492394,0.8867295401695076,8,2,1.0
10,10,2,1,20.0,16.485281374238568,15.643052181853566,0.9489102325119456,7,2,1.0
10,10,2,2,20.0,16.485281374238568,15.24591912009548,0.9248200727662537,7,2,1.0000000000000002
10,10,2,3,20.0,18.82842712474619,16.47213595499958,0.8748545933159897,9,2,1.0
10,10,2,4,20.0,17.65685424949238,15.300563079745773,0.8665509078541356,8,2,1.0
10,10,2,5,20.0,18.82842712474619,12.82842712474619,0.6813329143083755,9,2,1.0
10,10,2,6,20.0,17.65685424949238,14.85784587953974,0.8414775174330326,8,2,1.0
10,10,2,7,20.0,17.65685424949238,14.81462505710739,0.8390296962174505,8,2,1.0
10,10,2,8,20.0,16.485281374238568,16.48528137423859,1.0000000000000013,7,2,1.0000000000000002
10,10,2,9,20.0,17.65685424949238,13.464101615137764,0.7625424905755704,8,2,1.0
10,10,3,0,20.0,17.65685424949238,17.30056307974576,0.979821367684628,8,2,1.0
10,10,3,1,20.0,18.82842712474619,14.828427124746199,0.7875552762055841,9,2,1.0
10,10,3,2,20.0,17.65685424949238,14.857845879539722,0.8414775174330316,8,2,1.0
10,10,3,3,20.0,17.65685424949238,11.70820393249938,0.6630968216116968,8,2,1.0
10,10,3,4,20.0,17.65685424949238,14.944271909999149,0.8463722755387634,8,2,1.0
10,10,3,5,20.0,17.65685424949238,15.464101615137753,0.8758129504060631,8,2,1.0
10,10,3,6,20.0,17.65685424949238,15.841619252963776,0.8971937486214007,8,2,1.0
10,10,3,7,20.0,17.65685424949238,14.828427124746195,0.83981137949148,8,2,1.0
10,10,3,8,20.0,18.82842712474619,16.0,0.8497788951776651,9,2,1.0
10,10,3,9,20.0,16.485281374238568,15.15887151817294,0.919539750280611,7,2,1.0710678118654753
10,10,4,0,20.0,17.65685424949238,14.987918414869874,0.8488442053771138,8,2,1.0
10,10,4,1,20.0,16.485281374238568,15.535657871264736,0.9423956751834517,7,2,1.0000000000000002
10,10,4,2,20.0,18.82842712474619,16.47213595499958,0.8748545933159897,9,2,1.0
10,10,4,3,20.0,18.82842712474619,14.8284271247462,0.7875552762055842,9,2,1.0
10,10,4,4,20.0,18.82842712474619,16.47213595499958,0.8748545933159897,9,2,1.0
10,10,4,5,20.0,17.65685424949238,13.656854249492373,0.7734590803390131,8,2,1.0
10,10,4,6,20.0,17.65685424949238,16.718347206234895,0.946847437828034,8,2,1.0
10,10,4,7,20.0,17.65685424949238,15.656854249492383,0.886729540169507,8,2,1.0
10,10,4,8,20.0,17.65685424949238,16.097834679044606,0.9117045681853213,8,2,1.0
10,10,4,9,20.0,18.82842712474619,11.23606797749979,0.5967608395038071,9,2,1.0
10,10,5,0,20.0,18.82842712474619,12.0,0.6373341713832488,9,2,1.0
10,10,5,1,20.0,16.485281374238568,13.967790460868763,0.8472885687408485,7,2,1.0000000000000002
10,10,5,2,20.0,18.82842712474619,14.472135954999585,0.7686322314187819,9,2,1.0
10,10,5,3,20.0,18.82842712474619,14.82842712474619,0.7875552762055836,9,2,1.0
10,10,5,4,20.0,18.82842712474619,16.576491222541474,0.8803970248133473,9,2,1.0
10,10,5,5,20.0,17.65685424949238,15.08972429850736,0.8546100050036476,8,2,1.0
10,10,5,6,20.0,17.65685424949238,15.300563079745768,0.8665509078541352,8,2,1.0
10,10,5,7,20.0,17.65685424949238,14.901046542878245,0.8439241969337,8,2,1.0
10,10,5,8,20.0,18.82842712474619,14.576491222541474,0.7741746629161391,9,2,1.0
10,10,5,9,20.0,16.485281374238568,13.65685424949239,0.8284271247461908,7,2,1.0000000000000002
1,11,0,0,22.0,20.82842712474619,14.828427124746192,0.7119321605964467,10,2,1.0
1,11,1,0,22.0,19.65685424949238,14.472135954999583,0.7362386560592885,9,2,1.059601239363316
1,11,2,0,22.0,19.65685424949238,16.472135954999573,0.8379843359435272,9,2,1.0
1,11,3,0,22.0,20.82842712474619,16.82842712474619,0.8079547737309645,10,2,1.0
1,11,4,0,22.0,18.485281374238568,14.536631057245584,0.786389493508284,8,2,1.0000000000000002
1,11,5,0,22.0,20.82842712474619,15.23606797749979,0.7315035305473385,10,2,1.0
2,11,0,0,22.0,19.65685424949238,16.01034720444857,0.8144918307496747,9,2,1.0
2,11,0,1,22.0,20.82842712474619,18.47213595499958,0.8868713822875703,10,2,1.0
2,11,1,0,22.0,19.65685424949238,16.94427190999916,0.862003232813141,9,2,1.0
2,11,1,1,22.0,20.82842712474619,16.35917360311745,0.7854252990462811,10,2,1.0
2,11,2,0,22.0,20.82842712474619,18.82842712474619,0.9039773868654822,10,2,1.0
2,11,2,1,22.0,18.485281374238568,14.365348349186872,0.7771235967880202,8,2,1.0000000000000002
2,11,3,0,22.0,19.65685424949238,18.71834720623491,0.9522554814038108,9,2,1.0
2,11,3,1,22.0,20.82842712474619,18.47213595499958,0.8868713822875703,10,2,1.0
2,11,4,0,22.0,18.485281374238568,14.09391385703952,0.7624397796119599,8,2,1.0000000000000002
2,11,4,1,22.0,18.485281374238568,13.710312866373073,0.7416880808468526,8,2,1.0000000000000002
2,11,5,0,22.0,20.82842712474619,14.47213595499958,0.6948261560185348,10,2,1.0
2,11,5,1,22.0,17.31370849898476,15.365058181991776,0.8874504374896199,7,2,1.0
3,11,0,0,22.0,20.82842712474619,16.576491222541474,0.7958590018949148,10,2,1.0
3,11,0,1,22.0,17.31370849898476,14.03952967567417,0.8108909582541153,7,2,1.0
3,11,0,2,22.0,19.65685424949238,18.814625057107378,0.9571534091012172,9,2,1.0
3,11,1,0,22.0,18.485281374238568,16.112158708367073,0.8716209605995653,8,2,1.0000000000000002
3,11,1,1,22.0,19.65685424949238,15.300563079745778,0.778383096580212,9,2,1.0
3,11,1,2,22.0,19.65685424949238,18.81462505710737,0.9571534091012167,9,2,1.0
3,11,2,0,22.0,20.82842712474619,16.828427124746188,0.8079547737309642,10,2,1.0
3,11,2,1,22.0,20.82842712474619,15.23606797749979,0.7315035305473385,10,2,1.0
3,11,2,2,22.0,18.485281374238568,15.747297720956784,0.8518830415479913,8,2,1.0
3,11,3,0,22.0,16.14213562373095,15.71153323374409,0.9733243233718206,6,2,1.0725785548184499
3,11,3,1,22.0,18.485281374238568,15.517540966287282,0.8394538688446915,8,2,1.0000000000000002
3,11,3,2,22.0,20.82842712474619,16.82842712474619,0.8079547737309645,10,2,1.0
3,11,4,0,22.0,18.485281374238568,15.643052181853584,0.8462436608432714,8,2,1.0000000000000002
3,11,4,1,22.0,18.485281374238568,14.64098632478746,0.7920348102026411,8,2,1.0000000000000002
3,11,4,2,22.0,20.82842712474619,16.576491222541478,0.795859001894915,10,2,1.0
3,11,5,0,22.0,20.82842712474619,16.47213595499958,0.7908487691530526,10,2,1.0
3,11,5,1,22.0,18.485281374238568,16.907743583706072,0.9146597902084963,8,2,1.0000000000000002
3,11,5,2,22.0,19.65685424949238,16.901046542878234,0.8598042356301587,9,2,1.0
4,11,0,0,22.0,19.65685424949238,13.812559200041273,0.7026841133747517,9,2,1.0
4,11,0,1,22.0,19.65685424949238,14.814625057107396,0.7536620493327395,9,2,1.0
4,11,0,2,22.0,17.31370849898476,13.878067118564694,0.8015652521456322,7,2,1.0
4,11,0,3,22.0,20.82842712474619,16.359173603117448,0.785425299046281,10,2,1.0
4,11,1,0,22.0,18.485281374238568,16.536631057245575,0.8945836810626714,8,2,1.0000000000000002
4,11,1,1,22.0,18.485281374238568,16.112158708367094,0.8716209605995664,8,2,1.0000000000000002
4,11,1,2,22.0,18.485281374238568,15.755867538620475,0.8523466437777975,8,2,1.0633786876994222
4,11,1,3,22.0,19.65685424949238,16.010347204448596,0.814491830749676,9,2,1.0
4,11,2,0,22.0,19.65685424949238,16.934047152384416,0.8614830703555592,9,2,1.0
4,11,2,1,22.0,19.65685424949238,17.300563079745764,0.8801287764644505,9,2,1.0
4,11,2,2,22.0,17.31370849898476,16.136178418541867,0.9319885696058738,7,2,1.0
4,11,2,3,22.0,18.485281374238568,14.216743161472008,0.7690844880124317,8,2,1.0000000000000002
4,11,3,0,22.0,20.82842712474619,14.47213595499958,0.6948261560185348,10,2,1.0
4,11,3,1,22.0,19.65685424949238,14.93404715238443,0.7597373904713206,9,2,1.0
4,11,3,2,22.0,19.65685424949238,17.464101615137753,0.8884484461998159,9,2,1.059601239363316
4,11,3,3,22.0,18.485281374238568,14.628815616734068,0.7913764102677419,8,2,1.0000000000000002
4,11,4,0,22.0,19.65685424949238,15.46410161513775,0.7867027663155765,9,2,1.0
4,11,4,1,22.0,17.31370849898476,16.185275310201813,0.9348242931981259,7,2,1.0
4,11,4,2,22.0,18.485281374238568,15.939687762928411,0.8622907836903287,8,2,1.0000000000000002
4,11,4,3,22.0,19.65685424949238,13.656854249492376,0.694762960347282,9,2,1.0
4,11,5,0,22.0,19.65685424949238,18.064495102245978,0.9189921679717636,9,2,1.0
4,11,5,1,22.0,22.0,18.0,0.8181818181818182,11,1,1.0
4,11,5,2,22.0,20.82842712474619,17.23606797749979,0.8275261436818563,10,2,1.0
4,11,5,3,22.0,22.0,16.0,0.7272727272727273,11,1,1.0
5,11,0,0,22.0,18.485281374238568,16.030155191469017,0.8671848086558714,8,2,1.0000000000000002
5,11,0,1,22.0,20.82842712474619,16.576491222541485,0.7958590018949153,10,2,1.0
5,11,0,2,22.0,20.82842712474619,15.23606797749979,0.7315035305473385,10,2,1.0
5,11,0,3,22.0,18.485281374238568,17.936237570137344,0.9702983258417488,8,2,1.0633786876994222
5,11,0,4,22.0,22.0,20.0,0.9090909090909091,11,1,1.0
5,11,1,0,22.0,17.31370849898476,15.561936294182368,0.8988216646419159,7,2,1.0
5,11,1,1,22.0,17.31370849898476,17.120955864630126,0.9888670509633487,7,2,1.0
5,11,1,2,22.0,18.485281374238568,14.485281374238578,0.7836116248912248,8,2,1.0000000000000002
5,11,1,3,22.0,20.82842712474619,18.35917360311745,0.8814479121807989,10,2,1.0
5,11,1,4,22.0,19.65685424949238,15.84161925296378,0.8059081606800271,9,2,1.0
5,11,2,0,22.0,20.82842712474619,18.47213595499958,0.8868713822875703,10,2,1.0
5,11,2,1,22.0,22.0,16.0,0.7272727272727273,11,1,1.0
5,11,2,2,22.0,19.65685424949238,17.152982445082955,0.872620930458693,9,2,1.0
5,11,2,3,22.0,20.82842712474619,14.828427124746192,0.7119321605964467,10,2,1.0
5,11,2,4,22.0,18.485281374238568,15.300563079745785,0.8277159957688789,8,2,1.0
5,11,3,0,22.0,19.65685424949238,14.828548236596866,0.7543703610143927,9,2,1.0
5,11,3,1,22.0,18.485281374238568,16.15774488043298,0.8740870400247579,8,2,1.0000000000000002
5,11,3,2,22.0,17.31370849898476,16.422205101855965,0.9485088132804668,7,2,1.0676673559175673
5,11,3,3,22.0,18.485281374238568,17.21036898509648,0.9310309449268741,8,2,1.0000000000000002
5,11,3,4,22.0,19.65685424949238,19.211102550927976,0.9773233451850051,9,2,1.0
5,11,4,0,22.0,19.65685424949238,16.06449510224598,0.8172464880875246,9,2,1.0
5,11,4,1,22.0,20.82842712474619,16.47213595499958,0.7908487691530526,10,2,1.0
5,11,4,2,22.0,20.82842712474619,16.47213595499958,0.7908487691530526,10,2,1.0
5,11,4,3,22.0,18.485281374238568,14.499114313551374,0.7843599467064434,8,2,1.0000000000000002
5,11,4,4,22.0,19.65685424949238,16.472135954999573,0.8379843359435272,9,2,1.0
5,11,5,0,22.0,20.82842712474619,12.828427124746202,0.6159095474619294,10,2,1.0
5,11,5,1,22.0,19.65685424949238,15.404918347287666,0.7836919454029876,9,2,1.0
5,11,5,2,22.0,17.31370849898476,13.312473735206632,0.7688978785791183,7,2,1.0
5,11,5,3,22.0,22.0,16.0,0.7272727272727273,11,1,1.0
5,11,5,4,22.0,19.65685424949238,16.064495102245978,0.8172464880875244,9,2,1.0
6,11,0,0,22.0,19.65685424949238,17.560623297836543,0.8933587783146955,9,2,1.0
6,11,0,1,22.0,18.485281374238568,15.939687762928415,0.862290783690329,8,2,1.0000000000000002
6,11,0,2,22.0,17.31370849898476,14.982832578244736,0.8653739653248349,7,2,1.0
6,11,0,3,22.0,22.0,16.0,0.7272727272727273,11,1,1.0
6,11,0,4,22.0,19.65685424949238,14.353455962740425,0.7302010678087563,9,2,1.0
6,11,0,5,22.0,18.485281374238568,15.599383101577445,0.8438812905124092,8,2,1.0000000000000002
6,11,1,0,22.0,20.82842712474619,16.82842712474619,0.8079547737309645,10,2,1.0
6,11,1,1,22.0,19.65685424949238,17.187600727863657,0.8743820608176668,9,2,1.0
6,11,1,2,22.0,17.31370849898476,16.764664694883496,0.9682884920851326,7,2,1.0676673559175673
6,11,1,3,22.0,20.82842712474619,16.82842712474619,0.8079547737309645,10,2,1.0
6,11,1,4,22.0,20.82842712474619,15.236067977499804,0.7315035305473392,10,2,1.0
6,11,1,5,22.0,19.65685424949238,16.901046542878216,0.8598042356301578,9,2,1.0
6,11,2,0,22.0,20.82842712474619,14.828427124746192,0.7119321605964467,10,2,1.0
6,11,2,1,22.0,19.65685424949238,15.70820393249937,0.7991209444362146,9,2,1.0
6,11,2,2,22.0,19.65685424949238,17.300563079745782,0.8801287764644515,9,2,1.0
6,11,2,3,22.0,16.14213562373095,15.355242063997473,0.9512522024299779,6,2,1.0725785548184499
6,11,2,4,22.0,18.485281374238568,15.300563079745764,0.8277159957688777,8,2,1.0000000000000002
6,11,2,5,22.0,19.65685424949238,15.300563079745789,0.7783830965802125,9,2,1.0
6,11,3,0,22.0,19.65685424949238,17.46410161513776,0.8884484461998163,9,2,1.059601239363316
6,11,3,1,22.0,19.65685424949238,15.65685424949238,0.7965086402315215,9,2,1.0
6,11,3,2,22.0,20.82842712474619,16.576491222541478,0.795859001894915,10,2,1.0
6,11,3,3,22.0,19.65685424949238,14.935664825658925,0.7598196861048927,9,2,1.0
6,11,3,4,22.0,18.485281374238568,16.5140360501796,0.8933613568465271,8,2,1.0000000000000002
6,11,3,5,22.0,20.82842712474619,14.828427124746192,0.7119321605964467,10,2,1.0
6,11,4,0,22.0,22.0,16.0,0.7272727272727273,11,1,1.0
6,11,4,1,22.0,19.65685424949238,17.187600727863654,0.8743820608176666,9,2,1.0
6,11,4,2,22.0,19.65685424949238,16.9340471523844,0.8614830703555585,9,2,1.0
6,11,4,3,22.0,19.65685424949238,15.045389797762944,0.7654017070483939,9,2,1.0
6,11,4,4,22.0,17.31370849898476,15.12160824352322,0.8733893287166017,7,2,1.0676673559175671
6,11,4,5,22.0,19.65685424949238,14.718347206234903,0.7487641216353319,9,2,1.0
6,11,5,0,22.0,17.31370849898476,16.09427289173975,0.9295682027154081,7,2,1.0676673559175673
6,11,5,1,22.0,18.485281374238568,15.474680873613636,0.8371352623920261,8,2,1.0000000000000002
6,11,5,2,22.0,19.65685424949238,15.670687188805136,0.7972123611391083,9,2,1.0
6,11,5,3,22.0,19.65685424949238,17.13936333612256,0.8719280877083966,9,2,1.0
6,11,5,4,22.0,22.0,16.0,0.7272727272727273,11,1,1.0
6,11,5,5,22.0,22.0,16.0,0.7272727272727273,11,1,1.0
7,11,0,0,22.0,18.485281374238568,16.040592837679228,0.8677494549817184,8,2,1.0000000000000002
7,11,0,1,22.0,18.485281374238568,15.10636843837873,0.8172106300438168,8,2,1.0000000000000002
7,11,0,2,22.0,19.65685424949238,17.048627177541043,0.8673120816359163,9,2,1.0
7,11,0,3,22.0,18.485281374238568,15.816345539616059,0.8556183278691127,8,2,1.0000000000000002
7,11,0,4,22.0,19.65685424949238,13.685608925433408,0.6962257923740177,9,2,1.0
7,11,0,5,22.0,18.485281374238568,16.536631057245547,0.8945836810626698,8,2,1.0000000000000002
7,11,0,6,22.0,18.485281374238568,16.670046377709955,0.9018010621651473,8,2,1.0000000000000002
7,11,1,0,22.0,19.65685424949238,17.70820393249938,0.9008666243204544,9,2,1.0
7,11,1,1,22.0,18.485281374238568,15.936237570137354,0.8621041382873615,8,2,1.0000000000000002
7,11,1,2,22.0,18.485281374238568,14.921676902933205,0.8072193547309662,8,2,1.0000000000000002
7,11,1,3,22.0,19.65685424949238,15.708203932499377,0.799120944436215,9,2,1.0
7,11,1,4,22.0,18.485281374238568,14.569970634044196,0.7881930677208505,8,2,1.0000000000000002
7,11,1,5,22.0,18.485281374238568,15.300563079745771,0.8277159957688781,8,2,1.0000000000000002
7,11,1,6,22.0,19.65685424949238,16.796691275336336,0.8544953868073827,9,2,1.0
7,11,2,0,22.0,18.485281374238568,15.34709201798734,0.8302330761042854,8,2,1.0000000000000002
7,11,2,1,22.0,18.485281374238568,14.660602759219765,0.7930960022956997,8,2,1.0633786876994222
7,11,2,2,22.0,19.65685424949238,18.064495102245978,0.9189921679717636,9,2,1.0
7,11,2,3,22.0,18.485281374238568,16.233345472033854,0.8781768123182018,8,2,1.0000000000000002
7,11,2,4,22.0,22.0,18.0,0.8181818181818182,11,1,1.0
7,11,2,5,22.0,19.65685424949238,16.944271909999156,0.8620032328131408,9,2,1.0
7,11,2,6,22.0,18.485281374238568,15.939687762928422,0.8622907836903293,8,2,1.0000000000000002
7,11,3,0,22.0,19.65685424949238,16.82842712474619,0.8561098795948375,9,2,1.0
7,11,3,1,22.0,18.485281374238568,15.752244606603885,0.8521506536847476,8,2,1.0633786876994222
7,11,3,2,22.0,19.65685424949238,16.944271909999156,0.8620032328131408,9,2,1.0
7,11,3,3,22.0,19.65685424949238,15.211102550927976,0.7738319854165265,9,2,1.0
7,11,3,4,22.0,18.485281374238568,15.939687762928411,0.8622907836903287,8,2,1.0000000000000002
7,11,3,5,22.0,20.82842712474619,14.576491222541474,0.699836388760397,10,2,1.0
7,11,3,6,22.0,22.0,14.0,0.6363636363636364,11,1,1.0
7,11,4,0,22.0,18.485281374238568,15.816345539616085,0.8556183278691142,8,2,1.0000000000000002
7,11,4,1,22.0,17.31370849898476,16.163680652658144,0.9335770354228817,7,2,1.0
7,11,4,2,22.0,18.485281374238568,15.38501991850561,0.8322848652953944,8,2,1.0
7,11,4,3,22.0,20.82842712474619,16.472135954999576,0.7908487691530524,10,2,1.0
7,11,4,4,22.0,17.31370849898476,16.13617841854189,0.9319885696058751,7,2,1.0
7,11,4,5,22.0,19.65685424949238,17.048627177541054,0.8673120816359169,9,2,1.0
7,11,4,6,22.0,20.82842712474619,16.0,0.7681809050761422,10,2,1.0
7,11,5,0,22.0,18.485281374238568,16.157744880433015,0.8740870400247598,8,2,1.0000000000000002
7,11,5,1,22.0,18.485281374238568,16.128990204491963,0.8725314956238439,8,2,1.0000000000000002
7,11,5,2,22.0,20.82842712474619,14.47213595499958,0.6948261560185348,10,2,1.0
7,11,5,3,22.0,22.0,16.0,0.7272727272727273,11,1,1.0
7,11,5,4,22.0,19.65685424949238,13.81255920004126,0.702684113374751,9,2,1.0
7,11,5,5,22.0,20.82842712474619,16.47213595499958,0.7908487691530526,10,2,1.0
7,11,5,6,22.0,18.485281374238568,16.128990204492005,0.8725314956238462,8,2,1.0000000000000002
8,11,0,0,22.0,19.65685424949238,17.152982445082944,0.8726209304586925,9,2,1.0
8,11,0,1,22.0,17.31370849898476,16.040270937601672,0.9264491739907854,7,2,1.0676673559175673
8,11,0,2,22.0,19.65685424949238,17.30056307974578,0.8801287764644513,9,2,1.0
8,11,0,3,22.0,19.65685424949238,16.06449510224599,0.817246488087525,9,2,1.0
8,11,0,4,22.0,19.65685424949238,15.656854249492385,0.7965086402315217,9,2,1.0
8,11,0,5,22.0,18.485281374238568,17.065748075235472,0.9232073740039801,8,2,1.0000000000000002
8,11,0,6,22.0,19.65685424949238,15.300563079745787,0.7783830965802125,9,2,1.0
8,11,0,7,22.0,22.0,16.0,0.7272727272727273,11,1,1.0
8,11,1,0,22.0,19.65685424949238,16.064495102245985,0.8172464880875248,9,2,1.0
8,11,1,1,22.0,18.485281374238568,16.67004637770999,0.9018010621651492,8,2,1.0633786876994222
8,11,1,2,22.0,18.485281374238568,14.926261803790805,0.8074673845426189,8,2,1.0000000000000002
8,11,1,3,22.0,19.65685424949238,15.464101615137757,0.7867027663155768,9,2,1.0
8,11,1,4,22.0,19.65685424949238,16.06449510224598,0.8172464880875246,9,2,1.0
8,11,1,5,22.0,20.82842712474619,18.472135954999587,0.8868713822875707,10,2,1.0
8,11,1,6,22.0,18.485281374238568,16.02153317078882,0.866718382394586,8,2,1.0633786876994222
8,11,1,7,22.0,20.82842712474619,14.47213595499958,0.6948261560185348,10,2,1.0
8,11,2,0,22.0,19.65685424949238,17.300563079745764,0.8801287764644505,9,2,1.0
8,11,2,1,22.0,18.485281374238568,15.967790460868763,0.8638110579762001,8,2,1.0000000000000002
8,11,2,2,22.0,20.82842712474619,15.23606797749979,0.7315035305473385,10,2,1.0
8,11,2,3,22.0,19.65685424949238,17.30056307974577,0.880128776464451,9,2,1.0
8,11,2,4,22.0,19.65685424949238,15.708203932499384,0.7991209444362154,9,2,1.0
8,11,2,5,22.0,20.82842712474619,18.47213595499958,0.8868713822875703,10,2,1.0
8,11,2,6,22.0,19.65685424949238,16.94427190999916,0.862003232813141,9,2,1.0
8,11,2,7,22.0,19.65685424949238,18.79669127533636,0.9562410666916232,9,2,1.0
8,11,3,0,22.0,19.65685424949238,17.30056307974577,0.880128776464451,9,2,1.0
8,11,3,1,22.0,19.65685424949238,15.812559200041271,0.8044297932589909,9,2,1.0
8,11,3,2,22.0,18.485281374238568,14.892922226992182,0.8056638103300519,8,2,1.0000000000000002
8,11,3,3,22.0,22.0,16.0,0.7272727272727273,11,1,1.0
8,11,3,4,22.0,18.485281374238568,14.89292222699218,0.8056638103300517,8,2,1.0000000000000002
8,11,3,5,22.0,20.82842712474619,18.246211251235323,0.8760244420740275,10,2,1.0
8,11,3,6,22.0,18.485281374238568,17.335253527911927,0.9377868357508834,8,2,1.0000000000000002
8,11,3,7,22.0,18.485281374238568,13.203830121214263,0.7142888362854658,8,2,1.0000000000000002
8,11,4,0,22.0,19.65685424949238,15.464101615137752,0.7867027663155766,9,2,1.059601239363316
8,11,4,1,22.0,18.485281374238568,15.68323850592757,0.8484176241852625,8,2,1.0000000000000002
8,11,4,2,22.0,18.485281374238568,15.93623757013733,0.8621041382873602,8,2,1.0000000000000002
8,11,4,3,22.0,18.485281374238568,18.128990204491974,0.9807256831782324,8,2,1.0000000000000002
8,11,4,4,22.0,18.485281374238568,16.38905042258273,0.8865999976296177,8,2,1.0000000000000002
8,11,4,5,22.0,18.485281374238568,18.05467898425168,0.9767056621281955,8,2,1.0633786876994222
8,11,4,6,22.0,22.0,18.0,0.8181818181818182,11,1,1.0
8,11,4,7,22.0,20.82842712474619,16.47213595499958,0.7908487691530526,10,2,1.0
8,11,5,0,22.0,18.485281374238568,17.772699034745358,0.9614513663564636,8,2,1.0000000000000002
8,11,5,1,22.0,19.65685424949238,15.812559200041266,0.8044297932589906,9,2,1.0
8,11,5,2,22.0,20.82842712474619,18.47213595499958,0.8868713822875703,10,2,1.0
8,11,5,3,22.0,19.65685424949238,15.300563079745771,0.7783830965802117,9,2,1.0
8,11,5,4,22.0,18.485281374238568,15.93623757013735,0.8621041382873613,8,2,1.0633786876994222
8,11,5,5,22.0,19.65685424949238,17.40491834728766,0.8854376252872265,9,2,1.0
8,11,5,6,22.0,22.0,16.0,0.7272727272727273,11,1,1.0
8,11,5,7,22.0,19.65685424949238,15.341660200712077,0.7804738238372125,9,2,1.0
9,11,0,0,22.0,19.65685424949238,16.47213595499958,0.8379843359435276,9,2,1.0
9,11,0,1,22.0,19.65685424949238,15.283731583620895,0.7775268305718644,9,2,1.0
9,11,0,2,22.0,18.485281374238568,16.021533170788846,0.8667183823945873,8,2,1.0000000000000002
9,11,0,3,22.0,22.0,14.0,0.6363636363636364,11,1,1.0
9,11,0,4,22.0,17.31370849898476,14.550811954626262,0.840421447287246,7,2,1.0
9,11,0,5,22.0,19.65685424949238,16.097834679044603,0.8189425670417388,9,2,1.0
9,11,0,6,22.0,18.485281374238568,16.128990204491966,0.8725314956238441,8,2,1.0
9,11,0,7,22.0,18.485281374238568,15.523265560769493,0.8397635527692321,8,2,1.0000000000000002
9,11,0,8,22.0,19.65685424949238,15.404918347287666,0.7836919454029876,9,2,1.0
9,11,1,0,22.0,19.65685424949238,13.464101615137771,0.6849570864313382,9,2,1.059601239363316
9,11,1,1,22.0,18.485281374238568,14.375431313622371,0.7776690558606395,8,2,1.0000000000000002
9,11,1,2,22.0,18.485281374238568,17.06574807523549,0.923207374003981,8,2,1.0000000000000002
9,11,1,3,22.0,19.65685424949238,16.901046542878237,0.859804235630159,9,2,1.0
9,11,1,4,22.0,20.82842712474619,16.576491222541474,0.7958590018949148,10,2,1.0
9,11,1,5,22.0,19.65685424949238,15.211102550927993,0.7738319854165274,9,2,1.0
9,11,1,6,22.0,16.14213562373095,14.285669866226465,0.8849925560794292,6,2,1.0
9,11,1,7,22.0,18.485281374238568,15.61149929112217,0.8445367411544326,8,2,1.0000000000000002
9,11,1,8,22.0,20.82842712474619,17.23606797749979,0.8275261436818563,10,2,1.0
9,11,2,0,22.0,17.31370849898476,14.039529675674185,0.8108909582541161,7,2,1.0
9,11,2,1,22.0,18.485281374238568,13.867084342040908,0.7501689620676445,8,2,1.0000000000000002
9,11,2,2,22.0,19.65685424949238,15.656854249492401,0.7965086402315226,9,2,1.0
9,11,2,3,22.0,22.0,14.0,0.6363636363636364,11,1,1.0
9,11,2,4,22.0,20.82842712474619,14.828427124746192,0.7119321605964467,10,2,1.0
9,11,2,5,22.0,19.65685424949238,15.708203932499377,0.799120944436215,9,2,1.0
9,11,2,6,22.0,19.65685424949238,17.300563079745775,0.8801287764644511,9,2,1.0
9,11,2,7,22.0,20.82842712474619,18.576491222541478,0.8918816150294328,10,2,1.0
9,11,2,8,22.0,18.485281374238568,16.157744880433,0.8740870400247591,8,2,1.0000000000000002
9,11,3,0,22.0,22.0,18.0,0.8181818181818182,11,1,1.0
9,11,3,1,22.0,18.485281374238568,17.64305218185362,0.9544378483976611,8,2,1.0
9,11,3,2,22.0,19.65685424949238,16.097834679044606,0.8189425670417391,9,2,1.0
9,11,3,3,22.0,18.485281374238568,15.21110255092798,0.8228764411520646,8,2,1.0000000000000002
9,11,3,4,22.0,19.65685424949238,15.564563854420214,0.7918135657348202,9,2,1.0
9,11,3,5,22.0,18.485281374238568,15.520763132540633,0.8396281786746648,8,2,1.0000000000000002
9,11,3,6,22.0,17.31370849898476,15.052413517115845,0.8693928003927344,7,2,1.0
9,11,3,7,22.0,20.82842712474619,18.32455532033676,0.879785843193383,10,2,1.0
9,11,3,8,22.0,20.82842712474619,16.576491222541478,0.795859001894915,10,2,1.0
9,11,4,0,22.0,17.31370849898476,16.76466469488352,0.968288492085134,7,2,1.0
9,11,4,1,22.0,19.65685424949238,14.944271909999156,0.7602575529289015,9,2,1.0
9,11,4,2,22.0,17.31370849898476,14.740916710690328,0.8514014609611052,7,2,1.0
9,11,4,3,22.0,18.485281374238568,15.68627300428591,0.8485817817275204,8,2,1.0000000000000002
9,11,4,4,22.0,19.65685424949238,16.831309558117024,0.8562565171663556,9,2,1.0
9,11,4,5,22.0,19.65685424949238,14.944271909999163,0.7602575529289018,9,2,1.0
9,11,4,6,22.0,18.485281374238568,13.772699034745369,0.7450629912476885,8,2,1.0000000000000002
9,11,4,7,22.0,19.65685424949238,13.757763848613681,0.6998965182320036,9,2,1.0
9,11,4,8,22.0,20.82842712474619,16.82842712474619,0.8079547737309645,10,2,1.0
9,11,5,0,22.0,19.65685424949238,15.595241580617241,0.7933742287894298,9,2,1.0
9,11,5,1,22.0,20.82842712474619,16.32455532033676,0.7837632300588653,10,2,1.0
9,11,5,2,22.0,20.82842712474619,14.32455532033676,0.6877406169243475,10,2,1.0
9,11,5,3,22.0,18.485281374238568,15.686273004285928,0.8485817817275213,8,2,1.0000000000000002
9,11,5,4,22.0,17.31370849898476,15.313234551386945,0.8844572237244771,7,2,1.0676673559175673
9,11,5,5,22.0,19.65685424949238,16.85784587953973,0.8576064951987458,9,2,1.0
9,11,5,6,22.0,19.65685424949238,13.812559200041273,0.7026841133747517,9,2,1.0
9,11,5,7,22.0,18.485281374238568,17.816345539616037,0.9638125154234994,8,2,1.0000000000000002
9,11,5,8,22.0,18.485281374238568,14.482483159448183,0.7834602496033001,8,2,1.0000000000000002
10,11,0,0,22.0,20.82842712474619,14.576491222541474,0.699836388760397,10,2,1.0
10,11,0,1,22.0,18.485281374238568,15.453962194454679,0.8360144420626244,8,2,1.0000000000000002
10,11,0,2,22.0,20.82842712474619,15.23606797749979,0.7315035305473385,10,2,1.0
10,11,0,3,22.0,20.82842712474619,16.82842712474619,0.8079547737309645,10,2,1.0
10,11,0,4,22.0,20.82842712474619,16.576491222541478,0.795859001894915,10,2,1.0
10,11,0,5,22.0,18.485281374238568,15.936237570137342,0.8621041382873609,8,2,1.0000000000000002
10,11,0,6,22.0,19.65685424949238,16.694838436023296,0.84931384361536,9,2,1.0
10,11,0,7,22.0,20.82842712474619,16.47213595499958,0.7908487691530526,10,2,1.0
10,11,0,8,22.0,20.82842712474619,16.35917360311745,0.7854252990462811,10,2,1.0
10,11,0,9,22.0,17.31370849898476,16.292528739883938,0.9410190047290734,7,2,1.0
10,11,1,0,22.0,20.82842712474619,18.47213595499958,0.8868713822875703,10,2,1.0
10,11,1,1,22.0,20.82842712474619,16.82842712474619,0.8079547737309645,10,2,1.0
10,11,1,2,22.0,18.485281374238568,16.369041778221195,0.8855175881192372,8,2,1.0000000000000002
10,11,1,3,22.0,18.485281374238568,14.92626180379083,0.8074673845426202,8,2,1.0000000000000002
10,11,1,4,22.0,19.65685424949238,17.560623297836546,0.8933587783146957,9,2,1.0
10,11,1,5,22.0,19.65685424949238,16.918870596210613,0.8607109958424567,9,2,1.0
10,11,1,6,22.0,18.485281374238568,13.55620046895578,0.733351048031541,8,2,1.0000000000000002
10,11,1,7,22.0,20.82842712474619,17.23606797749979,0.8275261436818563,10,2,1.0
10,11,1,8,22.0,18.485281374238568,17.772699034745344,0.9614513663564628,8,2,1.0000000000000002
10,11,1,9,22.0,19.65685424949238,15.111260638182218,0.7687527437698966,9,2,1.0
10,11,2,0,22.0,18.485281374238568,14.838774329194777,0.8027345664250678,8,2,1.0000000000000002
10,11,2,1,22.0,18.485281374238568,15.93623757013733,0.8621041382873602,8,2,1.0000000000000002
10,11,2,2,22.0,18.485281374238568,17.981409569829136,0.972741999745179,8,2,1.0000000000000002
10,11,2,3,22.0,19.65685424949238,16.06449510224598,0.8172464880875246,9,2,1.0
10,11,2,4,22.0,19.65685424949238,16.98791841486989,0.8642236544694625,9,2,1.0
10,11,2,5,22.0,20.82842712474619,20.32455532033676,0.9758084563279009,10,2,1.0
10,11,2,6,22.0,20.82842712474619,17.23606797749979,0.8275261436818563,10,2,1.0
10,11,2,7,22.0,19.65685424949238,17.841619252963778,0.9076538405642663,9,2,1.0
10,11,2,8,22.0,19.65685424949238,17.30056307974577,0.880128776464451,9,2,1.0
10,11,2,9,22.0,19.65685424949238,16.064495102245985,0.8172464880875248,9,2,1.0
10,11,3,0,22.0,19.65685424949238,16.472135954999576,0.8379843359435274,9,2,1.0
10,11,3,1,22.0,19.65685424949238,17.656854249492365,0.89825432011576,9,2,1.0
10,11,3,2,22.0,20.82842712474619,16.576491222541474,0.7958590018949148,10,2,1.0
10,11,3,3,22.0,20.82842712474619,18.47213595499958,0.8868713822875703,10,2,1.0
10,11,3,4,22.0,20.82842712474619,16.576491222541478,0.795859001894915,10,2,1.0
10,11,3,5,22.0,18.485281374238568,15.8489092588392,0.8573799304416613,8,2,1.0000000000000002
10,11,3,6,22.0,20.82842712474619,16.8284271247462,0.8079547737309648,10,2,1.0
10,11,3,7,22.0,19.65685424949238,17.708203932499373,0.9008666243204541,9,2,1.0
10,11,3,8,22.0,18.485281374238568,16.233345472033854,0.8781768123182018,8,2,1.0000000000000002
10,11,3,9,22.0,17.31370849898476,16.883106108997865,0.9751293958765597,7,2,1.0
10,11,4,0,22.0,18.485281374238568,15.18188308748662,0.8212957530981582,8,2,1.0000000000000002
10,11,4,1,22.0,17.31370849898476,16.155374460927128,0.9330972888838025,7,2,1.0676673559175673
10,11,4,2,22.0,20.82842712474619,14.828427124746192,0.7119321605964467,10,2,1.0
10,11,4,3,22.0,22.0,16.0,0.7272727272727273,11,1,1.0
10,11,4,4,22.0,17.31370849898476,15.066282024365115,0.870193813488807,7,2,1.0676673559175673
10,11,4,5,22.0,19.65685424949238,16.944271909999138,0.8620032328131398,9,2,1.0
10,11,4,6,22.0,19.65685424949238,15.152982445082955,0.7708752505744538,9,2,1.0
10,11,4,7,22.0,19.65685424949238,15.074638375981515,0.7668896652866418,9,2,1.0
10,11,4,8,22.0,20.82842712474619,16.82842712474619,0.8079547737309645,10,2,1.0
10,11,4,9,22.0,20.82842712474619,16.576491222541478,0.795859001894915,10,2,1.0
10,11,5,0,22.0,17.31370849898476,13.364423522451633,0.7718983788617727,7,2,1.0
10,11,5,1,22.0,19.65685424949238,17.15298244508296,0.8726209304586933,9,2,1.0
10,11,5,2,22.0,18.485281374238568,16.73076612509243,0.9050858240334246,8,2,1.0633786876994222
10,11,5,3,22.0,19.65685424949238,16.472135954999576,0.8379843359435274,9,2,1.0
10,11,5,4,22.0,17.31370849898476,16.155374460927117,0.9330972888838018,7,2,1.0
10,11,5,5,22.0,20.82842712474619,17.12310562561766,0.8221026735750848,10,2,1.0
10,11,5,6,22.0,19.65685424949238,15.708203932499375,0.799120944436215,9,2,1.0
10,11,5,7,22.0,18.485281374238568,16.12899020449195,0.8725314956238431,8,2,1.0
10,11,5,8,22.0,17.31370849898476,16.658641171611485,0.9621648171209718,7,2,1.0676673559175671
10,11,5,9,22.0,19.65685424949238,15.300563079745775,0.7783830965802119,9,2,1.0
1,12,0,0,24.0,22.82842712474619,16.47213595499958,0.7215624565366423,11,2,1.0
1,12,1,0,24.0,24.0,18.0,0.75,12,1,1.0
1,12,2,0,24.0,21.65685424949238,17.65685424949238,0.8153009687409354,10,2,1.0
1,12,3,0,24.0,19.31370849898476,16.603464951260328,0.859672545649796,8,2,1.0
1,12,4,0,24.0,20.485281374238568,17.30056307974577,0.844536267951986,9,2,1.0000000000000002
1,12,5,0,24.0,21.65685424949238,17.967762143714452,0.8296570654593385,10,2,1.0
2,12,0,0,24.0,22.82842712474619,16.576491222541474,0.7261337424588674,11,2,1.0
2,12,0,1,24.0,22.82842712474619,14.82842712474619,0.6495597372397182,11,2,1.0
2,12,1,0,24.0,20.485281374238568,18.339429529603784,0.8952490910213556,9,2,1.0571909584179366
2,12,1,1,24.0,19.31370849898476,16.649479234612468,0.8620550131782129,8,2,1.0
2,12,2,0,24.0,21.65685424949238,15.404918347287667,0.7113183738422558,10,2,1.0
2,12,2,1,24.0,20.485281374238568,16.37543131362237,0.7993754644842432,9,2,1.0000000000000002
2,12,3,0,24.0,20.485281374238568,17.63194431467314,0.8607128207106951,9,2,1.0000000000000002
2,12,3,1,24.0,22.82842712474619,16.47213595499958,0.7215624565366423,11,2,1.0
2,12,4,0,24.0,19.31370849898476,16.651702343001407,0.8621701183838784,8,2,1.0
2,12,4,1,24.0,21.65685424949238,15.65685424949239,0.7229514531114035,10,2,1.0
2,12,5,0,24.0,21.65685424949238,13.18302546479303,0.6087230081027133,10,2,1.0
2,12,5,1,24.0,20.485281374238568,16.394797034327382,0.8003208125295654,9,2,1.0000000000000002
3,12,0,0,24.0,21.65685424949238,17.111260638182245,0.7901083158734062,10,2,1.0
3,12,0,1,24.0,21.65685424949238,15.708203932499362,0.7253225122881155,10,2,1.0
3,12,0,2,24.0,20.485281374238568,16.892922226992184,0.8246370610381762,9,2,1.0000000000000002
3,12,1,0,24.0,22.82842712474619,18.576491222541474,0.8137438081489379,11,2,1.0
3,12,1,1,24.0,22.82842712474619,16.576491222541474,0.7261337424588674,11,2,1.0
3,12,1,2,24.0,20.485281374238568,16.138414160513797,0.7878053450029147,9,2,1.0000000000000002
3,12,2,0,24.0,19.31370849898476,16.41885349414732,0.8501139744865877,8,2,1.0
3,12,2,1,24.0,19.31370849898476,16.93017100623716,0.8765883055098976,8,2,1.0606601717798214
3,12,2,2,24.0,19.31370849898476,16.213447043251794,0.8394787072666063,8,2,1.0
3,12,3,0,24.0,21.65685424949238,17.211102550927997,0.7947184920142043,10,2,1.0
3,12,3,1,24.0,22.82842712474619,16.32455532033676,0.7150976819879463,11,2,1.0
3,12,3,2,24.0,22.82842712474619,18.82842712474619,0.8247798686198591,11,2,1.0
3,12,4,0,24.0,21.65685424949238,17.300563079745775,0.7988493102663461,10,2,1.0
3,12,4,1,24.0,19.31370849898476,17.237493355613783,0.8925004411514177,8,2,1.0
3,12,4,2,24.0,22.82842712474619,19.23606797749978,0.8426365895637081,11,2,1.0
3,12,5,0,24.0,22.82842712474619,18.57649122254147,0.8137438081489377,11,2,1.0
3,12,5,1,24.0,18.14213562373095,17.04259739912157,0.9393931206659527,7,2,1.0645774510538508
3,12,5,2,24.0,20.485281374238568,17.520763132540644,0.8552854516596498,9,2,1.0000000000000002
4,12,0,0,24.0,20.485281374238568,17.74729772095683,0.8663438591219493,9,2,1.0
4,12,0,1,24.0,21.65685424949238,15.65685424949238,0.7229514531114031,10,2,1.0
4,12,0,2,24.0,20.485281374238568,16.89292222699216,0.824637061038175,9,2,1.0000000000000002
4,12,0,3,24.0,21.65685424949238,17.656854249492383,0.8153009687409355,10,2,1.0
4,12,1,0,24.0,20.485281374238568,17.936237570137326,0.87556705922005,9,2,1.0000000000000002
4,12,1,1,24.0,21.65685424949238,16.472135954999597,0.7605968884140083,10,2,1.0
4,12,1,2,24.0,21.65685424949238,17.13936333612257,0.7914059511447423,10,2,1.0
4,12,1,3,24.0,24.0,18.0,0.75,12,1,1.0
4,12,2,0,24.0,21.65685424949238,15.565529522523606,0.7187345559611202,10,2,1.0
4,12,2,1,24.0,20.485281374238568,17.755703255617597,0.8667541798057227,9,2,1.0000000000000002
4,12,2,2,24.0,24.0,18.0,0.75,12,1,1.0
4,12,2,3,24.0,20.485281374238568,15.582218271280619,0.7606543442881953,9,2,1.0000000000000002
4,12,3,0,24.0,22.82842712474619,16.47213595499958,0.7215624565366423,11,2,1.0
4,12,3,1,24.0,21.65685424949238,17.560623297836543,0.8108575278539426,10,2,1.0
4,12,3,2,24.0,20.485281374238568,14.944271909999179,0.7295126504238536,9,2,1.0000000000000002
4,12,3,3,24.0,21.65685424949238,16.91887059621063,0.7812247522793943,10,2,1.0
4,12,4,0,24.0,20.485281374238568,17.41954803816775,0.8503445825290857,9,2,1.0
4,12,4,1,24.0,21.65685424949238,15.685608925433401,0.7242791933090218,10,2,1.0
4,12,4,2,24.0,21.65685424949238,17.211102550927972,0.7947184920142032,10,2,1.0
4,12,4,3,24.0,22.82842712474619,14.82842712474619,0.6495597372397182,11,2,1.0
4,12,5,0,24.0,21.65685424949238,14.857845879539735,0.6860574351368686,10,2,1.0
4,12,5,1,24.0,19.31370849898476,17.025939643975086,0.8815468890850283,8,2,1.0606601717798214
4,12,5,2,24.0,21.65685424949238,17.211102550927976,0.7947184920142033,10,2,1.0
4,12,5,3,24.0,21.65685424949238,16.064495102245978,0.7417741707627051,10,2,1.0
5,12,0,0,24.0,22.82842712474619,16.47213595499958,0.7215624565366423,11,2,1.0
5,12,0,1,24.0,21.65685424949238,17.11126063818223,0.7901083158734056,10,2,1.0
5,12,0,2,24.0,21.65685424949238,16.0978346790446,0.7433136176470283,10,2,1.0
5,12,0,3,24.0,22.82842712474619,16.82842712474619,0.7371698029297886,11,2,1.0
5,12,0,4,24.0,22.82842712474619,17.23606797749979,0.7550265238736382,11,2,1.0
5,12,1,0,24.0,21.65685424949238,17.536921224440654,0.8097630903551797,10,2,1.0
5,12,1,1,24.0,21.65685424949238,17.30056307974577,0.798849310266346,10,2,1.0
5,12,1,2,24.0,21.65685424949238,17.70820393249938,0.8176720279176486,10,2,1.0
5,12,1,3,24.0,20.485281374238568,16.536631057245557,0.8072445164478596,9,2,1.0000000000000002
5,12,1,4,24.0,20.485281374238568,17.877054302287235,0.8726779962499646,9,2,1.0000000000000002
5,12,2,0,24.0,20.485281374238568,16.456301894249556,0.8033232052621114,9,2,1.0000000000000002
5,12,2,1,24.0,20.485281374238568,15.54061465347499,0.758623441365966,9,2,1.0000000000000002
5,12,2,2,24.0,21.65685424949238,17.111260638182234,0.7901083158734057,10,2,1.0
5,12,2,3,24.0,20.485281374238568,16.838774329194777,0.8219938023585321,9,2,1.0
5,12,2,4,24.0,20.485281374238568,17.99778797346105,0.8785716751781752,9,2,1.0000000000000002
5,12,3,0,24.0,24.0,16.0,0.6666666666666666,12,1,1.0
5,12,3,1,24.0,21.65685424949238,18.83920668352161,0.8698958060339343,10,2,1.0
5,12,3,2,24.0,22.82842712474619,16.47213595499958,0.7215624565366423,11,2,1.0
5,12,3,3,24.0,20.485281374238568,17.599383101577452,0.8591233276253505,9,2,1.0000000000000002
5,12,3,4,24.0,21.65685424949238,16.828427124746206,0.7770485468885977,10,2,1.0
5,12,4,0,24.0,20.485281374238568,17.32274948323267,0.8456193091405146,9,2,1.0000000000000002
5,12,4,1,24.0,20.485281374238568,15.236332217512867,0.7437697310164088,9,2,1.0000000000000002
5,12,4,2,24.0,21.65685424949238,17.670687188805154,0.8159397013635691,10,2,1.0
5,12,4,3,24.0,20.485281374238568,18.050693034607185,0.8811542641199442,9,2,1.0000000000000002
5,12,4,4,24.0,21.65685424949238,15.424127219686007,0.7122053388731439,10,2,1.0
5,12,5,0,24.0,20.485281374238568,16.12899020449197,0.7873453095340498,9,2,1.0000000000000002
5,12,5,1,24.0,20.485281374238568,19.30775129379567,0.9425182374149026,9,2,1.0000000000000002
5,12,5,2,24.0,22.82842712474619,18.47213595499958,0.8091725222267128,11,2,1.0
5,12,5,3,24.0,20.485281374238568,16.06449510224597,0.7841969465182942,9,2,1.0000000000000002
5,12,5,4,24.0,21.65685424949238,17.30056307974578,0.7988493102663463,10,2,1.0
6,12,0,0,24.0,21.65685424949238,17.18760072786366,0.7936333010260032,10,2,1.0
6,12,0,1,24.0,21.65685424949238,19.300563079745785,0.891198825895879,10,2,1.0
6,12,0,2,24.0,21.65685424949238,18.097834679044613,0.8356631332765613,10,2,1.0
6,12,0,3,24.0,22.82842712474619,16.576491222541474,0.7261337424588674,11,2,1.0
6,12,0,4,24.0,21.65685424949238,15.685608925433405,0.7242791933090219,10,2,1.0
6,12,0,5,24.0,21.65685424949238,17.40491834728767,0.8036678894717882,10,2,1.0
6,12,1,0,24.0,21.65685424949238,16.831309558117027,0.7771816425514125,10,2,1.0
6,12,1,1,24.0,21.65685424949238,14.556592793759425,0.6721471468600118,10,2,1.0
6,12,1,2,24.0,19.31370849898476,17.03548699083339,0.8820412191542021,8,2,1.0
6,12,1,3,24.0,19.31370849898476,15.352297829107266,0.7948912468009068,8,2,1.0
6,12,1,4,24.0,20.485281374238568,14.658404297677912,0.7155578695693049,9,2,1.0000000000000002
6,12,1,5,24.0,24.0,18.0,0.75,12,1,1.0
6,12,2,0,24.0,21.65685424949238,16.694838436023293,0.770880121540025,10,2,1.0
6,12,2,1,24.0,21.65685424949238,15.540614653474996,0.7175841179168141,10,2,1.0
6,12,2,2,24.0,20.485281374238568,16.389050422582734,0.8000402885943718,9,2,1.0
6,12,2,3,24.0,21.65685424949238,17.404918347287662,0.8036678894717879,10,2,1.0
6,12,2,4,24.0,18.14213562373095,17.582570650985154,0.9691566095441457,7,2,1.0645774510538508
6,12,2,5,24.0,22.82842712474619,15.23606797749979,0.6674164581835678,11,2,1.0
6,12,3,0,24.0,20.485281374238568,15.955674271324076,0.7788847992778495,9,2,1.0000000000000002
6,12,3,1,24.0,22.82842712474619,18.57649122254147,0.8137438081489377,11,2,1.0
6,12,3,2,24.0,22.82842712474619,14.82842712474619,0.6495597372397182,11,2,1.0
6,12,3,3,24.0,21.65685424949238,15.300563079745777,0.7064997946368139,10,2,1.0
6,12,3,4,24.0,21.65685424949238,17.13936333612256,0.7914059511447418,10,2,1.0
6,12,3,5,24.0,24.0,16.0,0.6666666666666666,12,1,1.0
6,12,4,0,24.0,20.485281374238568,16.223986392369632,0.7919825994077991,9,2,1.0000000000000002
6,12,4,1,24.0,21.65685424949238,17.560623297836543,0.8108575278539426,10,2,1.0
6,12,4,2,24.0,20.485281374238568,17.694966256081837,0.8637892705898726,9,2,1.0571909584179366
6,12,4,3,24.0,20.485281374238568,14.606158261316953,0.7130074512759705,9,2,1.0000000000000002
6,12,4,4,24.0,19.31370849898476,17.365058181991763,0.8991053262973587,8,2,1.0
6,12,4,5,24.0,21.65685424949238,16.010347204448575,0.7392739046957314,10,2,1.0
6,12,5,0,24.0,24.0,16.0,0.6666666666666666,12,1,1.0
6,12,5,1,24.0,22.82842712474619,18.47213595499958,0.8091725222267128,11,2,1.0
6,12,5,2,24.0,21.65685424949238,14.556592793759418,0.6721471468600114,10,2,1.0
6,12,5,3,24.0,21.65685424949238,15.812559200041264,0.7301410914935579,10,2,1.0
6,12,5,4,24.0,20.485281374238568,15.158871518172973,0.7399884454228749,9,2,1.0000000000000002
6,12,5,5,24.0,20.485281374238568,15.602570866647145,0.7616478671495469,9,2,1.0000000000000002
7,12,0,0,24.0,22.82842712474619,16.82842712474619,0.7371698029297886,11,2,1.0
7,12,0,1,24.0,22.82842712474619,16.472135954999583,0.7215624565366424,11,2,1.0
7,12,0,2,24.0,21.65685424949238,17.56456385442021,0.8110394820998489,10,2,1.0
7,12,0,3,24.0,22.82842712474619,15.23606797749979,0.6674164581835678,11,2,1.0
7,12,0,4,24.0,20.485281374238568,17.772699034745344,0.8675838378815507,9,2,1.0000000000000002
7,12,0,5,24.0,21.65685424949238,15.464101615137773,0.7140511469019208,10,2,1.0
7,12,0,6,24.0,21.65685424949238,17.18760072786366,0.7936333010260032,10,2,1.0
7,12,1,0,24.0,19.31370849898476,18.040238466350957,0.9340639301509214,8,2,1.0
7,12,1,1,24.0,21.65685424949238,13.300563079745784,0.6141502790072819,10,2,1.0
7,12,1,2,24.0,22.82842712474619,18.47213595499958,0.8091725222267128,11,2,1.0
7,12,1,3,24.0,24.0,16.0,0.6666666666666666,12,1,1.0
7,12,1,4,24.0,22.82842712474619,16.472135954999587,0.7215624565366426,11,2,1.0
7,12,1,5,24.0,19.31370849898476,15.959281592738348,0.8263188601804392,8,2,1.0
7,12,1,6,24.0,20.485281374238568,15.643052181853585,0.7636239842683163,9,2,1.0000000000000002
7,12,2,0,24.0,22.82842712474619,17.23606797749979,0.7550265238736382,11,2,1.0
7,12,2,1,24.0,20.485281374238568,17.997787973461076,0.8785716751781765,9,2,1.0000000000000002
7,12,2,2,24.0,21.65685424949238,17.404918347287662,0.8036678894717879,10,2,1.0
7,12,2,3,24.0,22.82842712474619,16.576491222541474,0.7261337424588674,11,2,1.0
7,12,2,4,24.0,19.31370849898476,16.575362253319994,0.8582174808215259,8,2,1.0
7,12,2,5,24.0,20.485281374238568,18.447170528427783,0.9005085256786451,9,2,1.0000000000000002
7,12,2,6,24.0,21.65685424949238,15.464101615137768,0.7140511469019206,10,2,1.0
7,12,3,0,24.0,19.31370849898476,14.135369192150504,0.7318827035674449,8,2,1.0
7,12,3,1,24.0,21.65685424949238,17.300563079745764,0.7988493102663456,10,2,1.0
7,12,3,2,24.0,21.65685424949238,15.68560892543341,0.7242791933090222,10,2,1.0
7,12,3,3,24.0,19.31370849898476,17.365058181991778,0.8991053262973595,8,2,1.0
7,12,3,4,24.0,20.485281374238568,18.040592837679235,0.8806612175884647,9,2,1.0000000000000002
7,12,3,5,24.0,19.31370849898476,15.276660815179039,0.7909750121775975,8,2,1.0
7,12,3,6,24.0,20.485281374238568,16.064495102245985,0.7841969465182949,9,2,1.0000000000000002
7,12,4,0,24.0,22.82842712474619,18.82842712474619,0.8247798686198591,11,2,1.0
7,12,4,1,24.0,22.82842712474619,16.35917360311745,0.7166141370021932,11,2,1.0
7,12,4,2,24.0,22.82842712474619,16.47213595499958,0.7215624565366423,11,2,1.0
7,12,4,3,24.0,20.485281374238568,17.106368438378716,0.8350565523542659,9,2,1.0000000000000002
7,12,4,4,24.0,21.65685424949238,15.812559200041251,0.7301410914935573,10,2,1.0
7,12,4,5,24.0,22.82842712474619,15.23606797749979,0.6674164581835678,11,2,1.0
7,12,4,6,24.0,24.0,16.0,0.6666666666666666,12,1,1.0
7,12,5,0,24.0,24.0,16.0,0.6666666666666666,12,1,1.0
7,12,5,1,24.0,19.31370849898476,16.508314022965124,0.8547459450282631,8,2,1.0
7,12,5,2,24.0,22.82842712474619,16.47213595499958,0.7215624565366423,11,2,1.0
7,12,5,3,24.0,22.82842712474619,16.35917360311745,0.7166141370021932,11,2,1.0
7,12,5,4,24.0,21.65685424949238,15.656854249492378,0.722951453111403,10,2,1.0
7,12,5,5,24.0,20.485281374238568,17.848909258839186,0.8713040808551074,9,2,1.0571909584179366
7,12,5,6,24.0,21.65685424949238,19.404918347287666,0.8960174051013204,10,2,1.0
8,12,0,0,24.0,18.14213562373095,15.886902497869034,0.8756908683390094,7,2,1.0645774510538508
8,12,0,1,24.0,20.485281374238568,15.730869700366785,0.7679108435459064,9,2,1.0000000000000002
8,12,0,2,24.0,22.82842712474619,16.472135954999565,0.7215624565366416,11,2,1.0
8,12,0,3,24.0,21.65685424949238,16.901046542878227,0.780401730933493,10,2,1.0
8,12,0,4,24.0,21.65685424949238,16.064495102245967,0.7417741707627047,10,2,1.0
8,12,0,5,24.0,22.82842712474619,16.576491222541474,0.7261337424588674,11,2,1.0
8,12,0,6,24.0,22.82842712474619,16.47213595499958,0.7215624565366423,11,2,1.0
8,12,0,7,24.0,21.65685424949238,15.708203932499378,0.7253225122881162,10,2,1.0
8,12,1,0,24.0,20.485281374238568,18.51403605017959,0.9037726019942331,9,2,1.0000000000000002
8,12,1,1,24.0,22.82842712474619,16.47213595499958,0.7215624565366423,11,2,1.0
8,12,1,2,24.0,22.82842712474619,16.47213595499958,0.7215624565366423,11,2,1.0
8,12,1,3,24.0,20.485281374238568,16.49911431355133,0.8054131164778594,9,2,1.0
8,12,1,4,24.0,20.485281374238568,15.908202644494608,0.7765674463471172,9,2,1.0000000000000002
8,12,1,5,24.0,20.485281374238568,17.312473735206645,0.8451176929880049,9,2,1.0000000000000002
8,12,1,6,24.0,21.65685424949238,17.211102550927997,0.7947184920142043,10,2,1.054097093777194
8,12,1,7,24.0,21.65685424949238,16.85784587953972,0.7784069507664002,10,2,1.0
8,12,2,0,24.0,22.82842712474619,14.82842712474619,0.6495597372397182,11,2,1.0
8,12,2,1,24.0,21.65685424949238,16.472135954999583,0.7605968884140076,10,2,1.0
8,12,2,2,24.0,21.65685424949238,15.81255920004126,0.7301410914935578,10,2,1.0
8,12,2,3,24.0,20.485281374238568,16.64098632478744,0.8123386748162732,9,2,1.0000000000000002
8,12,2,4,24.0,21.65685424949238,17.6856089254334,0.816628708938554,10,2,1.0
8,12,2,5,24.0,20.485281374238568,14.51403605017961,0.7085104561185991,9,2,1.0000000000000002
8,12,2,6,24.0,22.82842712474619,16.82842712474619,0.7371698029297886,11,2,1.0
8,12,2,7,24.0,20.485281374238568,18.569970634044203,0.9065030787127494,9,2,1.0000000000000002
8,12,3,0,24.0,21.65685424949238,15.048627177541055,0.6948667153676663,10,2,1.0
8,12,3,1,24.0,20.485281374238568,15.322749483232684,0.7479882362026978,9,2,1.0000000000000002
8,12,3,2,24.0,22.82842712474619,18.261297173761164,0.7999367224895567,11,2,1.0
8,12,3,3,24.0,21.65685424949238,16.06449510224598,0.7417741707627054,10,2,1.0
8,12,3,4,24.0,19.31370849898476,16.91930648342734,0.8760257764228304,8,2,1.0
8,12,3,5,24.0,21.65685424949238,15.404918347287673,0.711318373842256,10,2,1.0
8,12,3,6,24.0,19.31370849898476,16.60049149995138,0.8595185901673933,8,2,1.0
8,12,3,7,24.0,21.65685424949238,17.40491834728767,0.8036678894717882,10,2,1.0
8,12,4,0,24.0,21.65685424949238,16.987918414869867,0.7844130185836223,10,2,1.0
8,12,4,1,24.0,22.82842712474619,18.47213595499958,0.8091725222267128,11,2,1.0
8,12,4,2,24.0,19.31370849898476,16.768114887674628,0.8681975752381298,8,2,1.0
8,12,4,3,24.0,21.65685424949238,17.540614653474996,0.8099336335463464,10,2,1.0
8,12,4,4,24.0,20.485281374238568,14.48044105307878,0.7068704983124506,9,2,1.0571909584179366
8,12,4,5,24.0,21.65685424949238,14.839206683521605,0.6851967747748694,10,2,1.0
8,12,4,6,24.0,22.82842712474619,16.576491222541474,0.7261337424588674,11,2,1.0
8,12,4,7,24.0,20.485281374238568,13.82182509777273,0.674719807127203,9,2,1.0000000000000002
8,12,5,0,24.0,21.65685424949238,16.944271909999166,0.7823976517917568,10,2,1.0
8,12,5,1,24.0,21.65685424949238,16.06449510224598,0.7417741707627054,10,2,1.0
8,12,5,2,24.0,20.485281374238568,15.658485831587338,0.7643773861597427,9,2,1.0000000000000002
8,12,5,3,24.0,21.65685424949238,15.564563854420209,0.7186899664703165,10,2,1.0
8,12,5,4,24.0,21.65685424949238,17.467561249999537,0.8065604103333227,10,2,1.0
8,12,5,5,24.0,21.65685424949238,15.708203932499371,0.7253225122881158,10,2,1.0
8,12,5,6,24.0,20.485281374238568,17.611499291122147,0.8597147859179338,9,2,1.0000000000000002
8,12,5,7,24.0,20.485281374238568,17.772699034745344,0.8675838378815507,9,2,1.0000000000000002
9,12,0,0,24.0,24.0,16.0,0.6666666666666666,12,1,1.0
9,12,0,1,24.0,21.65685424949238,17.300563079745768,0.7988493102663458,10,2,1.0
9,12,0,2,24.0,20.485281374238568,16.313474845140007,0.7963510262375576,9,2,1.0571909584179366
9,12,0,3,24.0,21.65685424949238,17.15298244508297,0.7920348102026417,10,2,1.0
9,12,0,4,24.0,20.485281374238568,18.38905042258274,0.8976713615321897,9,2,1.0000000000000002
9,12,0,5,24.0,20.485281374238568,16.921676902933193,0.8260407359702262,9,2,1.0000000000000002
9,12,0,6,24.0,21.65685424949238,17.211102550927976,0.7947184920142033,10,2,1.0
9,12,0,7,24.0,20.485281374238568,17.772699034745358,0.8675838378815514,9,2,1.0000000000000002
9,12,0,8,24.0,20.485281374238568,16.37543131362237,0.7993754644842432,9,2,1.0000000000000002
9,12,1,0,24.0,19.31370849898476,16.637966688892302,0.8614589316063712,8,2,1.0
9,12,1,1,24.0,21.65685424949238,16.934047152384416,0.781925526085181,10,2,1.0
9,12,1,2,24.0,20.485281374238568,15.246415181948395,0.744261936334526,9,2,1.0000000000000002
9,12,1,3,24.0,20.485281374238568,15.51365157758406,0.7573072243514984,9,2,1.0000000000000002
9,12,1,4,24.0,22.82842712474619,14.47213595499958,0.6339523908465718,11,2,1.0
9,12,1,5,24.0,22.82842712474619,15.23606797749979,0.6674164581835678,11,2,1.0
9,12,1,6,24.0,21.65685424949238,18.064495102245978,0.8341236863922376,10,2,1.0
9,12,1,7,24.0,19.31370849898476,16.679195821086793,0.8635936398213502,8,2,1.0
9,12,1,8,24.0,22.82842712474619,16.82842712474619,0.7371698029297886,11,2,1.0
9,12,2,0,24.0,19.31370849898476,17.05241351711584,0.882917618747959,8,2,1.0
9,12,2,1,24.0,20.485281374238568,15.460054369869454,0.7546908479036745,9,2,1.0000000000000002
9,12,2,2,24.0,18.14213562373095,14.960407889275068,0.8246222054313164,7,2,1.0645774510538508
9,12,2,3,24.0,21.65685424949238,17.812559200041274,0.8224906071230907,10,2,1.0
9,12,2,4,24.0,21.65685424949238,19.467561249999513,0.8989099259628539,10,2,1.0
9,12,2,5,24.0,20.485281374238568,15.246415181948377,0.7442619363345251,9,2,1.0000000000000002
9,12,2,6,24.0,20.485281374238568,17.106368438378766,0.8350565523542683,9,2,1.0000000000000002
9,12,2,7,24.0,21.65685424949238,17.708203932499384,0.8176720279176488,10,2,1.0
9,12,2,8,24.0,19.31370849898476,16.35463292874201,0.8467888458398192,8,2,1.0
9,12,3,0,24.0,20.485281374238568,16.926261803790812,0.8262645503652476,9,2,1.0000000000000002
9,12,3,1,24.0,20.485281374238568,16.039529675674167,0.7829782458270165,9,2,1.0
9,12,3,2,24.0,20.485281374238568,16.37543131362239,0.7993754644842441,9,2,1.0000000000000002
9,12,3,3,24.0,19.31370849898476,16.523393380828036,0.8555267043456,8,2,1.0
9,12,3,4,24.0,21.65685424949238,17.30056307974576,0.7988493102663454,10,2,1.0
9,12,3,5,24.0,22.82842712474619,18.32455532033676,0.8027077476780168,11,2,1.0
9,12,3,6,24.0,22.82842712474619,16.576491222541478,0.7261337424588675,11,2,1.0
9,12,3,7,24.0,20.485281374238568,16.457008282162082,0.8033576879670165,9,2,1.0000000000000002
9,12,3,8,24.0,20.485281374238568,15.59568248289374,0.7613116070012207,9,2,1.0000000000000002
9,12,4,0,24.0,21.65685424949238,15.12724714657788,0.6984969733973461,10,2,1.054097093777194
9,12,4,1,24.0,19.31370849898476,18.471479306599768,0.9563921557359497,8,2,1.0
9,12,4,2,24.0,21.65685424949238,15.812559200041271,0.7301410914935582,10,2,1.0
9,12,4,3,24.0,22.82842712474619,16.47213595499958,0.7215624565366423,11,2,1.0
9,12,4,4,24.0,19.31370849898476,17.142182332709556,0.8875655513600947,8,2,1.0
9,12,4,5,24.0,22.82842712474619,16.576491222541474,0.7261337424588674,11,2,1.0
9,12,4,6,24.0,20.485281374238568,15.7886308298505,0.7707304840687041,9,2,1.0000000000000002
9,12,4,7,24.0,21.65685424949238,15.708203932499389,0.7253225122881167,10,2,1.0
9,12,4,8,24.0,22.82842712474619,14.82842712474619,0.6495597372397182,11,2,1.0
9,12,5,0,24.0,22.82842712474619,18.47213595499958,0.8091725222267128,11,2,1.0
9,12,5,1,24.0,22.82842712474619,15.23606797749979,0.6674164581835678,11,2,1.0
9,12,5,2,24.0,19.31370849898476,17.255913212970725,0.8934541604931956,8,2,1.0
9,12,5,3,24.0,20.485281374238568,19.15887151817295,0.9352505912985088,9,2,1.0000000000000002
9,12,5,4,24.0,20.485281374238568,15.981409569829136,0.7801410816805615,9,2,1.0000000000000002
9,12,5,5,24.0,21.65685424949238,15.089724298507365,0.6967643649751698,10,2,1.0
9,12,5,6,24.0,21.65685424949238,17.757763848613664,0.8199604450415457,10,2,1.0
9,12,5,7,24.0,19.31370849898476,17.30893722997257,0.8961995688649038,8,2,1.0606601717798214
9,12,5,8,24.0,19.31370849898476,18.54156647994834,0.9600210379546213,8,2,1.0606601717798212
10,12,0,0,24.0,20.485281374238568,17.30056307974576,0.8445362679519854,9,2,1.0000000000000002
10,12,0,1,24.0,21.65685424949238,16.90104654287824,0.7804017309334936,10,2,1.0
10,12,0,2,24.0,20.485281374238568,17.762474277130607,0.8670847108533228,9,2,1.0000000000000002
10,12,0,3,24.0,21.65685424949238,17.300563079745782,0.7988493102663464,10,2,1.0
10,12,0,4,24.0,21.65685424949238,17.388316036725783,0.8029012818024276,10,2,1.0
10,12,0,5,24.0,21.65685424949238,16.064495102245978,0.7417741707627051,10,2,1.0
10,12,0,6,24.0,20.485281374238568,16.838774329194813,0.8219938023585339,9,2,1.0000000000000002
10,12,0,7,24.0,19.31370849898476,14.376552731461942,0.7443703901929377,8,2,1.0
10,12,0,8,24.0,20.485281374238568,17.199909299209153,0.8396227996574672,9,2,1.0000000000000002
10,12,0,9,24.0,24.0,18.0,0.75,12,1,1.0
10,12,1,0,24.0,21.65685424949238,17.04862717754105,0.7872162309971984,10,2,1.0
10,12,1,1,24.0,21.65685424949238,17.81255920004126,0.8224906071230901,10,2,1.0
10,12,1,2,24.0,21.65685424949238,15.048627177541045,0.6948667153676658,10,2,1.0
10,12,1,3,24.0,20.485281374238568,17.939687762928415,0.8757354822320681,9,2,1.0000000000000002
10,12,1,4,24.0,20.485281374238568,17.78759377346947,0.8683109325429332,9,2,1.0000000000000002
10,12,1,5,24.0,24.0,16.0,0.6666666666666666,12,1,1.0
10,12,1,6,24.0,22.82842712474619,18.82842712474619,0.8247798686198591,11,2,1.0
10,12,1,7,24.0,19.31370849898476,16.58994138640939,0.8589723401531846,8,2,1.0
10,12,1,8,24.0,19.31370849898476,14.526814939251302,0.7521504707402473,8,2,1.0
10,12,1,9,24.0,20.485281374238568,16.485281374238575,0.8047378541243654,9,2,1.0000000000000002
10,12,2,0,24.0,21.65685424949238,17.708203932499373,0.8176720279176483,10,2,1.0
10,12,2,1,24.0,18.14213562373095,16.937739216760292,0.933613305955268,7,2,1.0645774510538508
10,12,2,2,24.0,20.485281374238568,16.485281374238568,0.8047378541243649,9,2,1.0
10,12,2,3,24.0,19.31370849898476,16.128990204491956,0.835105811260421,8,2,1.0
10,12,2,4,24.0,20.485281374238568,17.823275218255194,0.8700527414121341,9,2,1.0000000000000002
10,12,2,5,24.0,24.0,14.0,0.5833333333333334,12,1,1.0
10,12,2,6,24.0,20.485281374238568,16.814625057107406,0.8208149426862535,9,2,1.0000000000000002
10,12,2,7,24.0,21.65685424949238,18.064495102245985,0.8341236863922379,10,2,1.0
10,12,2,8,24.0,21.65685424949238,16.90104654287823,0.7804017309334932,10,2,1.0
10,12,2,9,24.0,21.65685424949238,17.68560892543342,0.816628708938555,10,2,1.0
10,12,3,0,24.0,21.65685424949238,13.21110255092799,0.6100194607551394,10,2,1.0
10,12,3,1,24.0,22.82842712474619,17.23606797749979,0.7550265238736382,11,2,1.0
10,12,3,2,24.0,20.485281374238568,17.82969110198215,0.8703659362181875,9,2,1.0571909584179366
10,12,3,3,24.0,18.14213562373095,15.716946922472093,0.8663228656450692,7,2,1.0645774510538508
10,12,3,4,24.0,20.485281374238568,15.972963691287696,0.7797287915886099,9,2,1.0000000000000002
10,12,3,5,24.0,20.485281374238568,16.128990204491952,0.7873453095340489,9,2,1.0
10,12,3,6,24.0,24.0,14.0,0.5833333333333334,12,1,1.0
10,12,3,7,24.0,20.485281374238568,15.967790460868773,0.7794762575704329,9,2,1.0
10,12,3,8,24.0,22.82842712474619,16.576491222541474,0.7261337424588674,11,2,1.0
10,12,3,9,24.0,22.82842712474619,15.23606797749979,0.6674164581835678,11,2,1.0
10,12,4,0,24.0,22.82842712474619,15.23606797749979,0.6674164581835678,11,2,1.0
10,12,4,1,24.0,22.82842712474619,18.35917360311745,0.8042242026922637,11,2,1.0
10,12,4,2,24.0,20.485281374238568,18.700169592637543,0.9128588107241765,9,2,1.0000000000000002
10,12,4,3,24.0,21.65685424949238,16.987918414869867,0.7844130185836223,10,2,1.0
10,12,4,4,24.0,21.65685424949238,14.472135954999583,0.6682473727844753,10,2,1.0
10,12,4,5,24.0,22.82842712474619,18.246211251235323,0.7992758831578146,11,2,1.0
10,12,4,6,24.0,24.0,18.0,0.75,12,1,1.0
10,12,4,7,24.0,20.485281374238568,14.67004637770997,0.7161261839516837,9,2,1.0
10,12,4,8,24.0,20.485281374238568,17.363954975691897,0.8476307773603774,9,2,1.0000000000000002
10,12,4,9,24.0,21.65685424949238,17.708203932499366,0.8176720279176479,10,2,1.0
10,12,5,0,24.0,21.65685424949238,18.01034720444857,0.8316234203252636,10,2,1.0
10,12,5,1,24.0,19.31370849898476,15.327541438297521,0.7936094426973062,8,2,1.0
10,12,5,2,24.0,20.485281374238568,17.43070872730907,0.850889397556882,9,2,1.0000000000000002
10,12,5,3,24.0,22.82842712474619,17.23606797749979,0.7550265238736382,11,2,1.0
10,12,5,4,24.0,22.82842712474619,16.47213595499958,0.7215624565366423,11,2,1.0
10,12,5,5,24.0,22.82842712474619,16.0,0.7008805255205636,11,2,1.0
10,12,5,6,24.0,20.485281374238568,15.199909299209164,0.7419917267196502,9,2,1.0000000000000002
10,12,5,7,24.0,20.485281374238568,18.22398639236964,0.889613672345617,9,2,1.0000000000000002
10,12,5,8,24.0,21.65685424949238,18.79669127533634,0.8679326673575836,10,2,1.0
10,12,5,9,24.0,20.485281374238568,16.292528739883966,0.7953285308725497,9,2,1.0000000000000002
1,13,0,0,26.0,24.82842712474619,18.32455532033676,0.7380473691816305,12,2,1.0
1,13,1,0,26.0,26.0,20.0,0.7692307692307693,13,1,1.0
1,13,2,0,26.0,22.485281374238568,15.333902656544396,0.681952891819823,10,2,1.0000000000000002
1,13,3,0,26.0,23.65685424949238,15.685608925433408,0.6630471135345472,11,2,1.0
1,13,4,0,26.0,22.485281374238568,17.30056307974577,0.7694172375164076,10,2,1.0000000000000002
1,13,5,0,26.0,23.65685424949238,14.98791841486987,0.6335550051077259,11,2,1.0
2,13,0,0,26.0,23.65685424949238,16.324555320336756,0.6900560466819904,11,2,1.0
2,13,0,1,26.0,22.485281374238568,17.742901756867695,0.7890896031746248,10,2,1.0000000000000002
2,13,1,0,26.0,23.65685424949238,17.565822304349304,0.7425257018154147,11,2,1.0
2,13,1,1,26.0,22.485281374238568,17.940916459480395,0.7978960174381157,10,2,1.0000000000000002
2,13,2,0,26.0,22.485281374238568,16.17173280315871,0.7192141621001327,10,2,1.0000000000000002
2,13,2,1,26.0,21.31370849898476,18.192382100438067,0.8535531065044184,9,2,1.0
2,13,3,0,26.0,23.65685424949238,17.699596848159125,0.7481804918563472,11,2,1.0
2,13,3,1,26.0,22.485281374238568,17.7624742771306,0.7899600623846808,10,2,1.0
2,13,4,0,26.0,23.65685424949238,15.656854249492381,0.6618316232737639,11,2,1.0
2,13,4,1,26.0,22.485281374238568,16.389050422582734,0.7288790453545181,10,2,1.0000000000000002
2,13,5,0,26.0,24.82842712474619,16.0,0.6444226176555902,12,2,1.0
2,13,5,1,26.0,22.485281374238568,18.944271909999195,0.8425187834964647,10,2,1.0000000000000002
3,13,0,0,26.0,22.485281374238568,16.660602759219753,0.7409559383280762,10,2,1.052103989972573
3,13,0,1,26.0,22.485281374238568,17.860222806162355,0.7943072852370372,10,2,1.0000000000000002
3,13,0,2,26.0,23.65685424949238,19.67068718880514,0.8315005444659754,11,2,1.0
3,13,1,0,26.0,22.485281374238568,14.51979956112066,0.645746847435764,10,2,1.0000000000000002
3,13,1,1,26.0,22.485281374238568,15.667633808267798,0.6967950966456767,10,2,1.0000000000000002
3,13,1,2,26.0,26.0,18.0,0.6923076923076923,13,1,1.0
3,13,2,0,26.0,22.485281374238568,16.89292222699217,0.7512880068446208,10,2,1.0
3,13,2,1,26.0,22.485281374238568,18.05576980774483,0.803003952106704,10,2,1.0000000000000002
3,13,2,2,26.0,24.82842712474619,17.12310562561766,0.689657284353356,12,2,1.0
3,13,3,0,26.0,23.65685424949238,18.831309558117045,0.7960191731122122,11,2,1.0
3,13,3,1,26.0,22.485281374238568,16.157744880432986,0.7185920696969773,10,2,1.0000000000000002
3,13,3,2,26.0,21.31370849898476,16.623273586985114,0.7799334211489725,9,2,1.0
3,13,4,0,26.0,21.31370849898476,16.906813867997997,0.7932366096122279,9,2,1.0
3,13,4,1,26.0,24.82842712474619,18.82842712474619,0.7583415183791536,12,2,1.0
3,13,4,2,26.0,23.65685424949238,19.048627177541057,0.8052054164365406,11,2,1.0
3,13,5,0,26.0,22.485281374238568,15.82156231325651,0.7036408417545225,10,2,1.0000000000000002
3,13,5,1,26.0,22.485281374238568,16.730766125092423,0.7440763513976256,10,2,1.0000000000000002
3,13,5,2,26.0,23.65685424949238,19.464101615137753,0.8227679559532057,11,2,1.049523612180134
4,13,0,0,26.0,24.82842712474619,18.47213595499958,0.7439913878631734,12,2,1.0
4,13,0,1,26.0,24.82842712474619,18.47213595499958,0.7439913878631734,12,2,1.0
4,13,0,2,26.0,22.485281374238568,15.967790460868779,0.7101441247323286,10,2,1.0000000000000002
4,13,0,3,26.0,24.82842712474619,18.47213595499958,0.7439913878631734,12,2,1.0
4,13,1,0,26.0,22.485281374238568,17.967790460868763,0.7990911993413832,10,2,1.0000000000000002
4,13,1,1,26.0,18.970562748477143,17.75422191368142,0.9358827225674492,7,2,1.0617574128288765
4,13,1,2,26.0,21.31370849898476,16.49651543543299,0.7739861618272001,9,2,1.0
4,13,1,3,26.0,21.31370849898476,16.40392463184979,0.769641971627376,9,2,1.0549680444071765
4,13,2,0,26.0,24.82842712474619,18.0,0.724975444862539,12,2,1.0
4,13,2,1,26.0,24.82842712474619,18.35917360311745,0.7394416694571476,12,2,1.0
4,13,2,2,26.0,23.65685424949238,16.576491222541478,0.7007056410679442,11,2,1.0
4,13,2,3,26.0,23.65685424949238,14.556592793759414,0.6153224194663061,11,2,1.0
4,13,3,0,26.0,22.485281374238568,16.53663105724555,0.7354424782156207,10,2,1.0000000000000002
4,13,3,1,26.0,23.65685424949238,18.656991753840828,0.7886505769988909,11,2,1.0
4,13,3,2,26.0,21.31370849898476,15.52859671738375,0.7285731958904959,9,2,1.0
4,13,3,3,26.0,23.65685424949238,17.967762143714467,0.7595161196928798,11,2,1.0
4,13,4,0,26.0,23.65685424949238,17.95153275036385,0.7588300862423011,11,2,1.0
4,13,4,1,26.0,23.65685424949238,20.69483843602332,0.8747924900652159,11,2,1.0
4,13,4,2,26.0,23.65685424949238,17.04862717754105,0.7206633222549813,11,2,1.0
4,13,4,3,26.0,21.31370849898476,18.439926415868364,0.8651674304707093,9,2,1.0
4,13,5,0,26.0,24.82842712474619,18.35917360311745,0.7394416694571476,12,2,1.0
4,13,5,1,26.0,21.31370849898476,17.16610839697658,0.8054022319857783,9,2,1.0
4,13,5,2,26.0,22.485281374238568,16.53663105724555,0.7354424782156207,10,2,1.0000000000000002
4,13,5,3,26.0,22.485281374238568,17.414370919298538,0.7744786747143052,10,2,1.0000000000000002
5,13,0,0,26.0,24.82842712474619,17.23606797749979,0.6942070027593819,12,2,1.0
5,13,0,1,26.0,22.485281374238568,16.49499105518526,0.7335906000306318,10,2,1.0000000000000002
5,13,0,2,26.0,23.65685424949238,19.404918347287662,0.8202662172509283,11,2,1.0
5,13,0,3,26.0,22.485281374238568,17.694966256081827,0.7869577418922133,10,2,1.0000000000000002
5,13,0,4,26.0,22.485281374238568,18.375431313622364,0.81722043001317,10,2,1.0000000000000002
5,13,1,0,26.0,22.485281374238568,18.05069303460717,0.8027781700471797,10,2,1.0000000000000002
5,13,1,1,26.0,23.65685424949238,18.839206683521606,0.7963529928720701,11,2,1.0
5,13,1,2,26.0,22.485281374238568,16.38905042258274,0.7288790453545184,10,2,1.0000000000000002
5,13,1,3,26.0,22.485281374238568,20.293181118777,0.9025095475134653,10,2,1.0000000000000002
5,13,1,4,26.0,22.485281374238568,17.81634553961608,0.7923559079864708,10,2,1.0
5,13,2,0,26.0,22.485281374238568,18.371427531917245,0.8170423676781482,10,2,1.0000000000000002
5,13,2,1,26.0,22.485281374238568,17.10636843837873,0.7607807148892312,10,2,1.0000000000000002
5,13,2,2,26.0,22.485281374238568,17.81634553961605,0.7923559079864695,10,2,1.0
5,13,2,3,26.0,22.485281374238568,19.173798660224847,0.8527266499850122,10,2,1.0000000000000002
5,13,2,4,26.0,21.31370849898476,17.469413449533654,0.8196327471761087,9,2,1.0
5,13,3,0,26.0,21.31370849898476,17.193775473933062,0.806700320347914,9,2,1.0000000000000002
5,13,3,1,26.0,23.65685424949238,17.708203932499412,0.7485443223238097,11,2,1.0
5,13,3,2,26.0,21.31370849898476,16.675204166065733,0.78236990840238,9,2,1.0549680444071765
5,13,3,3,26.0,22.485281374238568,16.524931786808295,0.7349221702753937,10,2,1.052103989972573
5,13,3,4,26.0,21.31370849898476,16.402256637688332,0.7695637124092987,9,2,1.0
5,13,4,0,26.0,23.65685424949238,19.070003361681415,0.8061090101229589,11,2,1.0
5,13,4,1,26.0,21.31370849898476,19.275597653173907,0.9043755878566166,9,2,1.0
5,13,4,2,26.0,21.31370849898476,15.866663755584465,0.7444346795087418,9,2,1.0
5,13,4,3,26.0,21.31370849898476,17.936237570137337,0.8415352762749709,9,2,1.0
5,13,4,4,26.0,22.485281374238568,17.588445642261277,0.7822203933997639,10,2,1.0000000000000002
5,13,5,0,26.0,21.31370849898476,18.67919582108683,0.8763935108700853,9,2,1.0
5,13,5,1,26.0,22.485281374238568,17.860451991725352,0.7943174779297228,10,2,1.0000000000000002
5,13,5,2,26.0,23.65685424949238,19.685608925433392,0.8321313018976646,11,2,1.0
5,13,5,3,26.0,24.82842712474619,20.576491222541478,0.8287472709873409,12,2,1.0
5,13,5,4,26.0,18.970562748477143,16.933911417571906,0.8926414910349073,7,2,1.0
6,13,0,0,26.0,23.65685424949238,16.010347204448586,0.6767741406189764,11,2,1.0
6,13,0,1,26.0,24.82842712474619,16.82842712474619,0.6777886911722049,12,2,1.0
6,13,0,2,26.0,22.485281374238568,18.394249429095517,0.8180573381736661,10,2,1.0000000000000002
6,13,0,3,26.0,22.485281374238568,16.64098632478745,0.7400835260995693,10,2,1.0000000000000002
6,13,0,4,26.0,21.31370849898476,15.842096286624027,0.7432820190526035,9,2,1.0
6,13,0,5,26.0,23.65685424949238,18.570766571572058,0.7850057482587967,11,2,1.0
6,13,1,0,26.0,22.485281374238568,16.772989201940447,0.7459541609809381,10,2,1.0000000000000002
6,13,1,1,26.0,24.82842712474619,14.828427124746192,0.5972358639652561,12,2,1.0
6,13,1,2,26.0,21.31370849898476,18.807431704980885,0.8824101026753155,9,2,1.0
6,13,1,3,26.0,22.485281374238568,18.08605825680711,0.8043509865759716,10,2,1.0000000000000002
6,13,1,4,26.0,21.31370849898476,16.92776278113171,0.7942194940846655,9,2,1.0
6,13,1,5,26.0,22.485281374238568,15.30175504735925,0.680523173923476,10,2,1.0000000000000002
6,13,2,0,26.0,21.31370849898476,18.957417329238147,0.8894471522936119,9,2,1.0
6,13,2,1,26.0,24.82842712474619,17.23606797749979,0.6942070027593819,12,2,1.0
6,13,2,2,26.0,22.485281374238568,19.40618310738401,0.8630616083647373,10,2,1.0000000000000002
6,13,2,3,26.0,22.485281374238568,18.01016424577017,0.80097571144493,10,2,1.0000000000000002
6,13,2,4,26.0,23.65685424949238,18.8146250571074,0.7953139017843472,11,2,1.0
6,13,2,5,26.0,23.65685424949238,17.300563079745764,0.7313129166409348,11,2,1.0
6,13,3,0,26.0,21.31370849898476,18.17346457917594,0.8526655312022119,9,2,1.0549680444071765
6,13,3,1,26.0,21.31370849898476,18.541566479948322,0.8699361953285378,9,2,1.0549680444071765
6,13,3,2,26.0,24.82842712474619,16.32455532033676,0.6574945419746817,12,2,1.0
6,13,3,3,26.0,23.65685424949238,16.969297242853592,0.7173099628500993,11,2,1.0
6,13,3,4,26.0,22.485281374238568,17.61149929112214,0.783245670712383,10,2,1.0000000000000002
6,13,3,5,26.0,22.485281374238568,18.640986324787455,0.8290306007086249,10,2,1.0000000000000002
6,13,4,0,26.0,22.485281374238568,17.228144052595955,0.7661965072109026,10,2,1.0000000000000002
6,13,4,1,26.0,23.65685424949238,19.152982445082934,0.8096166228649742,11,2,1.0
6,13,4,2,26.0,22.485281374238568,18.536631057245568,0.8243895528246769,10,2,1.0000000000000002
6,13,4,3,26.0,24.82842712474619,16.47213595499958,0.6634385606562246,12,2,1.0
6,13,4,4,26.0,22.485281374238568,16.447170528427772,0.7314638520499606,10,2,1.0000000000000002
6,13,4,5,26.0,24.82842712474619,17.23606797749979,0.6942070027593819,12,2,1.0
6,13,5,0,26.0,22.485281374238568,16.20705986608722,0.7207852815511432,10,2,1.0000000000000002
6,13,5,1,26.0,24.82842712474619,20.47213595499958,0.8245442150701222,12,2,1.0
6,13,5,2,26.0,24.82842712474619,16.47213595499958,0.6634385606562246,12,2,1.0
6,13,5,3,26.0,23.65685424949238,21.54061465347499,0.9105443363813767,11,2,1.0
6,13,5,4,26.0,23.65685424949238,17.300563079745782,0.7313129166409356,11,2,1.0
6,13,5,5,26.0,22.485281374238568,17.518122724564044,0.7790928844961929,10,2,1.0000000000000002
7,13,0,0,26.0,20.14213562373095,17.63121312501574,0.8753398077730692,8,2,1.0
7,13,0,1,26.0,23.65685424949238,17.560623297836543,0.7423059343662884,11,2,1.0
7,13,0,2,26.0,21.31370849898476,16.12199014898755,0.7564141242597688,9,2,1.0
7,13,0,3,26.0,23.65685424949238,15.300563079745778,0.6467708224593763,11,2,1.0
7,13,0,4,26.0,22.485281374238568,18.157744880432983,0.8075391443060325,10,2,1.0000000000000002
7,13,0,5,26.0,23.65685424949238,17.152982445082962,0.7250745286834164,11,2,1.0
7,13,0,6,26.0,24.82842712474619,20.32455532033676,0.8186001963885793,12,2,1.0
7,13,1,0,26.0,24.82842712474619,18.576491222541478,0.7481944437803921,12,2,1.0
7,13,1,1,26.0,23.65685424949238,16.93566482565891,0.7158882853590862,11,2,1.0
7,13,1,2,26.0,23.65685424949238,17.04862717754106,0.7206633222549818,11,2,1.0
7,13,1,3,26.0,22.485281374238568,17.326292933886137,0.7705615351443592,10,2,1.0000000000000002
7,13,1,4,26.0,22.485281374238568,18.065064996573284,0.8034173420338189,10,2,1.0000000000000002
7,13,1,5,26.0,22.485281374238568,19.76247427713062,0.8789071369937371,10,2,1.0000000000000002
7,13,1,6,26.0,22.485281374238568,16.29318111877702,0.7246153982953556,10,2,1.0000000000000002
7,13,2,0,26.0,24.82842712474619,20.576491222541478,0.8287472709873409,12,2,1.0
7,13,2,1,26.0,23.65685424949238,17.81255920004127,0.7529555287522426,11,2,1.0
7,13,2,2,26.0,20.14213562373095,18.401876261015055,0.9136010502945097,8,2,1.058165275874396
7,13,2,3,26.0,22.485281374238568,18.12899020449196,0.8062603221528898,10,2,1.0000000000000002
7,13,2,4,26.0,23.65685424949238,19.152982445082955,0.809616622864975,11,2,1.0
7,13,2,5,26.0,23.65685424949238,16.097834679044617,0.6804723277774787,11,2,1.0
7,13,2,6,26.0,23.65685424949238,16.98791841486988,0.7180970992892853,11,2,1.0
7,13,3,0,26.0,23.65685424949238,17.464101615137746,0.7382258617716464,11,2,1.0
7,13,3,1,26.0,23.65685424949238,15.207750943219352,0.6428475562656719,11,2,1.0
7,13,3,2,26.0,22.485281374238568,16.225707621483394,0.7216146131964005,10,2,1.0000000000000002
7,13,3,3,26.0,23.65685424949238,17.300563079745768,0.7313129166409349,11,2,1.0
7,13,3,4,26.0,24.82842712474619,17.23606797749979,0.6942070027593819,12,2,1.0
7,13,3,5,26.0,22.485281374238568,15.435739052795203,0.686481916587442,10,2,1.0000000000000002
7,13,3,6,26.0,26.0,16.0,0.6153846153846154,13,1,1.0
7,13,4,0,26.0,18.970562748477143,16.730807416196548,0.8819352192142855,7,2,1.0
7,13,4,1,26.0,23.65685424949238,16.064495102245985,0.679063028956637,11,2,1.0
7,13,4,2,26.0,20.14213562373095,19.245299891753632,0.9554746453538576,8,2,1.058165275874396
7,13,4,3,26.0,22.485281374238568,16.170087325458255,0.7191409818862377,10,2,1.0000000000000002
7,13,4,4,26.0,24.82842712474619,16.82842712474619,0.6777886911722049,12,2,1.0
7,13,4,5,26.0,23.65685424949238,18.814625057107378,0.7953139017843464,11,2,1.0
7,13,4,6,26.0,21.31370849898476,15.052721803891759,0.7062460202366363,9,2,1.0
7,13,5,0,26.0,23.65685424949238,17.708203932499373,0.7485443223238081,11,2,1.0
7,13,5,1,26.0,23.65685424949238,15.536921224440665,0.6567619287240631,11,2,1.0
7,13,5,2,26.0,22.485281374238568,17.81634553961605,0.7923559079864695,10,2,1.0000000000000002
7,13,5,3,26.0,22.485281374238568,17.46005436986946,0.7765103793574707,10,2,1.0000000000000002
7,13,5,4,26.0,23.65685424949238,16.828427124746185,0.7113552354538973,11,2,1.0
7,13,5,5,26.0,22.485281374238568,17.533061614139356,0.7797572697590087,10,2,1.0000000000000002
7,13,5,6,26.0,21.31370849898476,18.79621758561494,0.8818839568210415,9,2,1.0
8,13,0,0,26.0,23.65685424949238,19.56062329783656,0.8268480285478482,11,2,1.0
8,13,0,1,26.0,23.65685424949238,17.048627177541032,0.7206633222549805,11,2,1.0
8,13,0,2,26.0,24.82842712474619,16.576491222541474,0.6676416165734432,12,2,1.0
8,13,0,3,26.0,22.485281374238568,19.762474277130607,0.8789071369937365,10,2,1.0000000000000002
8,13,0,4,26.0,21.31370849898476,15.761514261663214,0.7395012586577313,9,2,1.0
8,13,0,5,26.0,22.485281374238568,14.66082283395472,0.6520186512209563,10,2,1.0000000000000002
8,13,0,6,26.0,24.82842712474619,16.576491222541478,0.6676416165734433,12,2,1.0
8,13,0,7,26.0,23.65685424949238,17.656854249492397,0.7463737174553237,11,2,1.0
8,13,1,0,26.0,22.485281374238568,18.112158708367048,0.8055117659820875,10,2,1.0
8,13,1,1,26.0,24.82842712474619,16.47213595499958,0.6634385606562246,12,2,1.0
8,13,1,2,26.0,22.485281374238568,16.862712437374938,0.749944470639117,10,2,1.0000000000000002
8,13,1,3,26.0,21.31370849898476,17.578504393378303,0.8247510936079295,9,2,1.0
8,13,1,4,26.0,24.82842712474619,16.47213595499958,0.6634385606562246,12,2,1.0
8,13,1,5,26.0,21.31370849898476,18.231621903703868,0.8553941658990175,9,2,1.0549680444071765
8,13,1,6,26.0,22.485281374238568,16.5140360501796,0.7344375983259772,10,2,1.0000000000000002
8,13,1,7,26.0,23.65685424949238,19.019576715038497,0.8039774229680859,11,2,1.0
8,13,2,0,26.0,22.485281374238568,15.684719420174568,0.6975549542441831,10,2,1.0000000000000002
8,13,2,1,26.0,23.65685424949238,18.064495102245992,0.7636051231381964,11,2,1.0
8,13,2,2,26.0,23.65685424949238,17.12724714657787,0.7239866706684123,11,2,1.049523612180134
8,13,2,3,26.0,24.82842712474619,16.82842712474619,0.6777886911722049,12,2,1.0
8,13,2,4,26.0,22.485281374238568,17.762474277130597,0.7899600623846806,10,2,1.0000000000000002
8,13,2,5,26.0,23.65685424949238,17.67068718880514,0.7469584502844164,11,2,1.0
8,13,2,6,26.0,22.485281374238568,16.191822621056097,0.7201076273658332,10,2,1.0000000000000002
8,13,2,7,26.0,23.65685424949238,15.283731583620888,0.6460593374940728,11,2,1.0
8,13,3,0,26.0,24.82842712474619,18.57649122254148,0.7481944437803922,12,2,1.0
8,13,3,1,26.0,20.14213562373095,17.23629158470332,0.8557330715416274,8,2,1.058165275874396
8,13,3,2,26.0,22.485281374238568,17.335253527911966,0.7709600444570376,10,2,1.0000000000000002
8,13,3,3,26.0,24.82842712474619,20.246211251235323,0.8154447782580706,12,2,1.0
8,13,3,4,26.0,21.31370849898476,17.36505818199175,0.8147365899659791,9,2,1.0
8,13,3,5,26.0,21.31370849898476,17.05846272132588,0.8003516948793041,9,2,1.0
8,13,3,6,26.0,21.31370849898476,17.271348315606325,0.8103398953977913,9,2,1.0
8,13,3,7,26.0,21.31370849898476,18.53881717213802,0.8698072028629408,9,2,1.0
8,13,4,0,26.0,21.31370849898476,18.12701169750393,0.8504860474359673,9,2,1.0549680444071765
8,13,4,1,26.0,23.65685424949238,17.207750943219338,0.7273896504472304,11,2,1.0
8,13,4,2,26.0,22.485281374238568,17.556200468955776,0.7807863364818708,10,2,1.0000000000000002
8,13,4,3,26.0,22.485281374238568,17.830214046865315,0.7929726895609778,10,2,1.052103989972573
8,13,4,4,26.0,22.485281374238568,15.73794409215354,0.6999220436789613,10,2,1.0000000000000002
8,13,4,5,26.0,23.65685424949238,16.85784587953972,0.712598797023127,11,2,1.0
8,13,4,6,26.0,22.485281374238568,16.9216769029332,0.7525668289977638,10,2,1.0000000000000002
8,13,4,7,26.0,23.65685424949238,15.841619252963783,0.6696418334362315,11,2,1.0
8,13,5,0,26.0,22.485281374238568,17.713139355202173,0.787765963893881,10,2,1.052103989972573
8,13,5,1,26.0,22.485281374238568,19.311342638521204,0.8588437172347885,10,2,1.0000000000000002
8,13,5,2,26.0,21.31370849898476,18.127281750992463,0.8504987178489338,9,2,1.0
8,13,5,3,26.0,22.485281374238568,15.385019918505598,0.68422625727656,10,2,1.0000000000000002
8,13,5,4,26.0,18.970562748477143,17.702220991138788,0.933141584983283,7,2,1.0617574128288765
8,13,5,5,26.0,21.31370849898476,18.543819271295483,0.870041892154938,9,2,1.0
8,13,5,6,26.0,23.65685424949238,16.69483843602331,0.7057083017020973,11,2,1.0
8,13,5,7,26.0,24.82842712474619,19.23606797749979,0.7747598299663306,12,2,1.0
9,13,0,0,26.0,24.82842712474619,15.123105625617661,0.6091044571464073,12,2,1.0
9,13,0,1,26.0,24.82842712474619,18.35917360311745,0.7394416694571476,12,2,1.0
9,13,0,2,26.0,18.970562748477143,17.481593475188497,0.9215115917735138,7,2,1.0617574128288765
9,13,0,3,26.0,26.0,18.0,0.6923076923076923,13,1,1.0
9,13,0,4,26.0,23.65685424949238,17.812559200041264,0.7529555287522423,11,2,1.0
9,13,0,5,26.0,24.82842712474619,19.23606797749979,0.7747598299663306,12,2,1.0
9,13,0,6,26.0,22.485281374238568,18.389050422582727,0.8178261199635731,10,2,1.0000000000000002
9,13,0,7,26.0,22.485281374238568,19.363954975691907,0.8611835739746281,10,2,1.0000000000000002
9,13,0,8,26.0,24.82842712474619,17.23606797749979,0.6942070027593819,12,2,1.0
9,13,1,0,26.0,23.65685424949238,17.30056307974576,0.7313129166409347,11,2,1.0
9,13,1,1,26.0,24.82842712474619,18.576491222541478,0.7481944437803921,12,2,1.0
9,13,1,2,26.0,23.65685424949238,16.944271909999156,0.7162521158265469,11,2,1.0
9,13,1,3,26.0,20.14213562373095,17.515822972298718,0.8696110134251117,8,2,1.058165275874396
9,13,1,4,26.0,23.65685424949238,17.56062329783655,0.7423059343662888,11,2,1.0
9,13,1,5,26.0,22.485281374238568,17.830214046865315,0.7929726895609778,10,2,1.0000000000000002
9,13,1,6,26.0,23.65685424949238,17.13936333612257,0.7244988346872172,11,2,1.0
9,13,1,7,26.0,23.65685424949238,17.388316036725794,0.7350223260177927,11,2,1.0
9,13,1,8,26.0,23.65685424949238,16.944271909999163,0.7162521158265472,11,2,1.0
9,13,2,0,26.0,18.970562748477143,17.581503818327363,0.9267781905804937,7,2,1.0
9,13,2,1,26.0,22.485281374238568,16.230035596579675,0.7218070935582981,10,2,1.0000000000000002
9,13,2,2,26.0,23.65685424949238,18.472135954999576,0.7808365288210686,11,2,1.0
9,13,2,3,26.0,21.31370849898476,18.03783278944632,0.8463019370986292,9,2,1.0
9,13,2,4,26.0,21.31370849898476,16.713080525034893,0.7841469974983937,9,2,1.0
9,13,2,5,26.0,23.65685424949238,14.064495102245981,0.5945209347750778,11,2,1.0
9,13,2,6,26.0,21.31370849898476,17.348226685866862,0.81394688712634,9,2,1.0549680444071765
9,13,2,7,26.0,22.485281374238568,17.877054302287256,0.795055841407839,10,2,1.0000000000000002
9,13,2,8,26.0,22.485281374238568,17.68058348688755,0.7863180892699092,10,2,1.0000000000000002
9,13,3,0,26.0,23.65685424949238,17.656854249492383,0.746373717455323,11,2,1.0
9,13,3,1,26.0,22.485281374238568,17.575755954630793,0.7816560381035468,10,2,1.0000000000000002
9,13,3,2,26.0,20.14213562373095,17.278740914566814,0.8578405605714143,8,2,1.058165275874396
9,13,3,3,26.0,23.65685424949238,14.472135954999587,0.611752340457951,11,2,1.0
9,13,3,4,26.0,23.65685424949238,17.951532750363874,0.7588300862423022,11,2,1.0
9,13,3,5,26.0,22.485281374238568,16.339429529603784,0.7266722287195347,10,2,1.0000000000000002
9,13,3,6,26.0,22.485281374238568,16.2166294061613,0.7212108728486148,10,2,1.0000000000000002
9,13,3,7,26.0,22.485281374238568,17.787420429351876,0.7910695060160982,10,2,1.0
9,13,3,8,26.0,23.65685424949238,17.127247146577865,0.7239866706684122,11,2,1.0
9,13,4,0,26.0,22.485281374238568,17.787593773469453,0.7910772152421777,10,2,1.0000000000000002
9,13,4,1,26.0,23.65685424949238,17.595241580617245,0.7437692854279134,11,2,1.0
9,13,4,2,26.0,24.82842712474619,16.82842712474619,0.6777886911722049,12,2,1.0
9,13,4,3,26.0,21.31370849898476,18.365148158015984,0.8616589721535685,9,2,1.0
9,13,4,4,26.0,22.485281374238568,17.107630460302154,0.7608368414683216,10,2,1.0000000000000002
9,13,4,5,26.0,22.485281374238568,17.78759377346945,0.7910772152421776,10,2,1.052103989972573
9,13,4,6,26.0,22.485281374238568,18.08605825680709,0.8043509865759706,10,2,1.0000000000000002
9,13,4,7,26.0,23.65685424949238,14.81462505710739,0.6262297134212288,11,2,1.0
9,13,4,8,26.0,23.65685424949238,15.404918347287675,0.6511820288878107,11,2,1.0
9,13,5,0,26.0,22.485281374238568,17.939687762928436,0.7978413729561762,10,2,1.0000000000000002
9,13,5,1,26.0,24.82842712474619,16.82842712474619,0.6777886911722049,12,2,1.0
9,13,5,2,26.0,22.485281374238568,17.877054302287235,0.7950558414078381,10,2,1.0000000000000002
9,13,5,3,26.0,24.82842712474619,18.47213595499958,0.7439913878631734,12,2,1.0
9,13,5,4,26.0,22.485281374238568,15.716392456756225,0.6989635662181451,10,2,1.0000000000000002
9,13,5,5,26.0,21.31370849898476,17.004953972935176,0.7978411628246289,9,2,1.0549680444071765
9,13,5,6,26.0,23.65685424949238,16.944271909999163,0.7162521158265472,11,2,1.0
9,13,5,7,26.0,22.485281374238568,17.965500422014777,0.7989893532129817,10,2,1.0000000000000002
9,13,5,8,26.0,22.485281374238568,17.99323526565421,0.8002228198162152,10,2,1.0000000000000002
10,13,0,0,26.0,23.65685424949238,15.656854249492378,0.6618316232737638,11,2,1.0
10,13,0,1,26.0,24.82842712474619,18.32455532033676,0.7380473691816305,12,2,1.0
10,13,0,2,26.0,23.65685424949238,19.283731583620884,0.8151435258571907,11,2,1.0
10,13,0,3,26.0,23.65685424949238,15.841619252963778,0.6696418334362313,11,2,1.0
10,13,0,4,26.0,22.485281374238568,17.430708727309096,0.775205274828337,10,2,1.0000000000000002
10,13,0,5,26.0,22.485281374238568,17.873187767932055,0.7948838829479538,10,2,1.0000000000000002
10,13,0,6,26.0,21.31370849898476,18.50155951115891,0.8680591419386353,9,2,1.0
10,13,0,7,26.0,23.65685424949238,15.685608925433431,0.6630471135345481,11,2,1.0
10,13,0,8,26.0,24.82842712474619,18.576491222541478,0.7481944437803921,12,2,1.0
10,13,0,9,26.0,23.65685424949238,18.822702473776793,0.795655342644751,11,2,1.0
10,13,1,0,26.0,23.65685424949238,17.841619252963785,0.7541839276177906,11,2,1.0
10,13,1,1,26.0,21.31370849898476,17.474448819586343,0.819868997477314,9,2,1.0549680444071765
10,13,1,2,26.0,23.65685424949238,17.708203932499366,0.7485443223238077,11,2,1.0
10,13,1,3,26.0,23.65685424949238,18.93404715238445,0.800361998797483,11,2,1.0
10,13,1,4,26.0,22.485281374238568,16.20705986608718,0.7207852815511414,10,2,1.0000000000000002
10,13,1,5,26.0,22.485281374238568,18.892922226992148,0.8402350814536752,10,2,1.0000000000000002
10,13,1,6,26.0,21.31370849898476,18.986172005179196,0.8907962687996586,9,2,1.0
10,13,1,7,26.0,22.485281374238568,17.30056307974579,0.7694172375164083,10,2,1.0000000000000002
10,13,1,8,26.0,23.65685424949238,16.946146553564926,0.716331358972994,11,2,1.0
10,13,1,9,26.0,23.65685424949238,19.074638375981515,0.8063049370307048,11,2,1.0
10,13,2,0,26.0,23.65685424949238,16.934047152384423,0.7158199046159228,11,2,1.0
10,13,2,1,26.0,22.485281374238568,17.106368438378727,0.7607807148892309,10,2,1.0000000000000002
10,13,2,2,26.0,22.485281374238568,17.223039589713544,0.7659694936904822,10,2,1.0000000000000002
10,13,2,3,26.0,24.82842712474619,20.35917360311745,0.8199944966640964,12,2,1.0
10,13,2,4,26.0,24.82842712474619,17.23606797749979,0.6942070027593819,12,2,1.0
10,13,2,5,26.0,22.485281374238568,18.838774329194784,0.8378269329010224,10,2,1.0000000000000002
10,13,2,6,26.0,22.485281374238568,17.925568938969313,0.7972134589121341,10,2,1.0000000000000002
10,13,2,7,26.0,23.65685424949238,15.363395496309906,0.649426814498786,11,2,1.0
10,13,2,8,26.0,22.485281374238568,15.913638956218602,0.7077358157701726,10,2,1.0000000000000002
10,13,2,9,26.0,23.65685424949238,16.935664825658925,0.7158882853590868,11,2,1.0
10,13,3,0,26.0,22.485281374238568,17.981409569829164,0.7996968892917881,10,2,1.0
10,13,3,1,26.0,24.82842712474619,17.23606797749979,0.6942070027593819,12,2,1.0
10,13,3,2,26.0,20.14213562373095,18.924155985007186,0.9395307597229773,8,2,1.0
10,13,3,3,26.0,21.31370849898476,16.322741561692737,0.7658330112974118,9,2,1.0549680444071765
10,13,3,4,26.0,24.82842712474619,14.828427124746192,0.5972358639652561,12,2,1.0
10,13,3,5,26.0,23.65685424949238,18.796691275336336,0.7945558220505868,11,2,1.0
10,13,3,6,26.0,22.485281374238568,18.180339887498956,0.8085440241956771,10,2,1.0000000000000002
10,13,3,7,26.0,23.65685424949238,17.656854249492376,0.7463737174553228,11,2,1.0
10,13,3,8,26.0,23.65685424949238,18.9340471523844,0.8003619987974809,11,2,1.0
10,13,3,9,26.0,22.485281374238568,16.553697633700146,0.7362014892402348,10,2,1.0000000000000002
10,13,4,0,26.0,21.31370849898476,16.76466469488351,0.7865672318677936,9,2,1.0
10,13,4,1,26.0,21.31370849898476,18.629757921980833,0.8740739755762461,9,2,1.0
10,13,4,2,26.0,23.65685424949238,16.47213595499958,0.6962944346395097,11,2,1.0
10,13,4,3,26.0,23.65685424949238,17.152982445082948,0.7250745286834157,11,2,1.0
10,13,4,4,26.0,23.65685424949238,15.089724298507361,0.6378584464090846,11,2,1.0
10,13,4,5,26.0,24.82842712474619,19.23606797749979,0.7747598299663306,12,2,1.0
10,13,4,6,26.0,21.31370849898476,15.015673445023122,0.7045077793823804,9,2,1.0
10,13,4,7,26.0,23.65685424949238,17.283731583620867,0.730601431675631,11,2,1.0
10,13,4,8,26.0,22.485281374238568,17.246415181948386,0.7670090889637537,10,2,1.0000000000000002
10,13,4,9,26.0,21.31370849898476,16.39796472505799,0.7693623437628921,9,2,1.0000000000000002
10,13,5,0,26.0,23.65685424949238,18.81462505710739,0.7953139017843468,11,2,1.0
10,13,5,1,26.0,22.485281374238568,16.758583710731983,0.7453134978302886,10,2,1.0000000000000002
10,13,5,2,26.0,24.82842712474619,16.82842712474619,0.6777886911722049,12,2,1.0
10,13,5,3,26.0,20.14213562373095,16.601126159491564,0.8241989066905369,8,2,1.0
10,13,5,4,26.0,21.31370849898476,16.19187495934733,0.7596929910211825,9,2,1.0
10,13,5,5,26.0,24.82842712474619,16.82842712474619,0.6777886911722049,12,2,1.0
10,13,5,6,26.0,23.65685424949238,20.01034720444859,0.8458583289820947,11,2,1.0
10,13,5,7,26.0,24.82842712474619,20.35917360311745,0.8199944966640964,12,2,1.0
10,13,5,8,26.0,23.65685424949238,16.934047152384416,0.7158199046159225,11,2,1.0
10,13,5,9,26.0,22.485281374238568,16.255644692538258,0.7229460206427474,10,2,1.0000000000000002
1,14,0,0,28.0,23.31370849898476,18.350465887050568,0.7871105486220553,10,2,1.0
1,14,1,0,28.0,23.31370849898476,18.969340509054305,0.8136560732017544,10,2,1.0
1,14,2,0,28.0,23.31370849898476,16.860885324279103,0.7232176436028331,10,2,1.0
1,14,3,0,28.0,20.970562748477143,19.740612848567242,0.9413487413446157,8,2,1.0
1,14,4,0,28.0,25.65685424949238,16.79669127533635,0.6546668236098614,12,2,1.0
1,14,5,0,28.0,22.14213562373095,18.764664694883518,0.8474640844839009,9,2,1.0
2,14,0,0,28.0,24.485281374238568,19.498536939239997,0.7963370582195874,11,2,1.0000000000000002
2,14,0,1,28.0,24.485281374238568,20.138414160513825,0.8224701955723424,11,2,1.0000000000000002
2,14,1,0,28.0,26.82842712474619,15.23606797749979,0.5679076118273904,13,2,1.0
2,14,1,1,28.0,23.31370849898476,17.45281113897178,0.7486072470937772,10,2,1.0
2,14,2,0,28.0,23.31370849898476,20.083635246121716,0.8614517611814653,10,2,1.0
2,14,2,1,28.0,24.485281374238568,17.69660343671131,0.7227445405356969,11,2,1.0
2,14,3,0,28.0,24.485281374238568,18.171732803158733,0.7421492334687875,11,2,1.0000000000000002
2,14,3,1,28.0,24.485281374238568,17.86022280616237,0.7294268966397687,11,2,1.0000000000000002
2,14,4,0,28.0,23.31370849898476,20.323490818037172,0.8717399387112607,10,2,1.0
2,14,4,1,28.0,25.65685424949238,17.46410161513775,0.6806797686619465,12,2,1.0
2,14,5,0,28.0,24.485281374238568,17.747297720956798,0.7248149388076491,11,2,1.0000000000000002
2,14,5,1,28.0,24.485281374238568,18.796189268460637,0.7676525738534689,11,2,1.0000000000000002
3,14,0,0,28.0,24.485281374238568,17.981652813585352,0.7343862028273113,11,2,1.0000000000000002
3,14,0,1,28.0,24.485281374238568,19.373182497877817,0.7912174747667271,11,2,1.0000000000000002
3,14,0,2,28.0,25.65685424949238,18.064495102245992,0.7040806689153405,12,2,1.0
3,14,1,0,28.0,24.485281374238568,17.51365157758408,0.715272628886778,11,2,1.0000000000000002
3,14,1,1,28.0,25.65685424949238,17.595241580617248,0.6857910720276773,12,2,1.0
3,14,1,2,28.0,23.31370849898476,18.67651981999211,0.8010960513127036,10,2,1.0
3,14,2,0,28.0,23.31370849898476,18.19288547366496,0.780351417469992,10,2,1.0
3,14,2,1,28.0,24.485281374238568,18.569970634044193,0.7584136098016017,11,2,1.0000000000000002
3,14,2,2,28.0,22.14213562373095,18.689539074412174,0.844071203971019,9,2,1.0529114668595096
3,14,3,0,28.0,23.31370849898476,18.87912015935337,0.809786232000606,10,2,1.0
3,14,3,1,28.0,24.485281374238568,16.03952967567419,0.6550682195774022,11,2,1.0000000000000002
3,14,3,2,28.0,24.485281374238568,16.036178067965547,0.6549313370291721,11,2,1.0000000000000002
3,14,4,0,28.0,24.485281374238568,18.262100147974877,0.7458399137364532,11,2,1.0000000000000002
3,14,4,1,28.0,24.485281374238568,16.838774329194756,0.6877100602532243,11,2,1.0000000000000002
3,14,4,2,28.0,22.14213562373095,16.082746679045204,0.7263412595941484,9,2,1.0
3,14,5,0,28.0,25.65685424949238,20.831309558117034,0.8119198618641715,12,2,1.0
3,14,5,1,28.0,23.31370849898476,17.806940651970343,0.763797001783126,10,2,1.0
3,14,5,2,28.0,24.485281374238568,18.20473313892747,0.7434969956310576,11,2,1.0000000000000002
4,14,0,0,28.0,24.485281374238568,18.036699809419794,0.736634369593014,11,2,1.0000000000000002
4,14,0,1,28.0,24.485281374238568,16.94427190999916,0.6920186724023744,11,2,1.0000000000000002
4,14,0,2,28.0,23.31370849898476,18.19187495934734,0.7803080732582524,10,2,1.0
4,14,0,3,28.0,24.485281374238568,17.96779046086875,0.733820052391679,11,2,1.0000000000000002
4,14,1,0,28.0,23.31370849898476,17.90611435520976,0.7680508811367147,10,2,1.0
4,14,1,1,28.0,23.31370849898476,17.89955830515426,0.7677696710471323,10,2,1.0000000000000002
4,14,1,2,28.0,25.65685424949238,19.152982445082927,0.74650548577918,12,2,1.0
4,14,1,3,28.0,23.31370849898476,17.672470936647095,0.7580291628599833,10,2,1.0
4,14,2,0,28.0,28.0,18.0,0.6428571428571429,14,1,1.0
4,14,2,1,28.0,25.65685424949238,16.06449510224597,0.6261287898364939,12,2,1.0
4,14,2,2,28.0,23.31370849898476,19.121608243523216,0.8201873264545579,10,2,1.0
4,14,2,3,28.0,25.65685424949238,18.958993304605738,0.7389445767686365,12,2,1.0
4,14,3,0,28.0,25.65685424949238,19.656854249492383,0.7661443627634629,12,2,1.0
4,14,3,1,28.0,25.65685424949238,17.300563079745764,0.6743057005941426,12,2,1.0
4,14,3,2,28.0,23.31370849898476,19.535918534060293,0.8379584284032299,10,2,1.0
4,14,3,3,28.0,26.82842712474619,18.82842712474619,0.7018088327429041,13,2,1.0
4,14,4,0,28.0,23.31370849898476,17.335815326015016,0.7435889200883651,10,2,1.0
4,14,4,1,28.0,24.485281374238568,19.893059731340628,0.812449709165707,11,2,1.0000000000000002
4,14,4,2,28.0,26.82842712474619,16.47213595499958,0.6139806809548628,13,2,1.0
4,14,4,3,28.0,24.485281374238568,18.48248315944816,0.7548405459164514,11,2,1.0000000000000002
4,14,5,0,28.0,25.65685424949238,19.15298244508296,0.7465054857791812,12,2,1.0
4,14,5,1,28.0,25.65685424949238,17.404918347287676,0.6783730451924764,12,2,1.0
4,14,5,2,28.0,25.65685424949238,19.283731583620884,0.751601556297667,12,2,1.0
4,14,5,3,28.0,23.31370849898476,20.87912015935339,0.8955726696275118,10,2,1.0
5,14,0,0,28.0,25.65685424949238,19.04862717754105,0.7424381411808475,12,2,1.0
5,14,0,1,28.0,25.65685424949238,17.152982445082955,0.6685536067003353,12,2,1.0
5,14,0,2,28.0,24.485281374238568,16.536631057245565,0.6753702685501531,11,2,1.0000000000000002
5,14,0,3,28.0,26.82842712474619,19.23606797749979,0.7170031954559383,13,2,1.0
5,14,0,4,28.0,24.485281374238568,16.485281374238568,0.6732731032277639,11,2,1.0000000000000002
5,14,1,0,28.0,23.31370849898476,18.896711476361386,0.8105407802102476,10,2,1.0
5,14,1,1,28.0,25.65685424949238,15.685608925433417,0.6113613451167248,12,2,1.0
5,14,1,2,28.0,23.31370849898476,16.74206608096478,0.7181211038001031,10,2,1.0000000000000002
5,14,1,3,28.0,23.31370849898476,17.00876701224513,0.7295607652032627,10,2,1.0
5,14,1,4,28.0,25.65685424949238,18.90104654287824,0.7366860472870402,12,2,1.0
5,14,2,0,28.0,25.65685424949238,18.868176311965136,0.7354048991543242,12,2,1.0
5,14,2,1,28.0,26.82842712474619,18.35917360311745,0.684317925823657,13,2,1.0
5,14,2,2,28.0,24.485281374238568,18.079285684768507,0.7383736134553908,11,2,1.0000000000000002
5,14,2,3,28.0,23.31370849898476,18.543819271295483,0.795404097640794,10,2,1.0
5,14,2,4,28.0,22.14213562373095,17.878539262193385,0.8074442125190474,9,2,1.0
5,14,3,0,28.0,25.65685424949238,19.019576715038482,0.7413058721107552,12,2,1.0
5,14,3,1,28.0,23.31370849898476,18.800477614911134,0.8064130001337985,10,2,1.0
5,14,3,2,28.0,24.485281374238568,17.940916459480377,0.7327224950069946,11,2,1.0000000000000002
5,14,3,3,28.0,23.31370849898476,18.422817662015397,0.7902139491371635,10,2,1.0
5,14,3,4,28.0,25.65685424949238,18.010347204448607,0.7019702037246028,12,2,1.0
5,14,4,0,28.0,24.485281374238568,19.32998183453931,0.7894531224328406,11,2,1.0000000000000002
5,14,4,1,28.0,25.65685424949238,17.84161925296378,0.6953938732889196,12,2,1.0
5,14,4,2,28.0,23.31370849898476,17.721349351738326,0.7601257154137462,10,2,1.0
5,14,4,3,28.0,25.65685424949238,19.15298244508295,0.746505485779181,12,2,1.0
5,14,4,4,28.0,25.65685424949238,21.18760072786361,0.8258066449546443,12,2,1.0
5,14,5,0,28.0,25.65685424949238,15.812559200041264,0.6163093513443534,12,2,1.0
5,14,5,1,28.0,20.970562748477143,18.777336166524687,0.8954140330777854,8,2,1.0
5,14,5,2,28.0,24.485281374238568,16.86271243737493,0.6886877132282626,11,2,1.0000000000000002
5,14,5,3,28.0,24.485281374238568,18.216743161471996,0.7439874953055748,11,2,1.0000000000000002
5,14,5,4,28.0,25.65685424949238,17.40491834728767,0.6783730451924762,12,2,1.0
6,14,0,0,28.0,24.485281374238568,18.284695155040854,0.7467627133041048,11,2,1.0000000000000002
6,14,0,1,28.0,26.82842712474619,18.576491222541474,0.6924182001488548,13,2,1.0
6,14,0,2,28.0,25.65685424949238,17.038657217294663,0.6640976735342281,12,2,1.0
6,14,0,3,28.0,25.65685424949238,20.796691275336336,0.8105705817675524,12,2,1.0
6,14,0,4,28.0,24.485281374238568,19.62511840008253,0.8015067542058346,11,2,1.0000000000000002
6,14,0,5,28.0,23.31370849898476,18.115188136853156,0.7770187286009009,10,2,1.0
6,14,1,0,28.0,24.485281374238568,17.955674271324064,0.7333252167653491,11,2,1.0000000000000002
6,14,1,1,28.0,24.485281374238568,19.981409569829154,0.8160579927356676,11,2,1.0000000000000002
6,14,1,2,28.0,23.31370849898476,16.890194727348543,0.7244748182419823,10,2,1.0
6,14,1,3,28.0,24.485281374238568,17.43464718669237,0.7120460214533493,11,2,1.0000000000000002
6,14,1,4,28.0,26.82842712474619,18.35917360311745,0.684317925823657,13,2,1.0
6,14,1,5,28.0,25.65685424949238,20.935664825658925,0.8159872064625046,12,2,1.0
6,14,2,0,28.0,24.485281374238568,18.375431313622354,0.7504684562439007,11,2,1.0000000000000002
6,14,2,1,28.0,25.65685424949238,17.30056307974577,0.6743057005941429,12,2,1.0
6,14,2,2,28.0,26.82842712474619,17.23606797749979,0.6424554036416643,13,2,1.0
6,14,2,3,28.0,24.485281374238568,20.170115129884202,0.8237648904907242,11,2,1.0000000000000002
6,14,2,4,28.0,26.82842712474619,16.576491222541474,0.6178704083345808,13,2,1.0
6,14,2,5,28.0,24.485281374238568,18.07527466102141,0.7382097997876697,11,2,1.0000000000000002
6,14,3,0,28.0,26.82842712474619,16.35917360311745,0.609770134009383,13,2,1.0
6,14,3,1,28.0,24.485281374238568,18.796189268460658,0.7676525738534697,11,2,1.0000000000000002
6,14,3,2,28.0,23.31370849898476,18.54428168341028,0.795423931984816,10,2,1.0000000000000002
6,14,3,3,28.0,23.31370849898476,16.963309861404106,0.7276109616856026,10,2,1.0
6,14,3,4,28.0,23.31370849898476,17.541415780388796,0.7524077853659649,10,2,1.0000000000000002
6,14,3,5,28.0,25.65685424949238,18.944271909999152,0.7383707965825141,12,2,1.0
6,14,4,0,28.0,23.31370849898476,18.377783024691084,0.7882822685842271,10,2,1.0502525316941673
6,14,4,1,28.0,23.31370849898476,18.14288184549777,0.7782066009055503,10,2,1.0502525316941673
6,14,4,2,28.0,24.485281374238568,18.225707621483387,0.7443536115806699,11,2,1.0478480462342754
6,14,4,3,28.0,24.485281374238568,18.422389999381373,0.7523862894532191,11,2,1.0000000000000002
6,14,4,4,28.0,24.485281374238568,17.816308595704914,0.7276334024263977,11,2,1.0000000000000002
6,14,4,5,28.0,24.485281374238568,18.51979956112067,0.7563645799310971,11,2,1.0478480462342754
6,14,5,0,28.0,25.65685424949238,18.83130955811703,0.7339679827853256,12,2,1.0
6,14,5,1,28.0,28.0,18.0,0.6428571428571429,14,1,1.0
6,14,5,2,28.0,24.485281374238568,17.491712670038048,0.714376624989142,11,2,1.0000000000000002
6,14,5,3,28.0,25.65685424949238,17.829977172931706,0.6949401122814762,12,2,1.0
6,14,5,4,28.0,24.485281374238568,18.016027852609852,0.7357901090556738,11,2,1.0
6,14,5,5,28.0,24.485281374238568,18.409066230867595,0.7518421352607417,11,2,1.0000000000000002
7,14,0,0,28.0,23.31370849898476,15.683238505927571,0.6727045809383149,10,2,1.0
7,14,0,1,28.0,22.14213562373095,17.60444984161269,0.7950655772673088,9,2,1.0
7,14,0,2,28.0,23.31370849898476,20.19238210043804,0.8661162637989299,10,2,1.0
7,14,0,3,28.0,25.65685424949238,17.909641085620716,0.698045088125917,12,2,1.0
7,14,0,4,28.0,24.485281374238568,17.659736682863226,0.7212388705258406,11,2,1.0000000000000002
7,14,0,5,28.0,25.65685424949238,18.35917360311746,0.7155660403488746,12,2,1.0
7,14,0,6,28.0,28.0,16.0,0.5714285714285714,14,1,1.0
7,14,1,0,28.0,24.485281374238568,18.658404297677905,0.7620253168627569,11,2,1.0
7,14,1,1,28.0,22.14213562373095,17.242178461618412,0.7787044011752424,9,2,1.0
7,14,1,2,28.0,26.82842712474619,21.23606797749979,0.7915509872702122,13,2,1.0
7,14,1,3,28.0,25.65685424949238,18.064495102245978,0.7040806689153399,12,2,1.0
7,14,1,4,28.0,24.485281374238568,19.61791457731109,0.8012125438734583,11,2,1.0000000000000002
7,14,1,5,28.0,23.31370849898476,18.20852289704235,0.7810221568925971,10,2,1.0
7,14,1,6,28.0,23.31370849898476,18.928437849249086,0.8119016264646769,10,2,1.0
7,14,2,0,28.0,25.65685424949238,20.94427190999916,0.8163226756613602,12,2,1.0
7,14,2,1,28.0,23.31370849898476,16.930171006237153,0.7261895295196991,10,2,1.0
7,14,2,2,28.0,25.65685424949238,16.857845879539717,0.6570503817658492,12,2,1.0
7,14,2,3,28.0,22.14213562373095,17.632565555242238,0.7963353605487107,9,2,1.0
7,14,2,4,28.0,26.82842712474619,16.32455532033676,0.6084797757405317,13,2,1.0
7,14,2,5,28.0,25.65685424949238,16.944271909999166,0.660418917503669,12,2,1.0
7,14,2,6,28.0,24.485281374238568,18.233345472033868,0.744665547981716,11,2,1.0
7,14,3,0,28.0,24.485281374238568,18.142823143804723,0.7409685380578527,11,2,1.0000000000000002
7,14,3,1,28.0,26.82842712474619,19.23606797749979,0.7170031954559383,13,2,1.0
7,14,3,2,28.0,26.82842712474619,18.47213595499958,0.6885284727691368,13,2,1.0
7,14,3,3,28.0,24.485281374238568,16.480441053078778,0.673075420338774,11,2,1.0000000000000002
7,14,3,4,28.0,25.65685424949238,17.685608925433385,0.6893132241955693,12,2,1.0
7,14,3,5,28.0,23.31370849898476,18.33258794672497,0.7863437062157357,10,2,1.0
7,14,3,6,28.0,24.485281374238568,19.52326556076948,0.7973469964413104,11,2,1.0000000000000002
7,14,4,0,28.0,22.14213562373095,17.49703373138,0.7902143690524351,9,2,1.0
7,14,4,1,28.0,24.485281374238568,18.259148956821605,0.7457193845455419,11,2,1.0000000000000002
7,14,4,2,28.0,25.65685424949238,17.13936333612259,0.6680227891329152,12,2,1.0
7,14,4,3,28.0,24.485281374238568,15.87902505575213,0.6485130725293097,11,2,1.0000000000000002
7,14,4,4,28.0,25.65685424949238,19.404918347287666,0.7563249242713218,12,2,1.0
7,14,4,5,28.0,25.65685424949238,15.464101615137764,0.6027278895831012,12,2,1.0
7,14,4,6,28.0,24.485281374238568,20.51403605017962,0.8378109173686208,11,2,1.0000000000000002
7,14,5,0,28.0,26.82842712474619,18.576491222541478,0.6924182001488549,13,2,1.0
7,14,5,1,28.0,22.14213562373095,19.45254510998106,0.8785306639135879,9,2,1.0529114668595096
7,14,5,2,28.0,22.14213562373095,18.634465736290167,0.8415839399122178,9,2,1.0
7,14,5,3,28.0,25.65685424949238,17.21110255092796,0.6708188924317752,12,2,1.0
7,14,5,4,28.0,26.82842712474619,18.32455532033676,0.6830275675548056,13,2,1.0
7,14,5,5,28.0,25.65685424949238,17.967762143714474,0.7003104109721465,12,2,1.0
7,14,5,6,28.0,23.31370849898476,17.721349351738343,0.760125715413747,10,2,1.0
8,14,0,0,28.0,23.31370849898476,18.502291146468604,0.7936228226956823,10,2,1.0
8,14,0,1,28.0,24.485281374238568,17.56440963741135,0.717345631808471,11,2,1.0000000000000002
8,14,0,2,28.0,26.82842712474619,16.32455532033676,0.6084797757405317,13,2,1.0
8,14,0,3,28.0,25.65685424949238,17.304460632375697,0.6744576113697986,12,2,1.0
8,14,0,4,28.0,24.485281374238568,19.3299818345393,0.7894531224328402,11,2,1.0000000000000002
8,14,0,5,28.0,24.485281374238568,20.569970634044193,0.8400953339946606,11,2,1.0000000000000002
8,14,0,6,28.0,26.82842712474619,18.82842712474619,0.7018088327429041,13,2,1.0
8,14,0,7,28.0,24.485281374238568,15.821562313256486,0.6461662445873566,11,2,1.0000000000000002
8,14,1,0,28.0,23.31370849898476,17.751541920928005,0.7614207718905395,10,2,1.0
8,14,1,1,28.0,23.31370849898476,18.24220171919285,0.7824667499804778,10,2,1.0
8,14,1,2,28.0,26.82842712474619,18.576491222541474,0.6924182001488548,13,2,1.0
8,14,1,3,28.0,28.0,20.0,0.7142857142857143,14,1,1.0
8,14,1,4,28.0,26.82842712474619,18.576491222541474,0.6924182001488548,13,2,1.0
8,14,1,5,28.0,25.65685424949238,18.901046542878234,0.7366860472870399,12,2,1.0
8,14,1,6,28.0,24.485281374238568,19.687751860723722,0.8040647587345099,11,2,1.0000000000000002
8,14,1,7,28.0,24.485281374238568,21.139180377444163,0.8633423506288598,11,2,1.0000000000000002
8,14,2,0,28.0,25.65685424949238,19.70820393249938,0.7681457649037121,12,2,1.0
8,14,2,1,28.0,25.65685424949238,17.967762143714452,0.7003104109721457,12,2,1.0
8,14,2,2,28.0,25.65685424949238,17.812559200041264,0.6942612304231991,12,2,1.0
8,14,2,3,28.0,25.65685424949238,17.656854249492383,0.688192483684617,12,2,1.0
8,14,2,4,28.0,24.485281374238568,17.489878911663542,0.7143017327162504,11,2,1.0000000000000002
8,14,2,5,28.0,24.485281374238568,18.64098632478744,0.7613139518339364,11,2,1.0000000000000002
8,14,2,6,28.0,26.82842712474619,19.12310562561766,0.7127926485104584,13,2,1.0
8,14,2,7,28.0,26.82842712474619,18.0,0.6709301263284657,13,2,1.0
8,14,3,0,28.0,24.485281374238568,18.145823379283087,0.7410910702612817,11,2,1.0478480462342754
8,14,3,1,28.0,28.0,16.0,0.5714285714285714,14,1,1.0
8,14,3,2,28.0,25.65685424949238,17.152982445082948,0.668553606700335,12,2,1.0
8,14,3,3,28.0,26.82842712474619,16.576491222541474,0.6178704083345808,13,2,1.0
8,14,3,4,28.0,24.485281374238568,17.3850199185056,0.7100192010371059,11,2,1.0000000000000002
8,14,3,5,28.0,24.485281374238568,16.48528137423857,0.673273103227764,11,2,1.0000000000000002
8,14,3,6,28.0,24.485281374238568,20.032759252836126,0.8181551580580558,11,2,1.0000000000000002
8,14,3,7,28.0,25.65685424949238,19.04862717754106,0.7424381411808479,12,2,1.0
8,14,4,0,28.0,24.485281374238568,18.640986324787463,0.7613139518339372,11,2,1.0000000000000002
8,14,4,1,28.0,24.485281374238568,17.658485831587328,0.7211877846813783,11,2,1.0000000000000002
8,14,4,2,28.0,26.82842712474619,15.23606797749979,0.5679076118273904,13,2,1.0
8,14,4,3,28.0,24.485281374238568,18.107274475979246,0.739516699817477,11,2,1.0000000000000002
8,14,4,4,28.0,24.485281374238568,18.53663105724557,0.7570519927432124,11,2,1.0000000000000002
8,14,4,5,28.0,25.65685424949238,16.987918414869878,0.662120081038617,12,2,1.0
8,14,4,6,28.0,25.65685424949238,18.91887059621061,0.73738075651207,12,2,1.0
8,14,4,7,28.0,25.65685424949238,19.84161925296378,0.7733457523677654,12,2,1.0456631535519203
8,14,5,0,28.0,23.31370849898476,16.864605192711743,0.7233772007334717,10,2,1.0000000000000002
8,14,5,1,28.0,23.31370849898476,17.23980836516978,0.7394708725092157,10,2,1.0
8,14,5,2,28.0,23.31370849898476,18.627736693252416,0.7990035859830535,10,2,1.0
8,14,5,3,28.0,25.65685424949238,17.236067977499793,0.6717919433884147,12,2,1.0
8,14,5,4,28.0,25.65685424949238,19.30056307974578,0.7522575796729889,12,2,1.0
8,14,5,5,28.0,25.65685424949238,18.95899330460572,0.7389445767686358,12,2,1.0
8,14,5,6,28.0,25.65685424949238,19.685608925433407,0.7672651032744159,12,2,1.0
8,14,5,7,28.0,25.65685424949238,18.987918414869856,0.7400719601174619,12,2,1.0
9,14,0,0,28.0,26.82842712474619,16.47213595499958,0.6139806809548628,13,2,1.0
9,14,0,1,28.0,25.65685424949238,20.8146250571074,0.8112695677615746,12,2,1.0
9,14,0,2,28.0,22.14213562373095,17.007673704493335,0.7681135186555931,9,2,1.0
9,14,0,3,28.0,25.65685424949238,18.814625057107396,0.7333176886827286,12,2,1.0
9,14,0,4,28.0,25.65685424949238,19.616248950992244,0.7645617331041412,12,2,1.0
9,14,0,5,28.0,24.485281374238568,17.877054302287245,0.730114309451883,11,2,1.0
9,14,0,6,28.0,24.485281374238568,19.68775186072368,0.8040647587345081,11,2,1.0000000000000002
9,14,0,7,28.0,24.485281374238568,21.16697439102287,0.8644774821045368,11,2,1.0000000000000002
9,14,0,8,28.0,26.82842712474619,19.23606797749979,0.7170031954559383,13,2,1.0
9,14,1,0,28.0,26.82842712474619,18.35917360311745,0.684317925823657,13,2,1.0
9,14,1,1,28.0,23.31370849898476,18.054354226280214,0.7744093663634177,10,2,1.0
9,14,1,2,28.0,24.485281374238568,18.852316928492034,0.769944875876612,11,2,1.0000000000000002
9,14,1,3,28.0,25.65685424949238,18.01883273876158,0.702300935396945,12,2,1.0
9,14,1,4,28.0,23.31370849898476,18.38240199915787,0.7884803912667249,10,2,1.0
9,14,1,5,28.0,25.65685424949238,17.111260638182223,0.6669274600770969,12,2,1.0
9,14,1,6,28.0,23.31370849898476,19.310910284194353,0.8283071003068981,10,2,1.0
9,14,1,7,28.0,25.65685424949238,18.73241833162549,0.7301136043206119,12,2,1.0
9,14,1,8,28.0,24.485281374238568,17.75951668733448,0.725313971928442,11,2,1.0000000000000002
9,14,2,0,28.0,26.82842712474619,16.82842712474619,0.6272610409286301,13,2,1.0
9,14,2,1,28.0,24.485281374238568,18.30211312793128,0.7474740783329238,11,2,1.0000000000000002
9,14,2,2,28.0,26.82842712474619,18.82842712474619,0.7018088327429041,13,2,1.0
9,14,2,3,28.0,25.65685424949238,21.708203932499373,0.8460976439825576,12,2,1.0
9,14,2,4,28.0,24.485281374238568,18.233345472033868,0.744665547981716,11,2,1.0000000000000002
9,14,2,5,28.0,22.14213562373095,18.250819020392846,0.824257394613392,9,2,1.0
9,14,2,6,28.0,25.65685424949238,19.211102550928008,0.7487707715106227,12,2,1.0
9,14,2,7,28.0,25.65685424949238,18.064495102245985,0.7040806689153403,12,2,1.0
9,14,2,8,28.0,25.65685424949238,17.38831603672579,0.6777259545398017,12,2,1.0
9,14,3,0,28.0,24.485281374238568,16.26701916946182,0.6643590866215922,11,2,1.0000000000000002
9,14,3,1,28.0,25.65685424949238,19.152982445082937,0.7465054857791804,12,2,1.0
9,14,3,2,28.0,25.65685424949238,20.727773344209584,0.8078844406507739,12,2,1.0
9,14,3,3,28.0,25.65685424949238,16.901046542878255,0.658734168208195,12,2,1.0
9,14,3,4,28.0,25.65685424949238,19.04538979776294,0.7423119612623498,12,2,1.0
9,14,3,5,28.0,24.485281374238568,18.469816670608456,0.7543232355925018,11,2,1.0
9,14,3,6,28.0,22.14213562373095,17.94454266821652,0.8104251086324465,9,2,1.0529114668595096
9,14,3,7,28.0,26.82842712474619,16.35917360311745,0.609770134009383,13,2,1.0
9,14,3,8,28.0,25.65685424949238,19.708203932499373,0.7681457649037118,12,2,1.0
9,14,4,0,28.0,25.65685424949238,19.65685424949239,0.7661443627634631,12,2,1.0
9,14,4,1,28.0,24.485281374238568,18.327120138747123,0.7484953862131001,11,2,1.0
9,14,4,2,28.0,25.65685424949238,19.616248950992258,0.7645617331041418,12,2,1.0
9,14,4,3,28.0,24.485281374238568,19.931820176668726,0.814032719168152,11,2,1.0000000000000002
9,14,4,4,28.0,25.65685424949238,17.464101615137764,0.680679768661947,12,2,1.0
9,14,4,5,28.0,25.65685424949238,20.611285910420563,0.8033442334743105,12,2,1.0
9,14,4,6,28.0,25.65685424949238,19.048627177541054,0.7424381411808476,12,2,1.0
9,14,4,7,28.0,26.82842712474619,18.47213595499958,0.6885284727691368,13,2,1.0
9,14,4,8,28.0,24.485281374238568,19.63230153881583,0.8018001197842615,11,2,1.0000000000000002
9,14,5,0,28.0,24.485281374238568,18.593964770900435,0.7593935510360726,11,2,1.0000000000000002
9,14,5,1,28.0,24.485281374238568,18.51979956112067,0.7563645799310971,11,2,1.0478480462342754
9,14,5,2,28.0,24.485281374238568,18.21674316147198,0.7439874953055743,11,2,1.0000000000000002
9,14,5,3,28.0,23.31370849898476,19.36505818199177,0.8306296779354112,10,2,1.0
9,14,5,4,28.0,25.65685424949238,17.841619252963774,0.6953938732889193,12,2,1.0
9,14,5,5,28.0,25.65685424949238,19.56582230434931,0.7625963071734104,12,2,1.0
9,14,5,6,28.0,24.485281374238568,19.329981834539282,0.7894531224328394,11,2,1.0000000000000002
9,14,5,7,28.0,28.0,18.0,0.6428571428571429,14,1,1.0
9,14,5,8,28.0,24.485281374238568,19.407800780658512,0.7926313152797921,11,2,1.0000000000000002
10,14,0,0,28.0,26.82842712474619,18.576491222541478,0.6924182001488549,13,2,1.0
10,14,0,1,28.0,23.31370849898476,19.008767012245162,0.815347202830169,10,2,1.0
10,14,0,2,28.0,24.485281374238568,18.553697633700168,0.7577490064386545,11,2,1.0478480462342754
10,14,0,3,28.0,24.485281374238568,16.817753395296823,0.6868515471907586,11,2,1.0000000000000002
10,14,0,4,28.0,25.65685424949238,19.300563079745757,0.7522575796729881,12,2,1.0
10,14,0,5,28.0,24.485281374238568,17.53508378267709,0.7161479386194062,11,2,1.0000000000000002
10,14,0,6,28.0,24.485281374238568,17.10636843837873,0.6986388343642507,11,2,1.0000000000000002
10,14,0,7,28.0,24.485281374238568,17.602570866647156,0.7189041693091245,11,2,1.0000000000000002
10,14,0,8,28.0,24.485281374238568,17.329788411334675,0.7077634986693547,11,2,1.0000000000000002
10,14,0,9,28.0,24.485281374238568,19.72947366762441,0.805768713296559,11,2,1.0000000000000002
10,14,1,0,28.0,26.82842712474619,16.35917360311745,0.609770134009383,13,2,1.0
10,14,1,1,28.0,23.31370849898476,18.836647042391352,0.8079644233010647,10,2,1.0
10,14,1,2,28.0,24.485281374238568,16.645889387183168,0.6798324729360319,11,2,1.0000000000000002
10,14,1,3,28.0,26.82842712474619,17.12310562561766,0.6382448566961845,13,2,1.0
10,14,1,4,28.0,23.31370849898476,17.54266591291298,0.7524614075738705,10,2,1.0
10,14,1,5,28.0,25.65685424949238,19.048627177541057,0.7424381411808477,12,2,1.0
10,14,1,6,28.0,26.82842712474619,18.576491222541474,0.6924182001488548,13,2,1.0
10,14,1,7,28.0,25.65685424949238,18.01034720444858,0.7019702037246017,12,2,1.0
10,14,1,8,28.0,25.65685424949238,17.04862717754105,0.6644862621020017,12,2,1.0
10,14,1,9,28.0,25.65685424949238,18.901046542878223,0.7366860472870395,12,2,1.0
10,14,2,0,28.0,24.485281374238568,17.179564284632264,0.70162821582713,11,2,1.0000000000000002
10,14,2,1,28.0,24.485281374238568,17.133084016300877,0.6997299215979982,11,2,1.0000000000000002
10,14,2,2,28.0,24.485281374238568,18.49911431355134,0.7555197765876854,11,2,1.0
10,14,2,3,28.0,25.65685424949238,19.595241580617234,0.7637429511065226,12,2,1.0
10,14,2,4,28.0,23.31370849898476,18.60112615949155,0.797862174535706,10,2,1.0
10,14,2,5,28.0,25.65685424949238,17.30056307974578,0.6743057005941432,12,2,1.0
10,14,2,6,28.0,24.485281374238568,17.78682590471032,0.726429303909253,11,2,1.0000000000000002
10,14,2,7,28.0,24.485281374238568,18.01275060847459,0.7356562635798888,11,2,1.0000000000000002
10,14,2,8,28.0,24.485281374238568,19.811119792438994,0.8091032114208273,11,2,1.0000000000000002
10,14,2,9,28.0,24.485281374238568,19.217401037665816,0.7848552256330128,11,2,1.0000000000000002
10,14,3,0,28.0,25.65685424949238,19.540614653474982,0.7616138152970017,12,2,1.0
10,14,3,1,28.0,26.82842712474619,18.513233075965882,0.6900603225781178,13,2,1.0
10,14,3,2,28.0,25.65685424949238,18.850191748034288,0.7347039338779124,12,2,1.0
10,14,3,3,28.0,22.14213562373095,17.213402103172672,0.7774047813492804,9,2,1.0
10,14,3,4,28.0,25.65685424949238,17.812559200041264,0.6942612304231991,12,2,1.0
10,14,3,5,28.0,23.31370849898476,17.76852186784975,0.7621490964692946,10,2,1.0
10,14,3,6,28.0,24.485281374238568,18.5140360501796,0.756129193175561,11,2,1.0000000000000002
10,14,3,7,28.0,25.65685424949238,20.7183472062349,0.8075170480669823,12,2,1.0
10,14,3,8,28.0,24.485281374238568,19.686273004285894,0.8040043609626719,11,2,1.0
10,14,3,9,28.0,22.14213562373095,16.63508137362581,0.751286219916252,9,2,1.0529114668595096
10,14,4,0,28.0,25.65685424949238,19.21110255092798,0.7487707715106215,12,2,1.0
10,14,4,1,28.0,23.31370849898476,20.98283257824474,0.9000212291046908,10,2,1.0
10,14,4,2,28.0,26.82842712474619,15.23606797749979,0.5679076118273904,13,2,1.0
10,14,4,3,28.0,23.31370849898476,18.215037711867268,0.7813015982704115,10,2,1.0
10,14,4,4,28.0,26.82842712474619,18.47213595499958,0.6885284727691368,13,2,1.0
10,14,4,5,28.0,24.485281374238568,16.730766125092423,0.6832989120841871,11,2,1.0000000000000002
10,14,4,6,28.0,25.65685424949238,14.857845879539738,0.5790985026870042,12,2,1.0
10,14,4,7,28.0,25.65685424949238,19.61624895099226,0.7645617331041419,12,2,1.0
10,14,4,8,28.0,24.485281374238568,19.71585455866405,0.8052124971456311,11,2,1.0000000000000002
10,14,4,9,28.0,24.485281374238568,17.521201660041168,0.7155809807632253,11,2,1.0000000000000002
10,14,5,0,28.0,23.31370849898476,20.219543404395047,0.8672812995528166,10,2,1.0000000000000002
10,14,5,1,28.0,26.82842712474619,16.82842712474619,0.6272610409286301,13,2,1.0
10,14,5,2,28.0,25.65685424949238,20.68372892345419,0.8061677679703628,12,2,1.0
10,14,5,3,28.0,23.31370849898476,20.512728792678807,0.879856964565379,10,2,1.0
10,14,5,4,28.0,26.82842712474619,17.23606797749979,0.6424554036416643,13,2,1.0
10,14,5,5,28.0,22.14213562373095,17.675994393368146,0.798296726826287,9,2,1.0
10,14,5,6,28.0,23.31370849898476,17.654036274279413,0.7572384408532942,10,2,1.0
10,14,5,7,28.0,26.82842712474619,16.35917360311745,0.609770134009383,13,2,1.0
10,14,5,8,28.0,24.485281374238568,20.02942355615933,0.8180189253300829,11,2,1.0000000000000002
10,14,5,9,28.0,23.31370849898476,17.41526555173626,0.7469967960050045,10,2,1.0
1,15,0,0,30.0,25.31370849898476,20.33501013073256,0.8033200718712599,11,2,1.0
1,15,1,0,30.0,25.31370849898476,16.821539839052015,0.6645229338769808,11,2,1.0
1,15,2,0,30.0,25.31370849898476,16.49990146644785,0.6518168393662904,11,2,1.0
1,15,3,0,30.0,28.82842712474619,20.32455532033676,0.7050178364705251,14,2,1.0
1,15,4,0,30.0,24.14213562373095,20.78685109837044,0.8610195643975104,10,2,1.0
1,15,5,0,30.0,27.65685424949238,17.95153275036385,0.6490807880181578,13,2,1.0
2,15,0,0,30.0,28.82842712474619,17.23606797749979,0.5978844389572828,14,2,1.0
2,15,0,1,30.0,24.14213562373095,18.441946281718103,0.7638904266443709,10,2,1.0
2,15,1,0,30.0,28.82842712474619,19.23606797749979,0.6672604056496595,14,2,1.0
2,15,1,1,30.0,27.65685424949238,20.96929724285357,0.7581953122249414,13,2,1.0
2,15,2,0,30.0,26.485281374238568,18.569970634044168,0.7011430375856462,12,2,1.0000000000000002
2,15,2,1,30.0,28.82842712474619,19.23606797749979,0.6672604056496595,14,2,1.0
2,15,3,0,30.0,26.485281374238568,21.310441469454098,0.8046145014786258,12,2,1.0000000000000002
2,15,3,1,30.0,26.485281374238568,17.868563957742868,0.6746601520013709,12,2,1.0000000000000002
2,15,4,0,30.0,28.82842712474619,18.47213595499958,0.6407611443755522,14,2,1.0
2,15,4,1,30.0,28.82842712474619,22.47213595499958,0.7795130777603055,14,2,1.0
2,15,5,0,30.0,26.485281374238568,19.625118400082535,0.7409820618017408,12,2,1.0
2,15,5,1,30.0,27.65685424949238,20.72777334420955,0.7494624355042111,13,2,1.0
3,15,0,0,30.0,27.65685424949238,17.951532750363846,0.6490807880181576,13,2,1.0
3,15,0,1,30.0,25.31370849898476,20.173750382764748,0.7969496205415276,11,2,1.0
3,15,0,2,30.0,27.65685424949238,17.404918347287687,0.6293166312509002,13,2,1.0
3,15,1,0,30.0,27.65685424949238,20.694838436023296,0.7482715947856989,13,2,1.0
3,15,1,1,30.0,27.65685424949238,18.831309558117034,0.6808912318168893,13,2,1.0
3,15,1,2,30.0,24.14213562373095,18.887037247492767,0.7823266980957314,10,2,1.0
3,15,2,0,30.0,28.82842712474619,18.82842712474619,0.6531201665381167,14,2,1.0
3,15,2,1,30.0,28.82842712474619,16.47213595499958,0.5713851776831755,14,2,1.0
3,15,2,2,30.0,25.31370849898476,18.494884393726146,0.7306272170459697,11,2,1.0
3,15,3,0,30.0,25.31370849898476,18.454104407298644,0.729016232767268,11,2,1.0
3,15,3,1,30.0,28.82842712474619,18.576491222541478,0.6443810181581325,14,2,1.0
3,15,3,2,30.0,26.485281374238568,16.70016959263755,0.630545296335092,12,2,1.0000000000000002
3,15,4,0,30.0,22.970562748477143,19.74828780340249,0.8597215496913206,9,2,1.0
3,15,4,1,30.0,27.65685424949238,19.15298244508295,0.6925220877365144,13,2,1.0
3,15,4,2,30.0,28.82842712474619,18.47213595499958,0.6407611443755522,14,2,1.0
3,15,5,0,30.0,28.82842712474619,20.47213595499958,0.7101371110679289,14,2,1.0
3,15,5,1,30.0,27.65685424949238,19.045389797762954,0.6886318171240504,13,2,1.0
3,15,5,2,30.0,27.65685424949238,21.234577766919788,0.7677871668036698,13,2,1.0
4,15,0,0,30.0,27.65685424949238,18.901046542878248,0.6834127400163438,13,2,1.0
4,15,0,1,30.0,27.65685424949238,19.812559200041264,0.7163706696832634,13,2,1.0
4,15,0,2,30.0,24.14213562373095,19.18317542683244,0.7945931431176284,10,2,1.0
4,15,0,3,30.0,26.485281374238568,19.967790460868763,0.7539202691005137,12,2,1.0000000000000002
4,15,1,0,30.0,25.31370849898476,17.13576979440017,0.6769363641478063,11,2,1.0
4,15,1,1,30.0,26.485281374238568,18.247178411346606,0.688955429754093,12,2,1.0000000000000002
4,15,1,2,30.0,26.485281374238568,17.954415183734692,0.6779016212830726,12,2,1.0000000000000002
4,15,1,3,30.0,26.485281374238568,18.519799561120642,0.6992487374189006,12,2,1.0000000000000002
4,15,2,0,30.0,26.485281374238568,17.385019918505616,0.6564030667771383,12,2,1.0000000000000002
4,15,2,1,30.0,27.65685424949238,18.857845879539713,0.6818507162609007,13,2,1.0
4,15,2,2,30.0,26.485281374238568,19.139363336122578,0.7226414953151624,12,2,1.0000000000000002
4,15,2,3,30.0,27.65685424949238,20.681991684982535,0.7478070896426023,13,2,1.0
4,15,3,0,30.0,26.485281374238568,20.050693034607182,0.7570504066500077,12,2,1.0000000000000002
4,15,3,1,30.0,22.970562748477143,19.541252623973598,0.8507084845045473,9,2,1.0
4,15,3,2,30.0,25.31370849898476,17.938411935925995,0.7086441694880637,11,2,1.0
4,15,3,3,30.0,24.14213562373095,19.35043004462642,0.8015210562236078,10,2,1.0
4,15,4,0,30.0,27.65685424949238,18.472135954999608,0.6679044474242276,13,2,1.0
4,15,4,1,30.0,25.31370849898476,18.979421710382127,0.7497685181585828,11,2,1.0
4,15,4,2,30.0,28.82842712474619,21.23606797749979,0.7366363723420362,14,2,1.0
4,15,4,3,30.0,25.31370849898476,18.558817460732467,0.7331528472596891,11,2,1.0
4,15,5,0,30.0,27.65685424949238,18.727773344209552,0.6771476312984253,13,2,1.0
4,15,5,1,30.0,27.65685424949238,18.359173603117448,0.6638200222447358,13,2,1.0
4,15,5,2,30.0,28.82842712474619,20.513233075965882,0.7115626873155843,14,2,1.0
4,15,5,3,30.0,26.485281374238568,16.958993304605713,0.6403176566249816,12,2,1.0000000000000002
5,15,0,0,30.0,28.82842712474619,18.0,0.62438370023139,14,2,1.0
5,15,0,1,30.0,26.485281374238568,17.913183749322393,0.6763448534379554,12,2,1.0000000000000002
5,15,0,2,30.0,25.31370849898476,18.291938813172,0.722609996631099,11,2,1.0
5,15,0,3,30.0,26.485281374238568,17.401000440387442,0.6570064404644336,12,2,1.0000000000000002
5,15,0,4,30.0,26.485281374238568,20.262468961740215,0.765046392199137,12,2,1.0000000000000002
5,15,1,0,30.0,24.14213562373095,17.29561025560107,0.7164076337389156,10,2,1.0
5,15,1,1,30.0,26.485281374238568,20.258032162057347,0.7648788727523855,12,2,1.0000000000000002
5,15,1,2,30.0,26.485281374238568,19.729473667624404,0.7449221848484746,12,2,1.0
5,15,1,3,30.0,27.65685424949238,18.064495102245985,0.6531652131976486,13,2,1.0
5,15,1,4,30.0,24.14213562373095,19.634216745021938,0.8132758862361011,10,2,1.0
5,15,2,0,30.0,24.14213562373095,18.685654647151384,0.7739851576669953,10,2,1.0
5,15,2,1,30.0,25.31370849898476,17.739546900763763,0.7007881481085725,11,2,1.0
5,15,2,2,30.0,27.65685424949238,19.300563079745775,0.6978582200866182,13,2,1.0
5,15,2,3,30.0,26.485281374238568,19.764091950405106,0.7462292611181787,12,2,1.0000000000000002
5,15,2,4,30.0,30.0,18.0,0.6,15,1,1.0
5,15,3,0,30.0,26.485281374238568,21.747297720956794,0.8211088043078044,12,2,1.0000000000000002
5,15,3,1,30.0,24.14213562373095,17.74677509297724,0.7350954931896219,10,2,1.0
5,15,3,2,30.0,27.65685424949238,21.152982445082948,0.7648368919423002,13,2,1.0
5,15,3,3,30.0,24.14213562373095,17.92667925720668,0.7425473676647448,10,2,1.0
5,15,3,4,30.0,27.65685424949238,19.812559200041285,0.7163706696832641,13,2,1.0
5,15,4,0,30.0,27.65685424949238,18.064495102246028,0.6531652131976502,13,2,1.0
5,15,4,1,30.0,27.65685424949238,23.404918347287655,0.8462610438682568,13,2,1.0
5,15,4,2,30.0,26.485281374238568,17.498536939240033,0.66068910848953,12,2,1.0000000000000002
5,15,4,3,30.0,25.31370849898476,16.85241765186353,0.6657427398494147,11,2,1.0
5,15,4,4,30.0,27.65685424949238,22.839206683521606,0.8258063797671712,13,2,1.0
5,15,5,0,30.0,25.31370849898476,18.493669125788415,0.7305792087528434,11,2,1.0
5,15,5,1,30.0,25.31370849898476,18.92776278113175,0.7477277690027471,11,2,1.0
5,15,5,2,30.0,28.82842712474619,18.35917360311745,0.6368427081947187,14,2,1.0
5,15,5,3,30.0,28.82842712474619,20.35917360311745,0.7062186748870953,14,2,1.0
5,15,5,4,30.0,26.485281374238568,18.079285684768497,0.6826163343068604,12,2,1.0000000000000002
6,15,0,0,30.0,26.485281374238568,18.51403605017962,0.699031125574058,12,2,1.0
6,15,0,1,30.0,25.31370849898476,17.75865599529798,0.7015430392591514,11,2,1.0
6,15,0,2,30.0,22.970562748477143,19.752361662831742,0.859898901002817,9,2,1.051003229136451
6,15,0,3,30.0,26.485281374238568,21.72329498423892,0.8202025372993964,12,2,1.0
6,15,0,4,30.0,26.485281374238568,19.59568248289373,0.7398706551765712,12,2,1.0000000000000002
6,15,0,5,30.0,25.31370849898476,18.317575596142916,0.7236227594576894,11,2,1.0
6,15,1,0,30.0,27.65685424949238,19.211102550928,0.6946235597738165,13,2,1.0
6,15,1,1,30.0,27.65685424949238,20.741358445750702,0.7499536374832432,13,2,1.0
6,15,1,2,30.0,24.14213562373095,19.27143325541067,0.7982489020758986,10,2,1.0
6,15,1,3,30.0,25.31370849898476,18.78589116296292,0.7421232319127146,11,2,1.0
6,15,1,4,30.0,28.82842712474619,19.23606797749979,0.6672604056496595,14,2,1.0
6,15,1,5,30.0,27.65685424949238,18.796691275336357,0.6796395246462766,13,2,1.0
6,15,2,0,30.0,26.485281374238568,19.659389459658836,0.742276028027436,12,2,1.0000000000000002
6,15,2,1,30.0,27.65685424949238,17.53692122444064,0.6340895123588582,13,2,1.0
6,15,2,2,30.0,24.14213562373095,19.982894529735255,0.8277185929687474,10,2,1.0485281374238569
6,15,2,3,30.0,25.31370849898476,19.806038611543983,0.7824234292789747,11,2,1.0
6,15,2,4,30.0,25.31370849898476,19.550961857923582,0.7723468040531358,11,2,1.0
6,15,2,5,30.0,28.82842712474619,20.82842712474619,0.7224961332304933,14,2,1.0
6,15,3,0,30.0,26.485281374238568,18.157744880432993,0.6855787040304764,12,2,1.0000000000000002
6,15,3,1,30.0,26.485281374238568,19.760461278989652,0.7460921785112714,12,2,1.0000000000000002
6,15,3,2,30.0,26.485281374238568,18.150594427133505,0.6853087256527333,12,2,1.0000000000000002
6,15,3,3,30.0,26.485281374238568,20.80871455105105,0.7856708885596759,12,2,1.0000000000000002
6,15,3,4,30.0,25.31370849898476,19.896890811454483,0.7860124806387999,11,2,1.0
6,15,3,5,30.0,27.65685424949238,21.28373158362089,0.7695644411190234,13,2,1.0
6,15,4,0,30.0,25.31370849898476,20.619656077817808,0.8145648069955767,11,2,1.0
6,15,4,1,30.0,26.485281374238568,17.835476393800963,0.6734108708072474,12,2,1.0000000000000002
6,15,4,2,30.0,25.31370849898476,17.695956129881985,0.6990661257947134,11,2,1.0
6,15,4,3,30.0,26.485281374238568,19.20383012121426,0.7250755561122052,12,2,1.0000000000000002
6,15,4,4,30.0,25.31370849898476,19.255913212970746,0.7606911177689761,11,2,1.0000000000000002
6,15,4,5,30.0,22.970562748477143,18.833102023955153,0.8198798710407612,9,2,1.0
6,15,5,0,30.0,27.65685424949238,17.13936333612258,0.6197148519317652,13,2,1.0
6,15,5,1,30.0,26.485281374238568,20.157744880432965,0.7610923439174708,12,2,1.0000000000000002
6,15,5,2,30.0,25.31370849898476,20.185275310201696,0.7974049045801114,11,2,1.0
6,15,5,3,30.0,25.31370849898476,18.090050532310634,0.714634544086504,11,2,1.0
6,15,5,4,30.0,24.14213562373095,19.986410881860387,0.8278642450427782,10,2,1.0
6,15,5,5,30.0,26.485281374238568,18.104244289464965,0.6835586918504258,12,2,1.0000000000000002
7,15,0,0,30.0,26.485281374238568,17.981409569829136,0.6789208434583258,12,2,1.0000000000000002
7,15,0,1,30.0,26.485281374238568,17.85725072477655,0.6742330003012826,12,2,1.0000000000000002
7,15,0,2,30.0,26.485281374238568,20.22398639236969,0.7635934127564508,12,2,1.0000000000000002
7,15,0,3,30.0,27.65685424949238,17.812559200041264,0.6440558654774774,13,2,1.0
7,15,0,4,30.0,25.31370849898476,18.020694408897167,0.7118946798972545,11,2,1.0
7,15,0,5,30.0,25.31370849898476,20.528644398493213,0.8109694555152416,11,2,1.0
7,15,0,6,30.0,26.485281374238568,19.200005968869732,0.7249311682806964,12,2,1.0000000000000002
7,15,1,0,30.0,26.485281374238568,19.19615342605804,0.7247857085154307,12,2,1.0000000000000002
7,15,1,1,30.0,27.65685424949238,18.9340471523844,0.6846059563238983,13,2,1.0
7,15,1,2,30.0,24.14213562373095,19.73252496490951,0.81734794603312,10,2,1.0
7,15,1,3,30.0,24.14213562373095,20.55443300139889,0.8513924916068543,10,2,1.0
7,15,1,4,30.0,26.485281374238568,20.373022703351822,0.7692205499152464,12,2,1.0000000000000002
7,15,1,5,30.0,24.14213562373095,18.623005268783352,0.7713901354475671,10,2,1.0
7,15,1,6,30.0,27.65685424949238,17.40491834728766,0.6293166312508991,13,2,1.0
7,15,2,0,30.0,26.485281374238568,19.058550355335342,0.7195902541504814,12,2,1.0000000000000002
7,15,2,1,30.0,26.485281374238568,19.54812560671575,0.738075058765644,12,2,1.0000000000000002
7,15,2,2,30.0,26.485281374238568,18.427486088224526,0.695763274244403,12,2,1.0000000000000002
7,15,2,3,30.0,26.485281374238568,19.42958022397528,0.7335991620943791,12,2,1.0000000000000002
7,15,2,4,30.0,24.14213562373095,19.906880260318303,0.8245699788361089,10,2,1.0
7,15,2,5,30.0,24.14213562373095,17.726515366544316,0.7342563078437732,10,2,1.0
7,15,2,6,30.0,27.65685424949238,17.59643456162066,0.6362413600217613,13,2,1.0
7,15,3,0,30.0,27.65685424949238,18.918870596210606,0.6840572114797853,13,2,1.0
7,15,3,1,30.0,27.65685424949238,17.46410161513775,0.6314565444643181,13,2,1.0
7,15,3,2,30.0,25.31370849898476,19.103354370690372,0.7546643895127629,11,2,1.0
7,15,3,3,30.0,25.31370849898476,19.529249096276803,0.7714890568902637,11,2,1.046282150847269
7,15,3,4,30.0,26.485281374238568,16.230035596579675,0.6127945316966177,12,2,1.0000000000000002
7,15,3,5,30.0,27.65685424949238,21.019576715038493,0.7600132873182528,13,2,1.0
7,15,3,6,30.0,27.65685424949238,17.447660945954418,0.6308620925778157,13,2,1.0
7,15,4,0,30.0,26.485281374238568,19.304264566751066,0.7288676413884634,12,2,1.0000000000000002
7,15,4,1,30.0,26.485281374238568,17.829691101982174,0.6731924365857248,12,2,1.0000000000000002
7,15,4,2,30.0,26.485281374238568,19.111214741570286,0.721578693898989,12,2,1.0000000000000002
7,15,4,3,30.0,25.31370849898476,18.107566498100162,0.7153264998222758,11,2,1.0
7,15,4,4,30.0,28.82842712474619,20.82842712474619,0.7224961332304933,14,2,1.0
7,15,4,5,30.0,27.65685424949238,17.44766094595442,0.6308620925778159,13,2,1.0
7,15,4,6,30.0,26.485281374238568,19.611499291122165,0.7404678475569332,12,2,1.0000000000000002
7,15,5,0,30.0,26.485281374238568,19.510538374925886,0.7366558844227797,12,2,1.0000000000000002
7,15,5,1,30.0,27.65685424949238,20.745265082666272,0.7500948913250695,13,2,1.0
7,15,5,2,30.0,28.82842712474619,20.35917360311745,0.7062186748870953,14,2,1.0
7,15,5,3,30.0,26.485281374238568,19.49171267003809,0.7359450856730217,12,2,1.0000000000000002
7,15,5,4,30.0,30.0,22.0,0.7333333333333333,15,1,1.0
7,15,5,5,30.0,26.485281374238568,20.482483159448165,0.7733534286470091,12,2,1.0000000000000002
7,15,5,6,30.0,27.65685424949238,19.404918347287683,0.7016314354566859,13,2,1.0
8,15,0,0,30.0,25.31370849898476,20.765317073776608,0.8203190407525404,11,2,1.0
8,15,0,1,30.0,24.14213562373095,19.268814102016442,0.7981404131901161,10,2,1.048528137423857
8,15,0,2,30.0,26.485281374238568,18.20079285608123,0.6872040586959589,12,2,1.044234866101644
8,15,0,3,30.0,25.31370849898476,18.415081509097128,0.7274746610057428,11,2,1.0
8,15,0,4,30.0,27.65685424949238,17.708203932499373,0.6402826501074103,13,2,1.0
8,15,0,5,30.0,27.65685424949238,17.111260638182234,0.6186987313821599,13,2,1.0
8,15,0,6,30.0,27.65685424949238,16.064495102245985,0.5808504089918627,13,2,1.0
8,15,0,7,30.0,28.82842712474619,17.23606797749979,0.5978844389572828,14,2,1.0
8,15,1,0,30.0,25.31370849898476,16.80407416850977,0.6638329650190813,11,2,1.0
8,15,1,1,30.0,27.65685424949238,21.048627177541057,0.7610636765722331,13,2,1.0
8,15,1,2,30.0,25.31370849898476,20.39814876752219,0.8058143186858727,11,2,1.046282150847269
8,15,1,3,30.0,25.31370849898476,20.024580550804224,0.791056772720889,11,2,1.0
8,15,1,4,30.0,26.485281374238568,17.592085456431775,0.6642212030091198,12,2,1.0000000000000002
8,15,1,5,30.0,24.14213562373095,19.15552991003524,0.793448028318007,10,2,1.0
8,15,1,6,30.0,25.31370849898476,17.78344360447803,0.7025222560807817,11,2,1.0
8,15,1,7,30.0,26.485281374238568,18.13841416051382,0.68484883751911,12,2,1.0000000000000002
8,15,2,0,30.0,25.31370849898476,20.748023775368637,0.8196358813328661,11,2,1.0
8,15,2,1,30.0,26.485281374238568,19.329981834539346,0.7298386436377843,12,2,1.0000000000000002
8,15,2,2,30.0,26.485281374238568,21.196153426058018,0.8002993484024253,12,2,1.0000000000000002
8,15,2,3,30.0,25.31370849898476,19.735182291051096,0.779624300874074,11,2,1.0
8,15,2,4,30.0,25.31370849898476,21.856437966307183,0.8634229934023205,11,2,1.0000000000000002
8,15,2,5,30.0,25.31370849898476,20.19902096579783,0.7979479169007551,11,2,1.0
8,15,2,6,30.0,26.485281374238568,21.4343371020812,0.809292406571513,12,2,1.0000000000000002
8,15,2,7,30.0,25.31370849898476,18.158408959285552,0.7173349949895259,11,2,1.0
8,15,3,0,30.0,27.65685424949238,19.670687188805147,0.7112409463258529,13,2,1.0
8,15,3,1,30.0,26.485281374238568,17.931788676850182,0.6770473163366839,12,2,1.0000000000000002
8,15,3,2,30.0,25.31370849898476,19.199957956255226,0.758480645260858,11,2,1.0
8,15,3,3,30.0,27.65685424949238,16.857845879539724,0.6095359120551151,13,2,1.0
8,15,3,4,30.0,24.14213562373095,19.794042581987043,0.8198960891649589,10,2,1.0485281374238569
8,15,3,5,30.0,27.65685424949238,18.935664825658932,0.6846644471869566,13,2,1.0
8,15,3,6,30.0,27.65685424949238,18.814625057107392,0.6802879636049974,13,2,1.0
8,15,3,7,30.0,26.485281374238568,20.447170528427772,0.772020135995841,12,2,1.0000000000000002
8,15,4,0,30.0,27.65685424949238,18.987918414869895,0.6865538012233768,13,2,1.0
8,15,4,1,30.0,24.14213562373095,17.193149277502567,0.7121635610646744,10,2,1.0
8,15,4,2,30.0,27.65685424949238,18.694838436023318,0.6759567905799138,13,2,1.0
8,15,4,3,30.0,25.31370849898476,18.869019962425423,0.7454071758463281,11,2,1.0
8,15,4,4,30.0,28.82842712474619,16.82842712474619,0.58374419984574,14,2,1.0
8,15,4,5,30.0,26.485281374238568,21.268827230335916,0.8030432801451549,12,2,1.0000000000000002
8,15,4,6,30.0,26.485281374238568,17.787593773469467,0.6716029753329682,12,2,1.0000000000000002
8,15,4,7,30.0,25.31370849898476,17.741633178791954,0.7008705650341003,11,2,1.0
8,15,5,0,30.0,26.485281374238568,19.05855035533532,0.7195902541504806,12,2,1.0000000000000002
8,15,5,1,30.0,28.82842712474619,22.35917360311745,0.775594641579472,14,2,1.0
8,15,5,2,30.0,26.485281374238568,18.04478252855084,0.681313604850068,12,2,1.0000000000000002
8,15,5,3,30.0,28.82842712474619,22.32455532033676,0.7743938031629017,14,2,1.0
8,15,5,4,30.0,25.31370849898476,19.919552998571902,0.7869077341777402,11,2,1.0
8,15,5,5,30.0,26.485281374238568,21.076341252378327,0.7957756217337622,12,2,1.0000000000000002
8,15,5,6,30.0,27.65685424949238,21.59524158061722,0.7808278333394907,13,2,1.0
8,15,5,7,30.0,27.65685424949238,16.010347204448586,0.5788925616781758,13,2,1.0
9,15,0,0,30.0,26.485281374238568,17.1831505608643,0.6487811217885655,12,2,1.0000000000000002
9,15,0,1,30.0,26.485281374238568,17.685608925433403,0.6677523517887055,12,2,1.0000000000000002
9,15,0,2,30.0,27.65685424949238,17.616248950992258,0.6369577968656934,13,2,1.0
9,15,0,3,30.0,27.65685424949238,19.670687188805136,0.7112409463258526,13,2,1.0
9,15,0,4,30.0,26.485281374238568,19.553168421568998,0.7382654594180665,12,2,1.0000000000000002
9,15,0,5,30.0,25.31370849898476,18.58971191586746,0.7343733106752425,11,2,1.0
9,15,0,6,30.0,24.14213562373095,18.480040488448402,0.7654683403519245,10,2,1.0
9,15,0,7,30.0,27.65685424949238,17.464101615137746,0.631456544464318,13,2,1.0
9,15,0,8,30.0,27.65685424949238,19.595241580617248,0.7085130291337057,13,2,1.0
9,15,1,0,30.0,26.485281374238568,17.83021404686535,0.6732121813215193,12,2,1.0000000000000002
9,15,1,1,30.0,28.82842712474619,18.513233075965882,0.6421867206232076,14,2,1.0
9,15,1,2,30.0,24.14213562373095,20.122033517885868,0.8334819185634327,10,2,1.0
9,15,1,3,30.0,27.65685424949238,18.85784587953972,0.6818507162609009,13,2,1.0
9,15,1,4,30.0,25.31370849898476,20.61965607781783,0.8145648069955774,11,2,1.0
9,15,1,5,30.0,25.31370849898476,18.20667952365772,0.7192418892074989,11,2,1.0
9,15,1,6,30.0,27.65685424949238,20.064495102246003,0.7254800174034353,13,2,1.0
9,15,1,7,30.0,25.31370849898476,17.30740578245303,0.6837167214415528,11,2,1.0
9,15,1,8,30.0,24.14213562373095,19.057055634142746,0.7893690902560528,10,2,1.0
9,15,2,0,30.0,28.82842712474619,19.23606797749979,0.6672604056496595,14,2,1.0
9,15,2,1,30.0,27.65685424949238,19.34166020071207,0.6993441852146678,13,2,1.0
9,15,2,2,30.0,27.65685424949238,18.857845879539724,0.681850716260901,13,2,1.0
9,15,2,3,30.0,26.485281374238568,21.84576982343326,0.824826797750466,12,2,1.0000000000000002
9,15,2,4,30.0,27.65685424949238,17.048627177541075,0.6164340681606618,13,2,1.0
9,15,2,5,30.0,27.65685424949238,17.708203932499366,0.64028265010741,13,2,1.0
9,15,2,6,30.0,30.0,20.0,0.6666666666666666,15,1,1.0
9,15,2,7,30.0,27.65685424949238,18.591120913421566,0.6722066344100863,13,2,1.0
9,15,2,8,30.0,26.485281374238568,20.04478252855086,0.7568272447370642,12,2,1.0000000000000002
9,15,3,0,30.0,27.65685424949238,17.211102550927993,0.6223087555680303,13,2,1.0423610315433944
9,15,3,1,30.0,26.485281374238568,21.27132965856477,0.8031377638772134,12,2,1.0000000000000002
9,15,3,2,30.0,27.65685424949238,19.04862717754105,0.6887488723664469,13,2,1.0
9,15,3,3,30.0,26.485281374238568,19.72329498423896,0.7446888974124026,12,2,1.0
9,15,3,4,30.0,27.65685424949238,19.045389797762944,0.6886318171240501,13,2,1.0
9,15,3,5,30.0,27.65685424949238,21.308851217641752,0.7704727018269932,13,2,1.0
9,15,3,6,30.0,25.31370849898476,19.939453932008355,0.7876939063593963,11,2,1.046282150847269
9,15,3,7,30.0,25.31370849898476,19.073415420370612,0.7534816726334499,11,2,1.0
9,15,3,8,30.0,28.82842712474619,18.576491222541478,0.6443810181581325,14,2,1.0
9,15,4,0,30.0,25.31370849898476,21.902844682308647,0.8652562576197435,11,2,1.0
9,15,4,1,30.0,30.0,18.0,0.6,15,1,1.0
9,15,4,2,30.0,26.485281374238568,17.745686995002714,0.670020708643987,12,2,1.0000000000000002
9,15,4,3,30.0,25.31370849898476,19.663554065724323,0.7767946789192487,11,2,1.0
9,15,4,4,30.0,25.31370849898476,16.70217155157924,0.6598073748162623,11,2,1.0
9,15,4,5,30.0,24.14213562373095,19.72313368952751,0.8169589466699996,10,2,1.0
9,15,4,6,30.0,25.31370849898476,18.784537612145144,0.7420697608530383,11,2,1.0
9,15,4,7,30.0,26.485281374238568,19.930906413523104,0.7525276447660961,12,2,1.0000000000000002
9,15,4,8,30.0,25.31370849898476,19.391804301603166,0.766059398305108,11,2,1.0
9,15,5,0,30.0,26.485281374238568,18.27472519479449,0.6899955086967573,12,2,1.0000000000000002
9,15,5,1,30.0,25.31370849898476,20.075494831252065,0.7930681050568794,11,2,1.0000000000000002
9,15,5,2,30.0,26.485281374238568,20.055769807744817,0.7572420894592593,12,2,1.0000000000000002
9,15,5,3,30.0,26.485281374238568,19.98140956982915,0.7544344833453218,12,2,1.0000000000000002
9,15,5,4,30.0,27.65685424949238,17.540614653475004,0.6342230571575922,13,2,1.0
9,15,5,5,30.0,25.31370849898476,16.602734999247772,0.6558792047365817,11,2,1.0
9,15,5,6,30.0,27.65685424949238,18.857845879539735,0.6818507162609014,13,2,1.0
9,15,5,7,30.0,27.65685424949238,15.841619252963778,0.5727917972903421,13,2,1.0
9,15,5,8,30.0,27.65685424949238,19.211102550927997,0.6946235597738164,13,2,1.0
10,15,0,0,30.0,24.14213562373095,18.646796033851068,0.7723755812025951,10,2,1.0
10,15,0,1,30.0,26.485281374238568,18.58683842699007,0.7017799118067488,12,2,1.0000000000000002
10,15,0,2,30.0,26.485281374238568,18.67432590158609,0.7050831606323822,12,2,1.0000000000000002
10,15,0,3,30.0,25.31370849898476,19.65337106914786,0.776392406902216,11,2,1.0
10,15,0,4,30.0,26.485281374238568,19.57165775804468,0.7389635579662537,12,2,1.0000000000000002
10,15,0,5,30.0,25.31370849898476,19.74920410939645,0.7801782228071608,11,2,1.0
10,15,0,6,30.0,25.31370849898476,20.003494670012724,0.7902237900391004,11,2,1.0
10,15,0,7,30.0,25.31370849898476,17.623024938955247,0.6961850311131631,11,2,1.0
10,15,0,8,30.0,28.82842712474619,18.576491222541478,0.6443810181581325,14,2,1.0
10,15,0,9,30.0,26.485281374238568,19.680067078327156,0.7430567491523561,12,2,1.0000000000000002
10,15,1,0,30.0,27.65685424949238,17.404918347287687,0.6293166312509002,13,2,1.0
10,15,1,1,30.0,27.65685424949238,16.918870596210613,0.6117424072739995,13,2,1.0
10,15,1,2,30.0,25.31370849898476,20.180339887498945,0.7972099342262832,11,2,1.0
10,15,1,3,30.0,28.82842712474619,16.82842712474619,0.58374419984574,14,2,1.0
10,15,1,4,30.0,26.485281374238568,21.68627300428591,0.8188047050683589,12,2,1.0000000000000002
10,15,1,5,30.0,26.485281374238568,17.655161419792577,0.6666027508004962,12,2,1.0000000000000002
10,15,1,6,30.0,27.65685424949238,21.560623297836546,0.7795761261688782,13,2,1.0
10,15,1,7,30.0,22.970562748477143,19.448806115091948,0.8466839201134211,9,2,1.051003229136451
10,15,1,8,30.0,24.14213562373095,18.47274996800662,0.76516635710755,10,2,1.0
10,15,1,9,30.0,27.65685424949238,21.5011667836163,0.7774263330765803,13,2,1.0
10,15,2,0,30.0,26.485281374238568,19.518917609557974,0.7369722576760478,12,2,1.0000000000000002
10,15,2,1,30.0,25.31370849898476,19.145260107748776,0.7563198457672301,11,2,1.0
10,15,2,2,30.0,26.485281374238568,19.49454278251911,0.7360519417203876,12,2,1.044234866101644
10,15,2,3,30.0,26.485281374238568,18.700169592637558,0.7060589362220877,12,2,1.0000000000000002
10,15,2,4,30.0,27.65685424949238,20.94427190999916,0.7572904612021657,13,2,1.0
10,15,2,5,30.0,25.31370849898476,18.765317073776586,0.7413104671932678,11,2,1.0
10,15,2,6,30.0,26.485281374238568,17.246415181948375,0.6511697926956306,12,2,1.0000000000000002
10,15,2,7,30.0,27.65685424949238,18.064495102245996,0.653165213197649,13,2,1.0
10,15,2,8,30.0,26.485281374238568,18.448335497199377,0.6965504816249948,12,2,1.0000000000000002
10,15,2,9,30.0,26.485281374238568,19.936237570137344,0.7527289322864706,12,2,1.0000000000000002
10,15,3,0,30.0,27.65685424949238,19.04862717754104,0.6887488723664464,13,2,1.0
10,15,3,1,30.0,25.31370849898476,17.084071817284492,0.6748940724339016,11,2,1.0000000000000002
10,15,3,2,30.0,28.82842712474619,18.47213595499958,0.6407611443755522,14,2,1.0
10,15,3,3,30.0,27.65685424949238,19.019576715038486,0.6876984831124666,13,2,1.0
10,15,3,4,30.0,27.65685424949238,20.81462505710736,0.7526027678107823,13,2,1.0
10,15,3,5,30.0,24.14213562373095,17.89084418768308,0.741063030484219,10,2,1.0970562748477142
10,15,3,6,30.0,24.14213562373095,20.587746034344057,0.8527723626118212,10,2,1.0
10,15,3,7,30.0,25.31370849898476,18.514169129561047,0.7313890467808611,11,2,1.0
10,15,3,8,30.0,30.0,18.0,0.6,15,1,1.0
10,15,3,9,30.0,27.65685424949238,19.152982445082955,0.6925220877365145,13,2,1.0
10,15,4,0,30.0,26.485281374238568,19.65973668286324,0.7422891380714449,12,2,1.0000000000000002
10,15,4,1,30.0,28.82842712474619,16.82842712474619,0.58374419984574,14,2,1.0
10,15,4,2,30.0,26.485281374238568,18.29366658326181,0.6907106752905977,12,2,1.0000000000000002
10,15,4,3,30.0,26.485281374238568,17.82327521825522,0.6729501932190677,12,2,1.0000000000000002
10,15,4,4,30.0,26.485281374238568,18.43199724901278,0.6959336013300212,12,2,1.0000000000000002
10,15,4,5,30.0,26.485281374238568,17.76046127898968,0.670578538624277,12,2,1.0000000000000002
10,15,4,6,30.0,26.485281374238568,18.204733138927487,0.6873528312459116,12,2,1.0000000000000002
10,15,4,7,30.0,25.31370849898476,18.653858058809547,0.7369073583018342,11,2,1.0
10,15,4,8,30.0,27.65685424949238,20.651074000737175,0.7466891865012526,13,2,1.0
10,15,4,9,30.0,26.485281374238568,21.48541887858704,0.811221092009438,12,2,1.0000000000000002
10,15,5,0,30.0,26.485281374238568,17.83553145130947,0.6734129496036826,12,2,1.0000000000000002
10,15,5,1,30.0,24.14213562373095,20.539668771454586,0.8507809371787617,10,2,1.0
10,15,5,2,30.0,25.31370849898476,19.58805991219706,0.7738123362281218,11,2,1.0
10,15,5,3,30.0,25.31370849898476,21.599154837451472,0.8532592068964425,11,2,1.0
10,15,5,4,30.0,26.485281374238568,18.49096869376119,0.6981601755511948,12,2,1.0000000000000002
10,15,5,5,30.0,27.65685424949238,21.139363336122564,0.7643444603433365,13,2,1.0
10,15,5,6,30.0,25.31370849898476,17.65862995761102,0.6975915819809351,11,2,1.0
10,15,5,7,30.0,28.82842712474619,16.576491222541474,0.5750050514657558,14,2,1.0
10,15,5,8,30.0,26.485281374238568,17.352812422542144,0.6551870141512145,12,2,1.0000000000000002
10,15,5,9,30.0,25.31370849898476,19.915790233214736,0.7867590888159862,11,2,1.0
1,16,0,0,32.0,29.65685424949238,17.656854249492376,0.595371784915273,14,2,1.0
1,16,1,0,32.0,27.31370849898476,19.737957253243046,0.7226392290880859,12,2,1.0
1,16,2,0,32.0,30.82842712474619,18.47213595499958,0.5991916447846237,15,2,1.0
1,16,3,0,32.0,27.31370849898476,19.16414986990837,0.7016311926526086,12,2,1.0
1,16,4,0,32.0,28.485281374238568,19.615804894267328,0.688629493827202,13,2,1.0000000000000002
1,16,5,0,32.0,29.65685424949238,18.47213595499957,0.6228622833561569,14,2,1.0
2,16,0,0,32.0,28.485281374238568,18.456301894249535,0.6479241560499729,13,2,1.0000000000000002
2,16,0,1,32.0,28.485281374238568,19.625677282552477,0.6889760724042377,13,2,1.0000000000000002
2,16,1,0,32.0,26.14213562373095,19.195963897942313,0.7342921088863475,11,2,1.0
2,16,1,1,32.0,27.31370849898476,17.774509961622737,0.6507541794364324,12,2,1.0
2,16,2,0,32.0,28.485281374238568,18.18033988749896,0.6382362753818833,13,2,1.0000000000000002
2,16,2,1,32.0,26.14213562373095,19.784912535191758,0.7568208206077731,11,2,1.0
2,16,3,0,32.0,27.31370849898476,20.10926222812142,0.7362333177447827,12,2,1.0
2,16,3,1,32.0,27.31370849898476,18.986172005179178,0.6951151289428489,12,2,1.0
2,16,4,0,32.0,27.31370849898476,19.54288736822911,0.7154973982736732,12,2,1.0
2,16,4,1,32.0,28.485281374238568,19.94175073526614,0.7000720994562827,13,2,1.0000000000000002
2,16,5,0,32.0,30.82842712474619,19.23606797749979,0.6239717615064073,15,2,1.0
2,16,5,1,32.0,28.485281374238568,20.776682630974783,0.7293830929037175,13,2,1.0000000000000002
3,16,0,0,32.0,28.485281374238568,18.187246320276916,0.6384787315713526,13,2,1.0000000000000002
3,16,0,1,32.0,26.14213562373095,19.63514514395783,0.7510918551785687,11,2,1.0
3,16,0,2,32.0,28.485281374238568,20.389050422582734,0.7157749349466536,13,2,1.0000000000000002
3,16,1,0,32.0,28.485281374238568,19.30056307974577,0.6775626621403416,13,2,1.0000000000000002
3,16,1,1,32.0,28.485281374238568,19.38720560948532,0.6806043217469729,13,2,1.0000000000000002
3,16,1,2,32.0,27.31370849898476,18.65025222251888,0.6828165506420376,12,2,1.0
3,16,2,0,32.0,29.65685424949238,21.59524158061725,0.728170337924053,14,2,1.0
3,16,2,1,32.0,30.82842712474619,17.23606797749979,0.5590965736835882,15,2,1.0
3,16,2,2,32.0,27.31370849898476,21.675966076213847,0.7935929343691844,12,2,1.0
3,16,3,0,32.0,27.31370849898476,21.992899087540195,0.8051963755986362,12,2,1.0
3,16,3,1,32.0,28.485281374238568,18.320811466692078,0.6431676494956795,13,2,1.0000000000000002
3,16,3,2,32.0,28.485281374238568,17.71431685847096,0.6218761410758392,13,2,1.0000000000000002
3,16,4,0,32.0,26.14213562373095,19.184298934670807,0.7338458957903938,11,2,1.0
3,16,4,1,32.0,28.485281374238568,21.806834549071894,0.7655474510704147,13,2,1.0000000000000002
3,16,4,2,32.0,30.82842712474619,18.47213595499958,0.5991916447846237,15,2,1.0
3,16,5,0,32.0,27.31370849898476,19.918606655227624,0.7292531021910844,12,2,1.0
3,16,5,1,32.0,29.65685424949238,22.934047152384426,0.7733135469948562,14,2,1.0
3,16,5,2,32.0,28.485281374238568,18.476009163061626,0.648615996462331,13,2,1.0000000000000002
4,16,0,0,32.0,30.82842712474619,22.35917360311745,0.7252777935326317,15,2,1.0
4,16,0,1,32.0,30.82842712474619,18.828427124746185,0.6107488730630852,15,2,1.0
4,16,0,2,32.0,30.82842712474619,20.576491222541478,0.6674518663984834,15,2,1.0
4,16,0,3,32.0,29.65685424949238,21.045389797762954,0.7096298758025955,14,2,1.0
4,16,1,0,32.0,27.31370849898476,21.969736522197632,0.8043483558087412,12,2,1.0
4,16,1,1,32.0,28.485281374238568,17.85032032167036,0.6266506581821508,13,2,1.0000000000000002
4,16,1,2,32.0,28.485281374238568,20.137114520377988,0.7069305110880713,13,2,1.0000000000000002
4,16,1,3,32.0,27.31370849898476,18.62313054063549,0.68182358105373,12,2,1.0
4,16,2,0,32.0,26.14213562373095,20.28300510375594,0.7758740676620051,11,2,1.0
4,16,2,1,32.0,28.485281374238568,18.399428596264435,0.6459275706121146,13,2,1.0000000000000002
4,16,2,2,32.0,29.65685424949238,17.670687188805147,0.5958382180438981,14,2,1.0
4,16,2,3,32.0,28.485281374238568,18.023717820259506,0.6327379246658852,13,2,1.0000000000000002
4,16,3,0,32.0,26.14213562373095,19.5271976388311,0.7469626016745536,11,2,1.0
4,16,3,1,32.0,26.14213562373095,20.31596517458467,0.7771348701956285,11,2,1.0
4,16,3,2,32.0,30.82842712474619,16.82842712474619,0.5458736852402664,15,2,1.0
4,16,3,3,32.0,28.485281374238568,20.044782528550854,0.7036891180818349,13,2,1.0000000000000002
4,16,4,0,32.0,29.65685424949238,20.857845879539724,0.7033060790625404,14,2,1.0
4,16,4,1,32.0,27.31370849898476,17.119793353954208,0.6267839226076,12,2,1.0
4,16,4,2,32.0,29.65685424949238,19.967762143714452,0.6732933296206299,14,2,1.0
4,16,4,3,32.0,29.65685424949238,17.670687188805147,0.5958382180438981,14,2,1.0
4,16,5,0,32.0,26.14213562373095,18.271261428750854,0.6989199999469369,11,2,1.0
4,16,5,1,32.0,28.485281374238568,19.643052181853598,0.6895860330036382,13,2,1.0000000000000002
4,16,5,2,32.0,28.485281374238568,19.303445513116614,0.6776638524123622,13,2,1.0000000000000002
4,16,5,3,32.0,30.82842712474619,24.32455532033676,0.7890300475567004,15,2,1.0
5,16,0,0,32.0,27.31370849898476,21.933985540086198,0.8030394532804462,12,2,1.0
5,16,0,1,32.0,24.970562748477143,19.568817883806354,0.7836754854473506,10,2,1.0469181606780271
5,16,0,2,32.0,30.82842712474619,20.32455532033676,0.6592796719110622,15,2,1.0
5,16,0,3,32.0,29.65685424949238,20.94427190999917,0.706220279932679,14,2,1.0
5,16,0,4,32.0,26.14213562373095,17.965577115629593,0.6872268346477801,11,2,1.0
5,16,1,0,32.0,28.485281374238568,20.486132308162194,0.7191830770079519,13,2,1.0000000000000002
5,16,1,1,32.0,28.485281374238568,18.060220794522408,0.6340193925855215,13,2,1.0000000000000002
5,16,1,2,32.0,26.14213562373095,18.13683260429484,0.6937777718447314,11,2,1.0
5,16,1,3,32.0,29.65685424949238,20.684630250892592,0.6974654181755181,14,2,1.0
5,16,1,4,32.0,23.798989873223334,20.292702419274807,0.8526707447405777,9,2,1.0
5,16,2,0,32.0,29.65685424949238,20.93404715238441,0.7058755111474011,14,2,1.0
5,16,2,1,32.0,30.82842712474619,18.576491222541478,0.6025766785756643,15,2,1.0
5,16,2,2,32.0,28.485281374238568,20.42366870536343,0.7169902391708205,13,2,1.0
5,16,2,3,32.0,28.485281374238568,20.65840429767791,0.7252308315395788,13,2,1.0000000000000002
5,16,2,4,32.0,28.485281374238568,18.2756202166583,0.6415811722746875,13,2,1.0000000000000002
5,16,3,0,32.0,27.31370849898476,19.80158951555822,0.7249689113543201,12,2,1.0
5,16,3,1,32.0,27.31370849898476,20.28705080681359,0.7427424513799601,12,2,1.0
5,16,3,2,32.0,28.485281374238568,20.37877168991418,0.7154140913048614,13,2,1.0000000000000002
5,16,3,3,32.0,28.485281374238568,19.433674582480936,0.682235654517926,13,2,1.0000000000000002
5,16,3,4,32.0,29.65685424949238,20.6301829152903,0.6956295074904452,14,2,1.0
5,16,4,0,32.0,27.31370849898476,17.866663755584465,0.6541280821038477,12,2,1.0
5,16,4,1,32.0,26.14213562373095,19.96330165949903,0.7636446366446442,11,2,1.0
5,16,4,2,32.0,29.65685424949238,21.482279228735088,0.7243613583562318,14,2,1.0
5,16,4,3,32.0,27.31370849898476,20.047559675806063,0.7339742853502015,12,2,1.0
5,16,4,4,32.0,28.485281374238568,21.37875031815595,0.750519190499919,13,2,1.0000000000000002
5,16,5,0,32.0,28.485281374238568,18.18621482379259,0.6384425200110463,13,2,1.0000000000000002
5,16,5,1,32.0,28.485281374238568,21.658485831587317,0.7603395433255138,13,2,1.0000000000000002
5,16,5,2,32.0,28.485281374238568,21.87271800148521,0.7678603456333204,13,2,1.0000000000000002
5,16,5,3,32.0,27.31370849898476,18.188469525924038,0.6659099230922852,12,2,1.0428932188134525
5,16,5,4,32.0,26.14213562373095,19.255886882449595,0.7365843081683713,11,2,1.0448154998549657
6,16,0,0,32.0,28.485281374238568,18.606158261316942,0.6531849911141803,13,2,1.0000000000000002
6,16,0,1,32.0,27.31370849898476,18.746445662932747,0.6863383514409823,12,2,1.0
6,16,0,2,32.0,29.65685424949238,20.69483843602332,0.6978096281529098,14,2,1.0
6,16,0,3,32.0,28.485281374238568,18.51682274374938,0.6500487918822374,13,2,1.0000000000000002
6,16,0,4,32.0,27.31370849898476,20.54345480497311,0.7521298254221576,12,2,1.0
6,16,0,5,32.0,28.485281374238568,19.631944314673106,0.6891960818904806,13,2,1.0411290610003718
6,16,1,0,32.0,27.31370849898476,21.246539407651067,0.7778709144692232,12,2,1.0
6,16,1,1,32.0,28.485281374238568,19.510793172294285,0.6849429681231584,13,2,1.0000000000000002
6,16,1,2,32.0,27.31370849898476,17.801569067142935,0.6517448580006854,12,2,1.0
6,16,1,3,32.0,27.31370849898476,18.444615683442976,0.6752878571625877,12,2,1.0
6,16,1,4,32.0,27.31370849898476,18.647127079930762,0.682702134008052,12,2,1.0428932188134525
6,16,1,5,32.0,26.14213562373095,18.161725465189974,0.6947299840608038,11,2,1.0
6,16,2,0,32.0,27.31370849898476,23.45597863160109,0.8587621352286505,12,2,1.0
6,16,2,1,32.0,28.485281374238568,21.29665329698194,0.7476371048327486,13,2,1.0000000000000002
6,16,2,2,32.0,29.65685424949238,21.139363336122607,0.7127985712269007,14,2,1.0
6,16,2,3,32.0,27.31370849898476,21.883475580529883,0.8011902002008728,12,2,1.0
6,16,2,4,32.0,29.65685424949238,21.564563854420236,0.7271359151245566,14,2,1.0
6,16,2,5,32.0,28.485281374238568,19.469048116980503,0.6834774724952467,13,2,1.0000000000000002
6,16,3,0,32.0,30.82842712474619,20.47213595499958,0.6640668326074428,15,2,1.0
6,16,3,1,32.0,28.485281374238568,21.78742042935188,0.7648659019059548,13,2,1.0000000000000002
6,16,3,2,32.0,26.14213562373095,18.617736439113806,0.7121735082046339,11,2,1.0448154998549657
6,16,3,3,32.0,28.485281374238568,19.86045199172537,0.6972180380035391,13,2,1.0000000000000002
6,16,3,4,32.0,27.31370849898476,18.666776704808868,0.6834215392429301,12,2,1.0
6,16,3,5,32.0,24.970562748477143,19.576722061556943,0.7839920252798809,10,2,1.0
6,16,4,0,32.0,29.65685424949238,20.353455962740405,0.6862985464174368,14,2,1.0
6,16,4,1,32.0,27.31370849898476,18.173529844273787,0.6653629566614614,12,2,1.0
6,16,4,2,32.0,29.65685424949238,19.187600727863632,0.6469870528561557,14,2,1.0
6,16,4,3,32.0,28.485281374238568,17.56692454633683,0.6167018087532022,13,2,1.0000000000000002
6,16,4,4,32.0,27.31370849898476,19.354986900076277,0.7086180516569435,12,2,1.0
6,16,4,5,32.0,26.14213562373095,19.223605746640562,0.7353494765435314,11,2,1.0
6,16,5,0,32.0,24.970562748477143,19.19307485255787,0.7686280459870045,10,2,1.0938363213560542
6,16,5,1,32.0,28.485281374238568,19.821272698833738,0.6958426156449921,13,2,1.0000000000000002
6,16,5,2,32.0,27.31370849898476,17.226455804854073,0.6306890111789241,12,2,1.0
6,16,5,3,32.0,27.31370849898476,21.246232223269914,0.7778596679414524,12,2,1.0
6,16,5,4,32.0,29.65685424949238,16.828548236596877,0.5674421196201186,14,2,1.0
6,16,5,5,32.0,28.485281374238568,17.658485831587306,0.619916145450374,13,2,1.0000000000000002
7,16,0,0,32.0,30.82842712474619,18.47213595499958,0.5991916447846237,15,2,1.0
7,16,0,1,32.0,27.31370849898476,20.33042018195392,0.7443302758653074,12,2,1.0
7,16,0,2,32.0,27.31370849898476,19.322327703033885,0.7074223444887423,12,2,1.0
7,16,0,3,32.0,27.31370849898476,18.16974181957424,0.6652242708180621,12,2,1.0
7,16,0,4,32.0,29.65685424949238,17.656854249492383,0.5953717849152732,14,2,1.0
7,16,0,5,32.0,27.31370849898476,22.34532372293163,0.8180992238297556,12,2,1.0
7,16,0,6,32.0,28.485281374238568,21.7294736676244,0.7628316316115464,13,2,1.0000000000000002
7,16,1,0,32.0,28.485281374238568,18.27472519479448,0.6415497517718649,13,2,1.0000000000000002
7,16,1,1,32.0,27.31370849898476,21.068633040736437,0.771357468412594,12,2,1.0
7,16,1,2,32.0,28.485281374238568,21.391116279648863,0.750953308082626,13,2,1.0000000000000002
7,16,1,3,32.0,27.31370849898476,21.33059006401809,0.7809481478800632,12,2,1.0
7,16,1,4,32.0,27.31370849898476,17.724010319400456,0.6489053040915059,12,2,1.0
7,16,1,5,32.0,26.14213562373095,17.933637802938357,0.6860050785850412,11,2,1.0
7,16,1,6,32.0,29.65685424949238,22.81462505710739,0.7692867512237207,14,2,1.0
7,16,2,0,32.0,27.31370849898476,19.931813581865782,0.7297366295977948,12,2,1.0428932188134525
7,16,2,1,32.0,28.485281374238568,21.19615342605801,0.7441089714924608,13,2,1.0000000000000002
7,16,2,2,32.0,27.31370849898476,18.68157424972755,0.6839633018131513,12,2,1.0
7,16,2,3,32.0,30.82842712474619,18.35917360311745,0.5955274178869935,15,2,1.0
7,16,2,4,32.0,28.485281374238568,18.587207240755433,0.6525196994390681,13,2,1.0000000000000002
7,16,2,5,32.0,29.65685424949238,19.043391742227758,0.6421244674847372,14,2,1.0
7,16,2,6,32.0,26.14213562373095,18.65404831218757,0.7135625252917001,11,2,1.0
7,16,3,0,32.0,28.485281374238568,21.361769285164137,0.7499230569118839,13,2,1.0000000000000002
7,16,3,1,32.0,28.485281374238568,19.762474277130593,0.6937784471036793,13,2,1.0000000000000002
7,16,3,2,32.0,28.485281374238568,19.586004296438627,0.6875833185257477,13,2,1.0000000000000002
7,16,3,3,32.0,27.31370849898476,18.683024730887407,0.6840164063251187,12,2,1.0428932188134525
7,16,3,4,32.0,27.31370849898476,20.048766592280458,0.7340184725565796,12,2,1.0
7,16,3,5,32.0,30.82842712474619,20.35917360311745,0.6604026057098126,15,2,1.0
7,16,3,6,32.0,26.14213562373095,19.64029388860349,0.7512888071307645,11,2,1.0
7,16,4,0,32.0,27.31370849898476,19.877054302287235,0.7277318018908365,12,2,1.0
7,16,4,1,32.0,29.65685424949238,18.06449510224598,0.6091170341357153,14,2,1.0
7,16,4,2,32.0,28.485281374238568,18.847259863507762,0.661649067667374,13,2,1.0
7,16,4,3,32.0,30.82842712474619,20.35917360311745,0.6604026057098126,15,2,1.0
7,16,4,4,32.0,24.970562748477143,20.440309773001424,0.8185762563259812,10,2,1.0469181606780271
7,16,4,5,32.0,24.970562748477143,19.049235890834815,0.7628677047735559,10,2,1.0
7,16,4,6,32.0,28.485281374238568,19.99128193758282,0.70181093438882,13,2,1.0000000000000002
7,16,5,0,32.0,27.31370849898476,20.6017069123808,0.7542625313273207,12,2,1.0
7,16,5,1,32.0,29.65685424949238,20.954921194305463,0.7065793633410777,14,2,1.0
7,16,5,2,32.0,24.970562748477143,20.368633656320796,0.8157058317623619,10,2,1.0
7,16,5,3,32.0,30.82842712474619,20.47213595499958,0.6640668326074428,15,2,1.0
7,16,5,4,32.0,28.485281374238568,17.21740103766584,0.6044314890719971,13,2,1.0000000000000002
7,16,5,5,32.0,28.485281374238568,21.787420429351876,0.7648659019059547,13,2,1.0000000000000002
7,16,5,6,32.0,27.31370849898476,20.63522472427175,0.7554896738038613,12,2,1.0
8,16,0,0,32.0,28.485281374238568,19.87975692958724,0.6978957542461222,13,2,1.0000000000000002
8,16,0,1,32.0,28.485281374238568,21.0258470099278,0.7381302200842255,13,2,1.0000000000000002
8,16,0,2,32.0,28.485281374238568,20.256429838437,0.7111191766831712,13,2,1.0000000000000002
8,16,0,3,32.0,26.14213562373095,21.652940744507248,0.8282774237025776,11,2,1.0
8,16,0,4,32.0,29.65685424949238,21.48227922873511,0.7243613583562326,14,2,1.0
8,16,0,5,32.0,26.14213562373095,20.7556094656409,0.7939523290820838,11,2,1.0
8,16,0,6,32.0,29.65685424949238,16.407905092766683,0.5532584459138152,14,2,1.0
8,16,0,7,32.0,28.485281374238568,20.262100147974877,0.7113182377162492,13,2,1.0000000000000002
8,16,1,0,32.0,26.14213562373095,20.70143999261142,0.7918802155482412,11,2,1.0
8,16,1,1,32.0,29.65685424949238,21.44766094595443,0.7231940638586621,14,2,1.0
8,16,1,2,32.0,28.485281374238568,20.418112282904918,0.716795176240407,13,2,1.0000000000000002
8,16,1,3,32.0,27.31370849898476,18.108298794979028,0.6629747401621463,12,2,1.0
8,16,1,4,32.0,29.65685424949238,21.211102550927976,0.715217547096757,14,2,1.0
8,16,1,5,32.0,28.485281374238568,20.225708757440206,0.7100406870381794,13,2,1.0000000000000002
8,16,1,6,32.0,27.31370849898476,20.399419308301468,0.7468564478917137,12,2,1.0428932188134525
8,16,1,7,32.0,28.485281374238568,20.4861323081622,0.7191830770079521,13,2,1.0000000000000002
8,16,2,0,32.0,26.14213562373095,19.480311141839174,0.74516907961244,11,2,1.0
8,16,2,1,32.0,29.65685424949238,21.111260638182205,0.7118509758513433,14,2,1.0
8,16,2,2,32.0,30.82842712474619,22.35917360311745,0.7252777935326317,15,2,1.0
8,16,2,3,32.0,28.485281374238568,21.747297720956798,0.7634573601447572,13,2,1.0000000000000002
8,16,2,4,32.0,27.31370849898476,18.922340981785716,0.6927781697051154,12,2,1.0
8,16,2,5,32.0,28.485281374238568,18.539631288330618,0.6508495052149084,13,2,1.0000000000000002
8,16,2,6,32.0,29.65685424949238,21.81255920004127,0.7354980746285532,14,2,1.0
8,16,2,7,32.0,27.31370849898476,18.790437364949447,0.6879489603415765,12,2,1.0
8,16,3,0,32.0,28.485281374238568,18.494991055185274,0.6492823719098565,13,2,1.0000000000000002
8,16,3,1,32.0,28.485281374238568,17.344818735067854,0.6089045955766513,13,2,1.0000000000000002
8,16,3,2,32.0,26.14213562373095,19.061316966168658,0.7291415376510186,11,2,1.0448154998549657
8,16,3,3,32.0,27.31370849898476,20.274128035442438,0.7422693273670992,12,2,1.0
8,16,3,4,32.0,29.65685424949238,19.812559200041267,0.6680600387810985,14,2,1.0
8,16,3,5,32.0,29.65685424949238,17.540614653474957,0.5914522998937148,14,2,1.0
8,16,3,6,32.0,29.65685424949238,21.152982445082962,0.7132577942060401,14,2,1.0
8,16,3,7,32.0,28.485281374238568,17.442111813820436,0.6123201517536941,13,2,1.0000000000000002
8,16,4,0,32.0,30.82842712474619,20.246211251235323,0.6567383788121823,15,2,1.0
8,16,4,1,32.0,28.485281374238568,19.81634553961606,0.6956696435351875,13,2,1.0000000000000002
8,16,4,2,32.0,28.485281374238568,17.848003839784685,0.6265693361177751,13,2,1.0000000000000002
8,16,4,3,32.0,28.485281374238568,19.89465964021403,0.6984189265620631,13,2,1.0000000000000002
8,16,4,4,32.0,29.65685424949238,18.958993304605695,0.6392786350538242,14,2,1.0
8,16,4,5,32.0,29.65685424949238,19.38831603672579,0.6537549759532453,14,2,1.0
8,16,4,6,32.0,28.485281374238568,18.063004891666004,0.6341171306807512,13,2,1.0000000000000002
8,16,4,7,32.0,27.31370849898476,19.07861150381511,0.6984994917304714,12,2,1.0
8,16,5,0,32.0,28.485281374238568,21.498536939240022,0.7547244015880709,13,2,1.0000000000000002
8,16,5,1,32.0,26.14213562373095,18.65615239727355,0.7136430116420223,11,2,1.0448154998549657
8,16,5,2,32.0,27.31370849898476,23.413944610392576,0.8572232002572212,12,2,1.0
8,16,5,3,32.0,27.31370849898476,18.464012616023634,0.6759980109149197,12,2,1.0
8,16,5,4,32.0,28.485281374238568,21.52076313254064,0.7555046709843464,13,2,1.0000000000000002
8,16,5,5,32.0,28.485281374238568,19.77269903474533,0.6941373959053571,13,2,1.0000000000000002
8,16,5,6,32.0,30.82842712474619,20.32455532033676,0.6592796719110622,15,2,1.0
8,16,5,7,32.0,27.31370849898476,19.9884467771626,0.7318100644555668,12,2,1.0
9,16,0,0,32.0,28.485281374238568,21.329981834539296,0.7488071314552519,13,2,1.0000000000000002
9,16,0,1,32.0,27.31370849898476,18.106716738482525,0.6629168184596956,12,2,1.0
9,16,0,2,32.0,28.485281374238568,16.758583710731976,0.5883243170589866,13,2,1.0000000000000002
9,16,0,3,32.0,29.65685424949238,20.727773344209574,0.6989201609123584,14,2,1.0
9,16,0,4,32.0,26.14213562373095,23.230875721019128,0.8886372580796696,11,2,1.0
9,16,0,5,32.0,27.31370849898476,18.991935516120243,0.6953261406017482,12,2,1.0
9,16,0,6,32.0,28.485281374238568,21.72947366762443,0.7628316316115474,13,2,1.0000000000000002
9,16,0,7,32.0,27.31370849898476,19.93968390815617,0.7300247752478328,12,2,1.0
9,16,0,8,32.0,28.485281374238568,18.293181118777017,0.6421976626610032,13,2,1.0000000000000002
9,16,1,0,32.0,28.485281374238568,19.6574241438197,0.6900905729369913,13,2,1.0000000000000002
9,16,1,1,32.0,30.82842712474619,16.47213595499958,0.5343164569618046,15,2,1.0
9,16,1,2,32.0,26.14213562373095,20.529898012153026,0.7853183193463611,11,2,1.0
9,16,1,3,32.0,29.65685424949238,19.043391742227747,0.6421244674847367,14,2,1.0
9,16,1,4,32.0,27.31370849898476,22.073410488506994,0.8081440310211795,12,2,1.0
9,16,1,5,32.0,29.65685424949238,19.152982445082962,0.6458197583585856,14,2,1.0
9,16,1,6,32.0,27.31370849898476,18.64028870369456,0.6824517697546422,12,2,1.0
9,16,1,7,32.0,29.65685424949238,20.68372892345422,0.6974350262994684,14,2,1.0
9,16,1,8,32.0,28.485281374238568,19.830074607843883,0.6961516141377402,13,2,1.0000000000000002
9,16,2,0,32.0,30.82842712474619,18.576491222541478,0.6025766785756643,15,2,1.0
9,16,2,1,32.0,27.31370849898476,18.663712222183044,0.6833093434703957,12,2,1.0
9,16,2,2,32.0,28.485281374238568,21.4311292596053,0.7523579977337741,13,2,1.0000000000000002
9,16,2,3,32.0,28.485281374238568,20.624384014225562,0.7240365205898152,13,2,1.0000000000000002
9,16,2,4,32.0,28.485281374238568,18.640986324787463,0.6544076598676656,13,2,1.0000000000000002
9,16,2,5,32.0,26.14213562373095,20.043944177485333,0.766729408261891,11,2,1.0
9,16,2,6,32.0,28.485281374238568,18.901046542878237,0.6635372947367797,13,2,1.0000000000000002
9,16,2,7,32.0,29.65685424949238,19.21110255092797,0.6477795112493023,14,2,1.0
9,16,2,8,32.0,30.82842712474619,20.47213595499958,0.6640668326074428,15,2,1.0
9,16,3,0,32.0,29.65685424949238,18.35345596274042,0.6188605105699828,14,2,1.0
9,16,3,1,32.0,27.31370849898476,19.936022270390417,0.7298907166389152,12,2,1.0
9,16,3,2,32.0,26.14213562373095,18.903674469132966,0.7231113303525534,11,2,1.0
9,16,3,3,32.0,29.65685424949238,18.9589933046057,0.6392786350538243,14,2,1.0
9,16,3,4,32.0,27.31370849898476,20.55459091691642,0.7525375368811755,12,2,1.0
9,16,3,5,32.0,28.485281374238568,18.51403605017962,0.6499509626372617,13,2,1.0000000000000002
9,16,3,6,32.0,29.65685424949238,19.56062329783655,0.6595650075790274,14,2,1.0
9,16,3,7,32.0,28.485281374238568,22.029860791922594,0.77337697677952,13,2,1.0000000000000002
9,16,3,8,32.0,28.485281374238568,19.787420429351897,0.6946542029683858,13,2,1.0000000000000002
9,16,4,0,32.0,27.31370849898476,19.275597653173985,0.705711480148895,12,2,1.0
9,16,4,1,32.0,26.14213562373095,18.85266778368184,0.7211602011033874,11,2,1.0
9,16,4,2,32.0,30.82842712474619,18.82842712474619,0.6107488730630855,15,2,1.0
9,16,4,3,32.0,27.31370849898476,18.55459091691645,0.6793142321778135,12,2,1.0
9,16,4,4,32.0,30.82842712474619,18.47213595499958,0.5991916447846237,15,2,1.0
9,16,4,5,32.0,29.65685424949238,20.857845879539724,0.7033060790625404,14,2,1.0
9,16,4,6,32.0,28.485281374238568,19.812559200041264,0.695536720868037,13,2,1.0000000000000002
9,16,4,7,32.0,30.82842712474619,20.47213595499958,0.6640668326074428,15,2,1.0
9,16,4,8,32.0,28.485281374238568,16.79223133433984,0.5895055454683465,13,2,1.0000000000000002
9,16,5,0,32.0,27.31370849898476,21.935473963903124,0.8030939469357835,12,2,1.0
9,16,5,1,32.0,29.65685424949238,19.829977172931706,0.6686473557211863,14,2,1.0
9,16,5,2,32.0,29.65685424949238,19.812559200041264,0.6680600387810984,14,2,1.0
9,16,5,3,32.0,28.485281374238568,19.304605013601517,0.6777045576618441,13,2,1.0000000000000002
9,16,5,4,32.0,29.65685424949238,19.404918347287627,0.6543147895606551,14,2,1.0
9,16,5,5,32.0,27.31370849898476,20.550914463885363,0.7524029358609151,12,2,1.0
9,16,5,6,32.0,27.31370849898476,18.732136203343735,0.685814458481169,12,2,1.0
9,16,5,7,32.0,27.31370849898476,20.147550484746446,0.7376351140854902,12,2,1.0
9,16,5,8,32.0,29.65685424949238,20.94427190999913,0.7062202799326777,14,2,1.0
10,16,0,0,32.0,27.31370849898476,18.686906882651325,0.6841585383158757,12,2,1.0
10,16,0,1,32.0,30.82842712474619,18.35917360311745,0.5955274178869935,15,2,1.0
10,16,0,2,32.0,30.82842712474619,16.82842712474619,0.5458736852402664,15,2,1.0
10,16,0,3,32.0,28.485281374238568,21.403194778957666,0.7513773340611697,13,2,1.0000000000000002
10,16,0,4,32.0,29.65685424949238,19.38831603672579,0.6537549759532453,14,2,1.0
10,16,0,5,32.0,28.485281374238568,19.71585455866405,0.6921418222849156,13,2,1.0000000000000002
10,16,0,6,32.0,29.65685424949238,17.404918347287676,0.5868767537132022,14,2,1.0
10,16,0,7,32.0,29.65685424949238,19.152982445082948,0.6458197583585852,14,2,1.0
10,16,0,8,32.0,29.65685424949238,17.187600727863654,0.579549017008702,14,2,1.0
10,16,0,9,32.0,27.31370849898476,19.095657999854065,0.6991235921172639,12,2,1.0
10,16,1,0,32.0,29.65685424949238,19.038657217294716,0.6419648239536596,14,2,1.0
10,16,1,1,32.0,26.14213562373095,19.527879824969283,0.7469886969464932,11,2,1.0
10,16,1,2,32.0,26.14213562373095,18.435377877548163,0.7051978515792393,11,2,1.0
10,16,1,3,32.0,28.485281374238568,21.06307322509752,0.7394370779902661,13,2,1.0000000000000002
10,16,1,4,32.0,30.82842712474619,20.47213595499958,0.6640668326074428,15,2,1.0
10,16,1,5,32.0,30.82842712474619,18.35917360311745,0.5955274178869935,15,2,1.0
10,16,1,6,32.0,26.14213562373095,19.51727944240575,0.7465832066408769,11,2,1.0
10,16,1,7,32.0,28.485281374238568,17.538218573732358,0.6156940612000947,13,2,1.0000000000000002
10,16,1,8,32.0,26.14213562373095,18.357469180047786,0.7022176552164886,11,2,1.0
10,16,1,9,32.0,26.14213562373095,18.169879819626637,0.6950419078666484,11,2,1.0
10,16,2,0,32.0,28.485281374238568,20.216743161471992,0.7097259421757213,13,2,1.0000000000000002
10,16,2,1,32.0,30.82842712474619,20.47213595499958,0.6640668326074428,15,2,1.0
10,16,2,2,32.0,27.31370849898476,19.607923441138347,0.7178784763653447,12,2,1.0
10,16,2,3,32.0,27.31370849898476,20.469923928460613,0.7494377385341676,12,2,1.0
10,16,2,4,32.0,29.65685424949238,19.045389797762937,0.6421918399551404,14,2,1.0
10,16,2,5,32.0,28.485281374238568,18.51403605017959,0.6499509626372607,13,2,1.0000000000000002
10,16,2,6,32.0,27.31370849898476,20.760346223846554,0.7600705786480151,12,2,1.0
10,16,2,7,32.0,29.65685424949238,22.611285910420584,0.762430354891993,14,2,1.0
10,16,2,8,32.0,29.65685424949238,19.089724298507356,0.643686755780381,14,2,1.0
10,16,2,9,32.0,24.970562748477143,18.46078849279514,0.7393020605401049,10,2,1.0469181606780271
10,16,3,0,32.0,29.65685424949238,21.15298244508297,0.7132577942060404,14,2,1.0
10,16,3,1,32.0,26.14213562373095,20.988272594961796,0.8028522572543518,11,2,1.0
10,16,3,2,32.0,29.65685424949238,18.944271909999156,0.6387822440852241,14,2,1.0
10,16,3,3,32.0,28.485281374238568,19.329981834539293,0.6785954325176821,13,2,1.0000000000000002
10,16,3,4,32.0,30.82842712474619,19.23606797749979,0.6239717615064073,15,2,1.0
10,16,3,5,32.0,27.31370849898476,21.89417519998169,0.8015819309485377,12,2,1.0
10,16,3,6,32.0,27.31370849898476,20.365302875558008,0.7456073889166306,12,2,1.0
10,16,3,7,32.0,27.31370849898476,18.87787257550744,0.6911501078738218,12,2,1.0
10,16,3,8,32.0,28.485281374238568,17.67988689821894,0.6206674480740155,13,2,1.0000000000000002
10,16,3,9,32.0,30.82842712474619,20.47213595499958,0.6640668326074428,15,2,1.0
10,16,4,0,32.0,27.31370849898476,18.63610104308005,0.682298452580057,12,2,1.0
10,16,4,1,32.0,28.485281374238568,20.59532396130307,0.7230163427463633,13,2,1.0000000000000002
10,16,4,2,32.0,28.485281374238568,21.570276154045448,0.7572428676640389,13,2,1.0000000000000002
10,16,4,3,32.0,26.14213562373095,20.288339936114827,0.7760781379199087,11,2,1.0
10,16,4,4,32.0,28.485281374238568,19.796082205477134,0.6949582819771707,13,2,1.0000000000000002
10,16,4,5,32.0,29.65685424949238,19.59524158061721,0.6607323020765971,14,2,1.0
10,16,4,6,32.0,28.485281374238568,20.044782528550847,0.7036891180818345,13,2,1.0000000000000002
10,16,4,7,32.0,30.82842712474619,20.47213595499958,0.6640668326074428,15,2,1.0
10,16,4,8,32.0,27.31370849898476,19.9617426724541,0.7308323830576163,12,2,1.0
10,16,4,9,32.0,27.31370849898476,20.1202599496816,0.7366359625032046,12,2,1.0000000000000002
10,16,5,0,32.0,28.485281374238568,18.447170528427762,0.6476035916959892,13,2,1.0000000000000002
10,16,5,1,32.0,28.485281374238568,19.55485333130877,0.6864897374330916,13,2,1.0000000000000002
10,16,5,2,32.0,27.31370849898476,20.16873939171091,0.7384108749809853,12,2,1.0
10,16,5,3,32.0,27.31370849898476,20.526814939251274,0.7515206124431711,12,2,1.0428932188134525
10,16,5,4,32.0,26.14213562373095,19.785907472751028,0.7568588793790071,11,2,1.0
10,16,5,5,32.0,29.65685424949238,19.404918347287683,0.654314789560657,14,2,1.0
10,16,5,6,32.0,29.65685424949238,19.300563079745775,0.6507960324239761,14,2,1.0
10,16,5,7,32.0,27.31370849898476,18.097254355082107,0.6625703849682212,12,2,1.0
10,16,5,8,32.0,28.485281374238568,19.459677626866203,0.6831485134798453,13,2,1.0000000000000002
10,16,5,9,32.0,28.485281374238568,21.52326556076948,0.7555925208530545,13,2,1.0000000000000002
1,17,0,0,34.0,28.14213562373095,18.959899479248136,0.6737192845897643,12,2,1.0
1,17,1,0,34.0,31.65685424949238,20.90983948790463,0.6605153918046017,15,2,1.0
1,17,2,0,34.0,29.31370849898476,18.986091315250896,0.6476864336666394,13,2,1.0
1,17,3,0,34.0,29.31370849898476,20.05657117734214,0.6842044969518876,13,2,1.0000000000000002
1,17,4,0,34.0,30.485281374238568,20.044782528550847,0.6575232907474355,14,2,1.0000000000000002
1,17,5,0,34.0,30.485281374238568,21.404576914079588,0.7021282385855693,14,2,1.0000000000000002
2,17,0,0,34.0,30.485281374238568,20.23334547203388,0.6637086672630145,14,2,1.0000000000000002
2,17,0,1,34.0,31.65685424949238,23.08972429850735,0.7293751968067893,15,2,1.0
2,17,1,0,34.0,28.14213562373095,19.623484018072283,0.6972990351707605,12,2,1.0
2,17,1,1,34.0,29.31370849898476,19.06677953387967,0.6504390099444437,13,2,1.0
2,17,2,0,34.0,30.485281374238568,17.602570866647156,0.5774121173610725,14,2,1.0000000000000002
2,17,2,1,34.0,28.14213562373095,21.346423202209767,0.7585217940677297,12,2,1.0
2,17,3,0,34.0,31.65685424949238,17.187600727863668,0.542934575634257,15,2,1.0
2,17,3,1,34.0,30.485281374238568,19.52076313254064,0.640334031787437,14,2,1.0000000000000002
2,17,4,0,34.0,29.31370849898476,19.122007657394093,0.6523230473570534,13,2,1.0000000000000002
2,17,4,1,34.0,30.485281374238568,19.60903057772608,0.6432294436454371,14,2,1.0000000000000002
2,17,5,0,34.0,30.485281374238568,21.428083603627172,0.7028993218260031,14,2,1.0000000000000002
2,17,5,1,34.0,29.31370849898476,20.541615159556258,0.7007511574411572,13,2,1.0
3,17,0,0,34.0,29.31370849898476,20.98913649674791,0.7160177804686446,13,2,1.0
3,17,0,1,34.0,29.31370849898476,20.58435655212235,0.702209225858791,13,2,1.0
3,17,0,2,34.0,28.14213562373095,21.04909922233587,0.7479567117353434,12,2,1.0
3,17,1,0,34.0,29.31370849898476,20.38189814589871,0.6953026140177593,13,2,1.0
3,17,1,1,34.0,28.14213562373095,21.46971819416256,0.7629029467137578,12,2,1.0
3,17,1,2,34.0,30.485281374238568,21.46535849496361,0.7041220394673083,14,2,1.0000000000000002
3,17,2,0,34.0,30.485281374238568,19.65697536134308,0.6448021627234874,14,2,1.0
3,17,2,1,34.0,28.14213562373095,20.248592406115108,0.7195115778292396,12,2,1.0
3,17,2,2,34.0,30.485281374238568,21.612042626970755,0.7089336772608535,14,2,1.0000000000000002
3,17,3,0,34.0,30.485281374238568,21.617914577311048,0.7091262931750125,14,2,1.0000000000000002
3,17,3,1,34.0,30.485281374238568,20.894867859492752,0.6854083976784238,14,2,1.0000000000000002
3,17,3,2,34.0,31.65685424949238,21.152982445082948,0.6681959704010116,15,2,1.0
3,17,4,0,34.0,31.65685424949238,18.901046542878234,0.59706016251382,15,2,1.0
3,17,4,1,34.0,29.31370849898476,20.955099355097452,0.7148566465352961,13,2,1.0
3,17,4,2,34.0,28.14213562373095,20.60308643030926,0.7321081351386722,12,2,1.0
3,17,5,0,34.0,30.485281374238568,21.7858406807272,0.714634725305085,14,2,1.0000000000000002
3,17,5,1,34.0,30.485281374238568,19.56440963741133,0.6417657556523042,14,2,1.0000000000000002
3,17,5,2,34.0,26.970562748477143,19.974320428914247,0.7405970952549765,11,2,1.0
4,17,0,0,34.0,29.31370849898476,18.06433503660077,0.6162418868709977,13,2,1.0
4,17,0,1,34.0,30.485281374238568,19.9396877629284,0.6540758970910576,14,2,1.0000000000000002
4,17,0,2,34.0,31.65685424949238,17.271957474140482,0.5455992985916293,15,2,1.0
4,17,0,3,34.0,29.31370849898476,19.973241567694636,0.6813618129683722,13,2,1.0
4,17,1,0,34.0,28.14213562373095,18.492499121281043,0.6571107242368337,12,2,1.0
4,17,1,1,34.0,28.14213562373095,20.236709269779332,0.7190893235804983,12,2,1.0
4,17,1,2,34.0,28.14213562373095,20.16981186005712,0.7167121973162853,12,2,1.0
4,17,1,3,34.0,32.82842712474619,18.47213595499958,0.5626872065727211,16,2,1.0
4,17,2,0,34.0,31.65685424949238,19.656854249492387,0.6209351723507899,15,2,1.0
4,17,2,1,34.0,30.485281374238568,20.42366870536343,0.6699517860649417,14,2,1.0
4,17,2,2,34.0,30.485281374238568,17.860451991725387,0.5858713184395362,14,2,1.0000000000000002
4,17,2,3,34.0,29.31370849898476,20.10315713067122,0.6857937176856168,13,2,1.039966723258314
4,17,3,0,34.0,30.485281374238568,20.023717820259492,0.6568323111224564,14,2,1.0000000000000002
4,17,3,1,34.0,31.65685424949238,21.560623297836543,0.6810728295336631,15,2,1.0
4,17,3,2,34.0,30.485281374238568,23.715968081279975,0.7779481445534905,14,2,1.0000000000000002
4,17,3,3,34.0,30.485281374238568,19.916892037221537,0.6533281353949453,14,2,1.0000000000000002
4,17,4,0,34.0,30.485281374238568,22.163296777097035,0.7270163101012417,14,2,1.0000000000000002
4,17,4,1,34.0,31.65685424949238,22.694838436023318,0.7169012516898211,15,2,1.0
4,17,4,2,34.0,30.485281374238568,20.42366870536342,0.6699517860649413,14,2,1.0
4,17,4,3,34.0,31.65685424949238,19.417134603356576,0.6133627318219065,15,2,1.0
4,17,5,0,34.0,29.31370849898476,19.620658459085995,0.6693338872413748,13,2,1.0
4,17,5,1,34.0,26.970562748477143,19.14053702379234,0.7096825232122043,11,2,1.0
4,17,5,2,34.0,29.31370849898476,19.638449332519592,0.6699408003323681,13,2,1.0
4,17,5,3,34.0,29.31370849898476,19.851248300676126,0.6772001673334388,13,2,1.0
5,17,0,0,34.0,30.485281374238568,19.860222806162355,0.6514692307529474,14,2,1.0000000000000002
5,17,0,1,34.0,28.14213562373095,22.436677568732144,0.7972627901704922,12,2,1.0
5,17,0,2,34.0,29.31370849898476,22.23162190370383,0.7584035948393835,13,2,1.0000000000000002
5,17,0,3,34.0,31.65685424949238,19.699596848159132,0.6222853570005307,15,2,1.0
5,17,0,4,34.0,29.31370849898476,20.332587946724928,0.6936204590909786,13,2,1.0
5,17,1,0,34.0,29.31370849898476,22.15526945589125,0.7557989278858582,13,2,1.0
5,17,1,1,34.0,29.31370849898476,20.158816281572975,0.6876924590510665,13,2,1.0
5,17,1,2,34.0,31.65685424949238,19.670687188805143,0.6213721374138292,15,2,1.0
5,17,1,3,34.0,28.14213562373095,20.869588382515285,0.741577990439252,12,2,1.0
5,17,1,4,34.0,29.31370849898476,19.954827872118067,0.6807336530896176,13,2,1.0
5,17,2,0,34.0,29.31370849898476,22.496643766465304,0.7674444796790022,13,2,1.0
5,17,2,1,34.0,30.485281374238568,21.77269903474535,0.7142036436358518,14,2,1.0000000000000002
5,17,2,2,34.0,30.485281374238568,18.664581176411186,0.6122489389972826,14,2,1.0000000000000002
5,17,2,3,34.0,30.485281374238568,19.53821857373236,0.6409066176519871,14,2,1.0000000000000002
5,17,2,4,34.0,29.31370849898476,20.871447447489913,0.7120029677655002,13,2,1.0
5,17,3,0,34.0,30.485281374238568,21.43208815974453,0.7030306821394671,14,2,1.0000000000000002
5,17,3,1,34.0,30.485281374238568,21.86154643908194,0.717118079728663,14,2,1.0000000000000002
5,17,3,2,34.0,29.31370849898476,20.431715855926036,0.69700208203386,13,2,1.0
5,17,3,3,34.0,31.65685424949238,21.560623297836543,0.6810728295336631,15,2,1.0
5,17,3,4,34.0,30.485281374238568,21.64970001072611,0.7101689416920088,14,2,1.0000000000000002
5,17,4,0,34.0,30.485281374238568,20.32693574683192,0.6667786823843815,14,2,1.0000000000000002
5,17,4,1,34.0,29.31370849898476,21.949391010050316,0.7487756457293865,13,2,1.0
5,17,4,2,34.0,30.485281374238568,19.860222806162376,0.651469230752948,14,2,1.0000000000000002
5,17,4,3,34.0,32.82842712474619,22.576491222541478,0.6877116328708673,16,2,1.0
5,17,4,4,34.0,29.31370849898476,22.689903669523602,0.7740372962468886,13,2,1.0000000000000002
5,17,5,0,34.0,30.485281374238568,18.958993304605702,0.6219064561636916,14,2,1.0000000000000002
5,17,5,1,34.0,30.485281374238568,17.90207913956406,0.5872368019109746,14,2,1.0000000000000002
5,17,5,2,34.0,26.970562748477143,20.60196239208235,0.7638684659349798,11,2,1.0
5,17,5,3,34.0,29.31370849898476,19.297471005597302,0.6583087570194553,13,2,1.0
5,17,5,4,34.0,30.485281374238568,17.997787973461055,0.5903763115229107,14,2,1.0000000000000002
6,17,0,0,34.0,29.31370849898476,18.88258016602336,0.6441552820475558,13,2,1.0
6,17,0,1,34.0,29.31370849898476,20.7966912753363,0.7094527557322393,13,2,1.0
6,17,0,2,34.0,31.65685424949238,20.01034720444859,0.6321015678545968,15,2,1.0
6,17,0,3,34.0,31.65685424949238,20.935664825658925,0.6613311815716696,15,2,1.0
6,17,0,4,34.0,29.31370849898476,22.28962577317546,0.7603823233060883,13,2,1.0
6,17,0,5,34.0,31.65685424949238,19.070003361681415,0.6023972947971356,15,2,1.0
6,17,1,0,34.0,30.485281374238568,21.41569790606308,0.7024930373173562,14,2,1.0000000000000002
6,17,1,1,34.0,31.65685424949238,21.560623297836543,0.6810728295336631,15,2,1.0
6,17,1,2,34.0,32.82842712474619,18.47213595499958,0.5626872065727211,16,2,1.0
6,17,1,3,34.0,31.65685424949238,19.656854249492383,0.6209351723507898,15,2,1.0
6,17,1,4,34.0,30.485281374238568,22.015041709920148,0.7221531413688655,14,2,1.0000000000000002
6,17,1,5,34.0,30.485281374238568,21.89037762468608,0.7180638208963501,14,2,1.0000000000000002
6,17,2,0,34.0,31.65685424949238,21.15298244508297,0.6681959704010123,15,2,1.0
6,17,2,1,34.0,29.31370849898476,20.79193413172771,0.7092904718093861,13,2,1.0
6,17,2,2,34.0,28.14213562373095,20.97029503925996,0.7451564913068177,12,2,1.0
6,17,2,3,34.0,31.65685424949238,23.04538979776295,0.7279747259831569,15,2,1.0
6,17,2,4,34.0,31.65685424949238,22.64040331484434,0.7151817150375067,15,2,1.0
6,17,2,5,34.0,31.65685424949238,20.359173603117473,0.6431205527455064,15,2,1.0
6,17,3,0,34.0,31.65685424949238,20.0103472044486,0.6321015678545971,15,2,1.0
6,17,3,1,34.0,30.485281374238568,19.56980660119034,0.6419427907176118,14,2,1.0000000000000002
6,17,3,2,34.0,30.485281374238568,20.117105876016492,0.6598956929102301,14,2,1.0000000000000002
6,17,3,3,34.0,29.31370849898476,18.622634739433032,0.6352875733917461,13,2,1.0
6,17,3,4,34.0,28.14213562373095,19.521639945101683,0.6936801174620164,12,2,1.0
6,17,3,5,34.0,28.14213562373095,19.359608864455048,0.687922520284139,12,2,1.0
6,17,4,0,34.0,29.31370849898476,22.03040180827625,0.7515392264011646,13,2,1.0
6,17,4,1,34.0,29.31370849898476,21.677791018427705,0.7395103563637636,13,2,1.0
6,17,4,2,34.0,29.31370849898476,20.416958616172906,0.6964986575096774,13,2,1.0
6,17,4,3,34.0,28.14213562373095,19.66906510365792,0.6989187091782727,12,2,1.0416305603426157
6,17,4,4,34.0,30.485281374238568,19.644059213035895,0.6443784779902346,14,2,1.0000000000000002
6,17,4,5,34.0,31.65685424949238,21.812559200041303,0.6890311661459878,15,2,1.0
6,17,5,0,34.0,28.14213562373095,18.99213631435945,0.6748647852561789,12,2,1.0
6,17,5,1,34.0,30.485281374238568,19.91413924406527,0.6532378363052805,14,2,1.0000000000000002
6,17,5,2,34.0,30.485281374238568,23.919796900953997,0.7846342832566834,14,2,1.0000000000000002
6,17,5,3,34.0,29.31370849898476,20.05792177655129,0.6842505709315478,13,2,1.0
6,17,5,4,34.0,29.31370849898476,20.2626731288229,0.69123540371989,13,2,1.0
6,17,5,5,34.0,31.65685424949238,18.83920668352162,0.5951067195447478,15,2,1.0
7,17,0,0,34.0,31.65685424949238,20.69483843602331,0.6537237804149525,15,2,1.0
7,17,0,1,34.0,30.485281374238568,17.238349398743424,0.5654646643120901,14,2,1.0000000000000002
7,17,0,2,34.0,30.485281374238568,25.40347893968538,0.8333030824886026,14,2,1.0000000000000002
7,17,0,3,34.0,28.14213562373095,19.614631920151865,0.696984485555949,12,2,1.0
7,17,0,4,34.0,30.485281374238568,18.658404297677897,0.612046320603919,14,2,1.0000000000000002
7,17,0,5,34.0,30.485281374238568,21.263002414269284,0.6974842106012994,14,2,1.0000000000000002
7,17,0,6,34.0,29.31370849898476,18.864938413120893,0.6435534560144192,13,2,1.0
7,17,1,0,34.0,30.485281374238568,20.120630629903324,0.6600113144078166,14,2,1.0000000000000002
7,17,1,1,34.0,30.485281374238568,17.546774330981084,0.5755818394974336,14,2,1.0000000000000002
7,17,1,2,34.0,31.65685424949238,20.279203335555927,0.6405943931046498,15,2,1.0
7,17,1,3,34.0,30.485281374238568,20.138414160513804,0.6605946624961011,14,2,1.0000000000000002
7,17,1,4,34.0,29.31370849898476,20.293961052772282,0.6923027515769673,13,2,1.0
7,17,1,5,34.0,31.65685424949238,20.745265082666243,0.6553166944248383,15,2,1.0
7,17,1,6,34.0,30.485281374238568,23.3263510304772,0.7651676474335911,14,2,1.0000000000000002
7,17,2,0,34.0,29.31370849898476,19.132738714219336,0.6526891237552551,13,2,1.0
7,17,2,1,34.0,29.31370849898476,20.612254097014368,0.7031609152328251,13,2,1.0
7,17,2,2,34.0,34.0,24.0,0.7058823529411765,17,1,1.0
7,17,2,3,34.0,29.31370849898476,20.477261788594525,0.6985558237813454,13,2,1.039966723258314
7,17,2,4,34.0,31.65685424949238,21.41713460335657,0.6765402030967747,15,2,1.0
7,17,2,5,34.0,31.65685424949238,19.152982445082944,0.6050184991261431,15,2,1.0
7,17,2,6,34.0,30.485281374238568,18.847259863507794,0.6182412959269773,14,2,1.0000000000000002
7,17,3,0,34.0,28.14213562373095,20.083727970149813,0.713653300469995,12,2,1.0
7,17,3,1,34.0,29.31370849898476,20.810050524927725,0.7099084895944999,13,2,1.0
7,17,3,2,34.0,28.14213562373095,19.87072337801432,0.7060844153298111,12,2,1.0
7,17,3,3,34.0,29.31370849898476,20.65715114941195,0.7046925212525526,13,2,1.0
7,17,3,4,34.0,31.65685424949238,20.82899701907347,0.6579616804284166,15,2,1.0
7,17,3,5,34.0,30.485281374238568,22.03795825934893,0.7229048664111066,14,2,1.0000000000000002
7,17,3,6,34.0,29.31370849898476,20.96712701018481,0.7152669547393152,13,2,1.0
7,17,4,0,34.0,32.82842712474619,19.23606797749979,0.5859576489730625,16,2,1.0
7,17,4,1,34.0,30.485281374238568,19.53548452714717,0.6408169335007526,14,2,1.0000000000000002
7,17,4,2,34.0,30.485281374238568,17.79266077125922,0.5836475823475528,14,2,1.0000000000000002
7,17,4,3,34.0,31.65685424949238,19.685608925433407,0.6218434962074308,15,2,1.0
7,17,4,4,34.0,29.31370849898476,19.56770323562284,0.6675273869323133,13,2,1.0
7,17,4,5,34.0,30.485281374238568,20.23835240913348,0.6638729083942717,14,2,1.0000000000000002
7,17,4,6,34.0,32.82842712474619,20.198039027185573,0.6152606383008894,16,2,1.0
7,17,5,0,34.0,31.65685424949238,22.935664825658932,0.7245086528465382,15,2,1.0
7,17,5,1,34.0,29.31370849898476,19.109229296192844,0.651887129765743,13,2,1.0
7,17,5,2,34.0,30.485281374238568,21.152982445082934,0.6938752568955507,14,2,1.0000000000000002
7,17,5,3,34.0,31.65685424949238,19.699596848159125,0.6222853570005304,15,2,1.0
7,17,5,4,34.0,31.65685424949238,23.50116678361629,0.7423721446989047,15,2,1.0
7,17,5,5,34.0,28.14213562373095,19.00579931195019,0.6753502849273275,12,2,1.0
7,17,5,6,34.0,30.485281374238568,22.389050422582734,0.7344216426193949,14,2,1.0000000000000002
8,17,0,0,34.0,30.485281374238568,21.904214080559207,0.7185176942165031,14,2,1.0000000000000002
8,17,0,1,34.0,30.485281374238568,19.37351268277972,0.6355038172339523,14,2,1.0000000000000002
8,17,0,2,34.0,29.31370849898476,19.946816828613187,0.6804603664972659,13,2,1.0
8,17,0,3,34.0,30.485281374238568,21.183215290669263,0.6948669763163161,14,2,1.0000000000000002
8,17,0,4,34.0,30.485281374238568,21.644059213035888,0.7099839082123772,14,2,1.0000000000000002
8,17,0,5,34.0,30.485281374238568,20.170115129884195,0.6616345403631029,14,2,1.0000000000000002
8,17,0,6,34.0,30.485281374238568,23.282252066347937,0.7637210816765656,14,2,1.0000000000000002
8,17,0,7,34.0,29.31370849898476,19.102452197851996,0.6516559376482025,13,2,1.0
8,17,1,0,34.0,29.31370849898476,18.682584635157184,0.6373326880767826,13,2,1.0
8,17,1,1,34.0,32.82842712474619,18.82842712474619,0.5735403360386173,16,2,1.0
8,17,1,2,34.0,30.485281374238568,20.26741460296897,0.6648262272591601,14,2,1.0000000000000002
8,17,1,3,34.0,31.65685424949238,20.935664825658915,0.6613311815716693,15,2,1.0
8,17,1,4,34.0,30.485281374238568,21.51215604820038,0.7056571262740294,14,2,1.0000000000000002
8,17,1,5,34.0,26.970562748477143,21.057052477819507,0.7807420510351963,11,2,1.0
8,17,1,6,34.0,29.31370849898476,18.915234147260776,0.645269231217056,13,2,1.0
8,17,1,7,34.0,30.485281374238568,20.40646839547318,0.6693875691997897,14,2,1.0000000000000002
8,17,2,0,34.0,29.31370849898476,18.70774306497804,0.6381909360129564,13,2,1.0
8,17,2,1,34.0,29.31370849898476,22.12508042172812,0.7547690672606092,13,2,1.0
8,17,2,2,34.0,30.485281374238568,19.61514843983617,0.6434301261333232,14,2,1.0000000000000002
8,17,2,3,34.0,26.970562748477143,19.961587554876843,0.7401249926089861,11,2,1.0
8,17,2,4,34.0,30.485281374238568,19.06186016480372,0.6252807684731375,14,2,1.0000000000000002
8,17,2,5,34.0,28.14213562373095,19.206500630506575,0.6824819867014864,12,2,1.0
8,17,2,6,34.0,29.31370849898476,20.516178985469892,0.6998834346115042,13,2,1.0
8,17,2,7,34.0,30.485281374238568,23.148278099416,0.7593263718069971,14,2,1.0000000000000002
8,17,3,0,34.0,30.485281374238568,19.638423016494812,0.6441935954407875,14,2,1.0000000000000002
8,17,3,1,34.0,30.485281374238568,20.255644692538265,0.6644401422404188,14,2,1.0000000000000002
8,17,3,2,34.0,29.31370849898476,18.61507664436396,0.6350297385610104,13,2,1.0
8,17,3,3,34.0,30.485281374238568,19.62567728255246,0.6437755007613949,14,2,1.0000000000000002
8,17,3,4,34.0,32.82842712474619,20.513233075965882,0.6248618917384235,16,2,1.0
8,17,3,5,34.0,30.485281374238568,19.123085210607684,0.6272891162083073,14,2,1.0000000000000002
8,17,3,6,34.0,29.31370849898476,20.727485808177402,0.7070918989624009,13,2,1.0
8,17,3,7,34.0,29.31370849898476,18.420289462302698,0.6283848208063015,13,2,1.0
8,17,4,0,34.0,31.65685424949238,19.28373158362088,0.6091486990982402,15,2,1.0
8,17,4,1,34.0,30.485281374238568,20.85231692849201,0.6840126116110955,14,2,1.0000000000000002
8,17,4,2,34.0,30.485281374238568,20.39176445569527,0.6689052400522446,14,2,1.0000000000000002
8,17,4,3,34.0,31.65685424949238,23.152982445082948,0.7313734416758799,15,2,1.0
8,17,4,4,34.0,29.31370849898476,18.89731721635889,0.6446580178353541,13,2,1.0399667232583139
8,17,4,5,34.0,29.31370849898476,21.937876864653582,0.7483828552574087,13,2,1.0
8,17,4,6,34.0,28.14213562373095,19.141471287294475,0.68017124013692,12,2,1.0
8,17,4,7,34.0,30.485281374238568,19.866217388535908,0.6516658693307569,14,2,1.0000000000000002
8,17,5,0,34.0,30.485281374238568,18.674325901586077,0.6125685924410302,14,2,1.0000000000000002
8,17,5,1,34.0,30.485281374238568,20.482483159448165,0.6718810598466965,14,2,1.0000000000000002
8,17,5,2,34.0,28.14213562373095,20.967713160142274,0.7450647470571202,12,2,1.0
8,17,5,3,34.0,30.485281374238568,21.491712670038048,0.7049865279642624,14,2,1.0000000000000002
8,17,5,4,34.0,25.798989873223334,21.60606876781747,0.8374773149642699,10,2,1.0454115793296923
8,17,5,5,34.0,26.970562748477143,20.325850211207353,0.7536309271987669,11,2,1.0
8,17,5,6,34.0,31.65685424949238,19.616248950992265,0.6196525023109904,15,2,1.0
8,17,5,7,34.0,30.485281374238568,22.216629406161303,0.7287657651385614,14,2,1.0000000000000002
9,17,0,0,34.0,28.14213562373095,19.226480660544148,0.6831919552093748,12,2,1.0
9,17,0,1,34.0,29.31370849898476,21.23525104322536,0.7244136661849119,13,2,1.0
9,17,0,2,34.0,30.485281374238568,23.835531451309464,0.7818701477182873,14,2,1.0000000000000002
9,17,0,3,34.0,30.485281374238568,21.599383101577416,0.7085184104559344,14,2,1.0000000000000002
9,17,0,4,34.0,29.31370849898476,21.575142154303137,0.7360086205077179,13,2,1.0
9,17,0,5,34.0,29.31370849898476,20.03013123439284,0.6833025318201058,13,2,1.0
9,17,0,6,34.0,31.65685424949238,21.152982445082976,0.6681959704010125,15,2,1.0
9,17,0,7,34.0,30.485281374238568,20.15342542693857,0.661087072792089,14,2,1.0000000000000002
9,17,0,8,34.0,29.31370849898476,20.532341027826703,0.7004347821954295,13,2,1.0
9,17,1,0,34.0,26.970562748477143,19.54170220254784,0.724556709653796,11,2,1.0
9,17,1,1,34.0,30.485281374238568,19.683422270834832,0.6456696931611138,14,2,1.0000000000000002
9,17,1,2,34.0,32.82842712474619,20.32455532033676,0.6191145022910962,16,2,1.0
9,17,1,3,34.0,32.82842712474619,24.576491222541478,0.7486344420082077,16,2,1.0
9,17,1,4,34.0,31.65685424949238,21.38831603672579,0.6756298610140252,15,2,1.0
9,17,1,5,34.0,30.485281374238568,22.137114520378038,0.7261574609931235,14,2,1.0000000000000002
9,17,1,6,34.0,31.65685424949238,22.935664825658918,0.7245086528465378,15,2,1.0
9,17,1,7,34.0,30.485281374238568,19.144751324084723,0.6279998235562588,14,2,1.0000000000000002
9,17,1,8,34.0,30.485281374238568,18.772989201940476,0.6158050165744737,14,2,1.0000000000000002
9,17,2,0,34.0,29.31370849898476,19.449431475915723,0.6634926958009877,13,2,1.0
9,17,2,1,34.0,29.31370849898476,20.873209653297046,0.7120630831823944,13,2,1.0
9,17,2,2,34.0,28.14213562373095,20.825878517697557,0.7400248082144862,12,2,1.0
9,17,2,3,34.0,30.485281374238568,18.170115129884206,0.5960291101409603,14,2,1.0000000000000002
9,17,2,4,34.0,26.970562748477143,18.796956866573286,0.6969434431854645,11,2,1.0
9,17,2,5,34.0,29.31370849898476,20.947435477785938,0.7145952030774756,13,2,1.0
9,17,2,6,34.0,29.31370849898476,20.02054890861352,0.6829756429251149,13,2,1.0
9,17,2,7,34.0,32.82842712474619,20.32455532033676,0.6191145022910962,16,2,1.0
9,17,2,8,34.0,30.485281374238568,21.10524705514797,0.6923094064987982,14,2,1.0000000000000002
9,17,3,0,34.0,30.485281374238568,20.989920291417995,0.688526375523482,14,2,1.0000000000000002
9,17,3,1,34.0,31.65685424949238,21.019576715038486,0.6639818520621181,15,2,1.0
9,17,3,2,34.0,31.65685424949238,22.774551162788562,0.7194192759425474,15,2,1.0
9,17,3,3,34.0,31.65685424949238,19.49747156015802,0.6159004747122232,15,2,1.0
9,17,3,4,34.0,29.31370849898476,20.46621237841336,0.6981788871620314,13,2,1.0
9,17,3,5,34.0,29.31370849898476,17.393858591446033,0.593369433009421,13,2,1.0
9,17,3,6,34.0,32.82842712474619,20.82842712474619,0.6344631451759577,16,2,1.0
9,17,3,7,34.0,29.31370849898476,22.668053381544716,0.7732919013754194,13,2,1.0
9,17,3,8,34.0,29.31370849898476,20.453545524828705,0.697746773511686,13,2,1.0000000000000002
9,17,4,0,34.0,30.485281374238568,19.87381692250912,0.6519151546786571,14,2,1.0000000000000002
9,17,4,1,34.0,30.485281374238568,23.321756305207714,0.7650169279695626,14,2,1.0000000000000002
9,17,4,2,34.0,29.31370849898476,18.763270473684777,0.6400851831604526,13,2,1.0
9,17,4,3,34.0,29.31370849898476,18.35849859157313,0.6262769035930391,13,2,1.0
9,17,4,4,34.0,29.31370849898476,21.642864582831066,0.7383188852949342,13,2,1.0
9,17,4,5,34.0,26.970562748477143,21.14479712150986,0.7839953996771452,11,2,1.043438948092396
9,17,4,6,34.0,29.31370849898476,19.563980155935447,0.6674003787890918,13,2,1.0
9,17,4,7,34.0,29.31370849898476,19.691937481877282,0.6717654807326506,13,2,1.0
9,17,4,8,34.0,30.485281374238568,19.05682715047334,0.6251156719379082,14,2,1.0000000000000002
9,17,5,0,34.0,29.31370849898476,20.714905383055317,0.7066627337094776,13,2,1.0
9,17,5,1,34.0,31.65685424949238,20.850191748034312,0.6586311951184678,15,2,1.0
9,17,5,2,34.0,34.0,20.0,0.5882352941176471,17,1,1.0
9,17,5,3,34.0,30.485281374238568,19.877054302287274,0.6520213495252262,14,2,1.0000000000000002
9,17,5,4,34.0,30.485281374238568,20.23914700140297,0.6638989731781173,14,2,1.0000000000000002
9,17,5,5,34.0,30.485281374238568,19.56440963741138,0.6417657556523059,14,2,1.0000000000000002
9,17,5,6,34.0,30.485281374238568,20.19224054919858,0.6623603141895856,14,2,1.0000000000000002
9,17,5,7,34.0,29.31370849898476,20.694644513282086,0.7059715598249473,13,2,1.0
9,17,5,8,34.0,30.485281374238568,21.206092708712532,0.6956174177428663,14,2,1.0000000000000002
10,17,0,0,34.0,32.82842712474619,19.12310562561766,0.5825166570713525,16,2,1.0
10,17,0,1,34.0,31.65685424949238,20.82842712474619,0.657943678187171,15,2,1.0
10,17,0,2,34.0,30.485281374238568,19.286761012106986,0.6326581268954652,14,2,1.0000000000000002
10,17,0,3,34.0,29.31370849898476,19.985787532583593,0.6817898026541328,13,2,1.0
10,17,0,4,34.0,29.31370849898476,21.499162021900005,0.7334166546223451,13,2,1.0
10,17,0,5,34.0,32.82842712474619,18.576491222541478,0.5658660145961867,16,2,1.0
10,17,0,6,34.0,30.485281374238568,18.64588938718316,0.6116357975603195,14,2,1.0000000000000002
10,17,0,7,34.0,30.485281374238568,20.624384014225598,0.6765357931599781,14,2,1.0000000000000002
10,17,0,8,34.0,28.14213562373095,19.649854550892414,0.6982360832033873,12,2,1.0
10,17,0,9,34.0,28.14213562373095,20.645640359742316,0.7336202424642148,12,2,1.0
10,17,1,0,34.0,31.65685424949238,19.139363336122567,0.6045882886935763,15,2,1.0
10,17,1,1,34.0,29.31370849898476,22.25972972846904,0.7593624576446878,13,2,1.0
10,17,1,2,34.0,28.14213562373095,22.906660528125617,0.8139631204395695,12,2,1.0
10,17,1,3,34.0,30.485281374238568,19.0660451504315,0.6254180473644295,14,2,1.0000000000000002
10,17,1,4,34.0,29.31370849898476,19.767814149924966,0.6743539170627147,13,2,1.0
10,17,1,5,34.0,30.485281374238568,21.45180246691462,0.7036773649411797,14,2,1.0000000000000002
10,17,1,6,34.0,28.14213562373095,18.469224332714425,0.6562836800893032,12,2,1.0
10,17,1,7,34.0,29.31370849898476,18.804311897651548,0.6414852593046291,13,2,1.0
10,17,1,8,34.0,30.485281374238568,20.42992799277273,0.6701571076866273,14,2,1.0000000000000002
10,17,1,9,34.0,28.14213562373095,21.80658191927818,0.7748730306341679,12,2,1.0
10,17,2,0,34.0,28.14213562373095,20.3087080614186,0.7216477218698787,12,2,1.0
10,17,2,1,34.0,28.14213562373095,19.19087091063109,0.681926601705676,12,2,1.0
10,17,2,2,34.0,30.485281374238568,19.322749483232652,0.6338386464610835,14,2,1.0000000000000002
10,17,2,3,34.0,29.31370849898476,17.64951724730738,0.6020909039168022,13,2,1.039966723258314
10,17,2,4,34.0,31.65685424949238,21.404918347287662,0.6761543070133348,15,2,1.0
10,17,2,5,34.0,29.31370849898476,20.747622876810183,0.7077788495279862,13,2,1.0
10,17,2,6,34.0,30.485281374238568,19.762474277130593,0.6482628136025922,14,2,1.0000000000000002
10,17,2,7,34.0,31.65685424949238,19.152982445082966,0.6050184991261438,15,2,1.0
10,17,2,8,34.0,31.65685424949238,21.070003361681426,0.6655747660720043,15,2,1.0
10,17,2,9,34.0,29.31370849898476,19.763755479162167,0.6742154606554356,13,2,1.0
10,17,3,0,34.0,30.485281374238568,21.518122724564037,0.7058528494589463,14,2,1.0000000000000002
10,17,3,1,34.0,30.485281374238568,20.439898098714057,0.6704841542314479,14,2,1.0000000000000002
10,17,3,2,34.0,30.485281374238568,21.311970372893956,0.6990904925976353,14,2,1.0000000000000002
10,17,3,3,34.0,29.31370849898476,20.86638538409506,0.7118302818907317,13,2,1.0
10,17,3,4,34.0,30.485281374238568,19.787420429351897,0.649081115127025,14,2,1.0000000000000002
10,17,3,5,34.0,29.31370849898476,21.84862663477025,0.7453381968210179,13,2,1.0
10,17,3,6,34.0,30.485281374238568,18.70016959263754,0.61341633567601,14,2,1.0000000000000002
10,17,3,7,34.0,30.485281374238568,20.688382678766363,0.6786351231203979,14,2,1.0000000000000002
10,17,3,8,34.0,31.65685424949238,22.839206683521603,0.721461662094484,15,2,1.0
10,17,3,9,34.0,26.970562748477143,19.818651641192403,0.7348252917826654,11,2,1.0
10,17,4,0,34.0,31.65685424949238,19.54061465347499,0.6172633104815942,15,2,1.0
10,17,4,1,34.0,29.31370849898476,20.63381389293845,0.7038964003361455,13,2,1.0000000000000002
10,17,4,2,34.0,30.485281374238568,19.703319136884325,0.6463223643897384,14,2,1.0000000000000002
10,17,4,3,34.0,30.485281374238568,20.77668263097479,0.6815316012970122,14,2,1.0000000000000002
10,17,4,4,34.0,30.485281374238568,16.027960834174365,0.5257606330548326,14,2,1.0000000000000002
10,17,4,5,34.0,30.485281374238568,21.31107986171843,0.6990612814132412,14,2,1.0000000000000002
10,17,4,6,34.0,28.14213562373095,20.020552905615958,0.7114084436695542,12,2,1.0
10,17,4,7,34.0,29.31370849898476,19.85386599819095,0.6772894667653041,13,2,1.0
10,17,4,8,34.0,29.31370849898476,17.224040484411372,0.587576303592154,13,2,1.0
10,17,4,9,34.0,31.65685424949238,21.048627177541032,0.6648995194422563,15,2,1.0
10,17,5,0,34.0,29.31370849898476,20.164936864802726,0.687901254987956,13,2,1.0
10,17,5,1,34.0,30.485281374238568,20.640986324787445,0.6770803940235239,14,2,1.0000000000000002
10,17,5,2,34.0,31.65685424949238,19.30056307974577,0.6096803847797119,15,2,1.0
10,17,5,3,34.0,29.31370849898476,20.124700175073162,0.6865286313319979,13,2,1.0
10,17,5,4,34.0,29.31370849898476,21.52722817839719,0.7343740959675149,13,2,1.0
10,17,5,5,34.0,28.14213562373095,22.520760346538978,0.8002505796876436,12,2,1.0
10,17,5,6,34.0,30.485281374238568,19.916483578491757,0.6533147368395976,14,2,1.0000000000000002
10,17,5,7,34.0,30.485281374238568,23.092828289663654,0.7575074674947279,14,2,1.0000000000000002
10,17,5,8,34.0,28.14213562373095,20.87586818138703,0.7418011362216371,12,2,1.0
10,17,5,9,34.0,26.970562748477143,20.107931097534397,0.7455510396671188,11,2,1.0
1,18,0,0,36.0,32.48528137423857,21.191193013866823,0.6523321368141768,15,2,1.0
1,18,1,0,36.0,34.82842712474619,18.47213595499958,0.5303752560756558,17,2,1.0
1,18,2,0,36.0,33.65685424949238,17.861659503455854,0.530699018127199,16,2,1.0
1,18,3,0,36.0,36.0,22.0,0.6111111111111112,18,1,1.0
1,18,4,0,36.0,32.48528137423857,22.333872115271575,0.6875074239924162,15,2,1.0
1,18,5,0,36.0,31.31370849898476,23.819898403126594,0.7606859597578125,14,2,1.0
2,18,0,0,36.0,31.31370849898476,19.866874805816714,0.6344465653584541,14,2,1.0
2,18,0,1,36.0,33.65685424949238,22.745265082666243,0.6757989001009888,16,2,1.0
2,18,1,0,36.0,31.31370849898476,20.56826811998905,0.6568454873575867,14,2,1.0
2,18,1,1,36.0,32.48528137423857,22.293181118777028,0.6862548260534981,15,2,1.0
2,18,2,0,36.0,32.48528137423857,21.962312309139243,0.6760696346178415,15,2,1.0
2,18,2,1,36.0,32.48528137423857,20.344021128222373,0.626253499049436,15,2,1.0
2,18,3,0,36.0,33.65685424949238,22.958620771926988,0.6821380453960059,16,2,1.0
2,18,3,1,36.0,32.48528137423857,23.42958022397532,0.7212367950291302,15,2,1.0
2,18,4,0,36.0,32.48528137423857,20.09698614624535,0.6186489787397265,15,2,1.0
2,18,4,1,36.0,30.14213562373095,22.00909396354926,0.7301769933720778,13,2,1.0
2,18,5,0,36.0,31.31370849898476,19.01225549180895,0.6071543871089353,14,2,1.0
2,18,5,1,36.0,31.31370849898476,21.48146048131017,0.6860081897360267,14,2,1.0
3,18,0,0,36.0,32.48528137423857,20.205254366331253,0.6219818179673948,15,2,1.0
3,18,0,1,36.0,31.31370849898476,20.160175602159086,0.6438130955588576,14,2,1.0
3,18,0,2,36.0,30.14213562373095,19.04744664306006,0.6319209388754782,13,2,1.0
3,18,1,0,36.0,30.14213562373095,19.77727855336017,0.6561339514971025,13,2,1.0
3,18,1,1,36.0,30.14213562373095,19.85839543273874,0.6588250972205232,13,2,1.0
3,18,1,2,36.0,32.48528137423857,23.11790118103076,0.7116423254798613,15,2,1.0
3,18,2,0,36.0,31.31370849898476,20.30154989352382,0.648327868741003,14,2,1.0
3,18,2,1,36.0,32.48528137423857,21.405955156957553,0.6589431967775066,15,2,1.0
3,18,2,2,36.0,31.31370849898476,22.109820107862696,0.706074788573175,14,2,1.0
3,18,3,0,36.0,31.31370849898476,20.759632006183367,0.662956673012921,14,2,1.0
3,18,3,1,36.0,32.48528137423857,19.967790460868745,0.6146719257510749,15,2,1.0
3,18,3,2,36.0,32.48528137423857,20.035953708501907,0.6167702067186277,15,2,1.0
3,18,4,0,36.0,32.48528137423857,20.112158708367076,0.6191160383273266,15,2,1.0
3,18,4,1,36.0,32.48528137423857,19.393858591446026,0.5970044823692282,15,2,1.0
3,18,4,2,36.0,28.970562748477143,20.646360781892913,0.7126668874590019,12,2,1.0
3,18,5,0,36.0,28.970562748477143,20.23739398076208,0.6985502544932742,12,2,1.0
3,18,5,1,36.0,30.14213562373095,21.429531054853108,0.7109493276243374,13,2,1.0
3,18,5,2,36.0,28.970562748477143,22.123022315774087,0.7636379903230219,12,2,1.0404401145198807
4,18,0,0,36.0,32.48528137423857,20.142313526890817,0.620044299288848,15,2,1.0
4,18,0,1,36.0,31.31370849898476,20.613216556506494,0.6582809109682684,14,2,1.0
4,18,0,2,36.0,31.31370849898476,19.888642132881532,0.6351417026675826,14,2,1.0
4,18,0,3,36.0,31.31370849898476,21.703749723422106,0.693106973392365,14,2,1.0
4,18,1,0,36.0,32.48528137423857,21.877054302287238,0.6734451227390675,15,2,1.0
4,18,1,1,36.0,30.14213562373095,20.514930067881046,0.6806063884779819,13,2,1.0
4,18,1,2,36.0,32.48528137423857,21.53821857373236,0.6630146842690601,15,2,1.0
4,18,1,3,36.0,32.48528137423857,19.686803390857044,0.6060222524798276,15,2,1.0
4,18,2,0,36.0,31.31370849898476,18.771110587726582,0.599453449863186,14,2,1.0
4,18,2,1,36.0,30.14213562373095,20.169515061828648,0.6691468485713121,13,2,1.0
4,18,2,2,36.0,31.31370849898476,20.37439757042244,0.6506542516700955,14,2,1.0
4,18,2,3,36.0,30.14213562373095,23.156927259194628,0.7682576824769889,13,2,1.0
4,18,3,0,36.0,31.31370849898476,20.874489271415662,0.6666246277438664,14,2,1.0
4,18,3,1,36.0,32.48528137423857,21.221693101423618,0.6532710262516862,15,2,1.0
4,18,3,2,36.0,31.31370849898476,21.217477547328933,0.6775779223983271,14,2,1.0
4,18,3,3,36.0,31.31370849898476,23.25367265778935,0.7426035999071549,14,2,1.0
4,18,4,0,36.0,30.14213562373095,19.72634788295808,0.654444267957825,13,2,1.0
4,18,4,1,36.0,31.31370849898476,20.866680101032166,0.6663752427058807,14,2,1.0
4,18,4,2,36.0,31.31370849898476,21.91632363411825,0.6998954989578705,14,2,1.0
4,18,4,3,36.0,30.14213562373095,21.24286389995696,0.7047564301725329,13,2,1.0
4,18,5,0,36.0,32.48528137423857,17.684719420174574,0.5443917574991018,15,2,1.0
4,18,5,1,36.0,33.65685424949238,19.13274396514469,0.5684650093356022,16,2,1.0
4,18,5,2,36.0,32.48528137423857,18.49499105518526,0.5693344885062972,15,2,1.0
4,18,5,3,36.0,31.31370849898476,20.591952678506786,0.6576018512522849,14,2,1.0
5,18,0,0,36.0,32.48528137423857,20.02437948043341,0.6164139152666572,15,2,1.0
5,18,0,1,36.0,32.48528137423857,18.59387413385045,0.5723784233125263,15,2,1.0
5,18,0,2,36.0,32.48528137423857,21.37107895550559,0.657869596673811,15,2,1.0
5,18,0,3,36.0,31.31370849898476,20.177731023726494,0.6443737261072315,14,2,1.0
5,18,0,4,36.0,31.31370849898476,20.487003100205467,0.6542502974653956,14,2,1.0
5,18,1,0,36.0,31.31370849898476,23.218705156650586,0.741486916422032,14,2,1.0
5,18,1,1,36.0,33.65685424949238,21.304460632375672,0.632990251389789,16,2,1.0
5,18,1,2,36.0,32.48528137423857,22.25564469253827,0.6850993357929603,15,2,1.0
5,18,1,3,36.0,31.31370849898476,21.236686419727242,0.6781913557257445,14,2,1.0
5,18,1,4,36.0,32.48528137423857,21.32629293388613,0.656490940872634,15,2,1.0
5,18,2,0,36.0,31.31370849898476,18.984502301580655,0.606268091886854,14,2,1.0
5,18,2,1,36.0,32.48528137423857,21.186749684515583,0.6521953570430536,15,2,1.0
5,18,2,2,36.0,33.65685424949238,19.53692122444066,0.5804737745131163,16,2,1.0
5,18,2,3,36.0,30.14213562373095,21.97414946243699,0.7290176693763102,13,2,1.0
5,18,2,4,36.0,33.65685424949238,22.95862077192701,0.6821380453960065,16,2,1.0
5,18,3,0,36.0,33.65685424949238,20.796691275336322,0.6179035961345074,16,2,1.0
5,18,3,1,36.0,31.31370849898476,21.24519901865973,0.6784632046807402,14,2,1.0
5,18,3,2,36.0,32.48528137423857,20.157744880433,0.6205193252972242,15,2,1.0
5,18,3,3,36.0,32.48528137423857,21.210497687606132,0.6529263959039139,15,2,1.0
5,18,3,4,36.0,33.65685424949238,20.790052866820538,0.6177063581969814,16,2,1.0
5,18,4,0,36.0,31.31370849898476,21.801139655422258,0.6962171106666937,14,2,1.0
5,18,4,1,36.0,30.14213562373095,20.560230873175154,0.6821092947703431,13,2,1.0
5,18,4,2,36.0,30.14213562373095,21.780887559002252,0.7226059835605718,13,2,1.0
5,18,4,3,36.0,31.31370849898476,22.78419358421553,0.7276108348825636,14,2,1.0
5,18,4,4,36.0,33.65685424949238,23.54061465347499,0.6994300322594775,16,2,1.0
5,18,5,0,36.0,30.14213562373095,21.251522044489636,0.7050436740706016,13,2,1.0
5,18,5,1,36.0,28.970562748477143,23.444522146184127,0.8092532530254872,12,2,1.0
5,18,5,2,36.0,30.14213562373095,19.620238146654042,0.6509239554747076,13,2,1.0
5,18,5,3,36.0,31.31370849898476,23.103152319540676,0.737796748676054,14,2,1.0000000000000002
5,18,5,4,36.0,32.48528137423857,20.16617457330053,0.6207788179816316,15,2,1.0
6,18,0,0,36.0,28.970562748477143,20.035291572832826,0.6915741246305612,12,2,1.0
6,18,0,1,36.0,31.31370849898476,20.112279820217704,0.6422835487808727,14,2,1.0
6,18,0,2,36.0,32.48528137423857,19.109554012426333,0.5882526856479859,15,2,1.0
6,18,0,3,36.0,31.31370849898476,22.404025039166793,0.7154701922288498,14,2,1.0
6,18,0,4,36.0,30.14213562373095,21.08667654918724,0.6995747352614811,13,2,1.0
6,18,0,5,36.0,30.14213562373095,21.037526440468703,0.6979441239029468,13,2,1.0
6,18,1,0,36.0,28.970562748477143,21.510128352444724,0.7424822409973869,12,2,1.0
6,18,1,1,36.0,32.48528137423857,21.280873888799658,0.6550927986012701,15,2,1.0
6,18,1,2,36.0,31.31370849898476,21.99203885902034,0.7023134567320047,14,2,1.0
6,18,1,3,36.0,31.31370849898476,23.599673537632455,0.7536531017524671,14,2,1.0
6,18,1,4,36.0,32.48528137423857,23.258602472721215,0.7159735575252156,15,2,1.0
6,18,1,5,36.0,32.48528137423857,24.130935836992542,0.7428267454111949,15,2,1.0
6,18,2,0,36.0,34.82842712474619,19.23606797749979,0.5523094083060741,17,2,1.0
6,18,2,1,36.0,31.31370849898476,20.926755448320126,0.6682937426270863,14,2,1.0
6,18,2,2,36.0,28.970562748477143,21.204549843060164,0.7319343440843169,12,2,1.0
6,18,2,3,36.0,28.970562748477143,21.353543020782652,0.737077260327127,12,2,1.0
6,18,2,4,36.0,32.48528137423857,21.259430140427426,0.6544326920094511,15,2,1.0
6,18,2,5,36.0,33.65685424949238,22.831309558117045,0.678355421718041,16,2,1.0
6,18,3,0,36.0,31.31370849898476,20.824559993421957,0.6650301414825115,14,2,1.0
6,18,3,1,36.0,32.48528137423857,19.93623757013731,0.6137006276924883,15,2,1.0
6,18,3,2,36.0,32.48528137423857,23.237409499074573,0.7153211705748768,15,2,1.0
6,18,3,3,36.0,31.31370849898476,21.51215604820039,0.686988449448517,14,2,1.0
6,18,3,4,36.0,32.48528137423857,22.195061282105478,0.6832343862567425,15,2,1.0
6,18,3,5,36.0,31.31370849898476,21.952162634060656,0.7010400136659757,14,2,1.0
6,18,4,0,36.0,30.14213562373095,20.00084710539935,0.6635510952200963,13,2,1.0
6,18,4,1,36.0,30.14213562373095,19.940993185712138,0.6615653726278294,13,2,1.0
6,18,4,2,36.0,33.65685424949238,21.283731583620884,0.6323743575631965,16,2,1.0
6,18,4,3,36.0,31.31370849898476,20.10408026967272,0.6420216969933321,14,2,1.0
6,18,4,4,36.0,32.48528137423857,22.135681655011787,0.6814064929899544,15,2,1.0
6,18,4,5,36.0,30.14213562373095,18.205218794457267,0.603979061792963,13,2,1.0388682769488777
6,18,5,0,36.0,30.14213562373095,19.753668905718037,0.655350674295485,13,2,1.0
6,18,5,1,36.0,33.65685424949238,21.13387164809194,0.6279217746088283,16,2,1.0
6,18,5,2,36.0,32.48528137423857,21.155864878453794,0.6512446247496809,15,2,1.0
6,18,5,3,36.0,30.14213562373095,20.644157454352026,0.6848936555808889,13,2,1.0
6,18,5,4,36.0,30.14213562373095,22.263852520022624,0.7386289013474632,13,2,1.0388682769488777
6,18,5,5,36.0,33.65685424949238,19.019576715038497,0.565102625873758,16,2,1.0
7,18,0,0,36.0,31.31370849898476,22.161913788538318,0.7077383948074002,14,2,1.0
7,18,0,1,36.0,28.970562748477143,19.441131857558503,0.6710650402736978,12,2,1.0
7,18,0,2,36.0,31.31370849898476,18.81750706221827,0.6009351164148559,14,2,1.0
7,18,0,3,36.0,31.31370849898476,21.9274182207527,0.7002498034195989,14,2,1.0
7,18,0,4,36.0,33.65685424949238,21.46636202629051,0.6378006057002273,16,2,1.0
7,18,0,5,36.0,31.31370849898476,21.149335899782784,0.6754018260235283,14,2,1.0
7,18,0,6,36.0,31.31370849898476,19.256354866410103,0.6149496750611453,14,2,1.0
7,18,1,0,36.0,31.31370849898476,21.576169508797946,0.6890327126056461,14,2,1.0
7,18,1,1,36.0,33.65685424949238,21.49747156015802,0.6387249206595784,16,2,1.0
7,18,1,2,36.0,31.31370849898476,20.54274398321715,0.6560303767240849,14,2,1.0
7,18,1,3,36.0,30.14213562373095,19.449338434024074,0.6452541610459606,13,2,1.0388682769488777
7,18,1,4,36.0,30.14213562373095,23.98091982698105,0.7955945831555755,13,2,1.0388682769488777
7,18,1,5,36.0,28.970562748477143,20.051077743124075,0.6921190284499418,12,2,1.0
7,18,1,6,36.0,31.31370849898476,23.46724663491375,0.749424062489264,14,2,1.0
7,18,2,0,36.0,30.14213562373095,20.44354656424337,0.6782381586840228,13,2,1.0388682769488777
7,18,2,1,36.0,32.48528137423857,19.403641862499562,0.5973056424835836,15,2,1.0
7,18,2,2,36.0,32.48528137423857,22.372970635007846,0.688711000445575,15,2,1.0
7,18,2,3,36.0,32.48528137423857,22.801890281849104,0.7019145076555017,15,2,1.0
7,18,2,4,36.0,33.65685424949238,19.565822304349325,0.5813324727055981,16,2,1.0
7,18,2,5,36.0,32.48528137423857,20.17520646516745,0.621056848261341,15,2,1.0
7,18,2,6,36.0,33.65685424949238,21.40491834728768,0.635975013844632,16,2,1.0
7,18,3,0,36.0,31.31370849898476,19.05720485081375,0.608589840179154,14,2,1.0
7,18,3,1,36.0,34.82842712474619,18.32455532033676,0.5261378946199052,17,2,1.0
7,18,3,2,36.0,32.48528137423857,19.834673302312787,0.6105741573795341,15,2,1.0
7,18,3,3,36.0,31.31370849898476,20.616774263282217,0.6583945259613899,14,2,1.0374140570188866
7,18,3,4,36.0,33.65685424949238,20.718347206234892,0.6155758661416603,16,2,1.0
7,18,3,5,36.0,33.65685424949238,17.68560892543342,0.5254682684939326,16,2,1.0
7,18,3,6,36.0,32.48528137423857,21.928492932370236,0.6750285669300048,15,2,1.0
7,18,4,0,36.0,32.48528137423857,21.41773826345225,0.6593059181699721,15,2,1.0
7,18,4,1,36.0,31.31370849898476,20.235880682200285,0.6462307293579221,14,2,1.0
7,18,4,2,36.0,32.48528137423857,21.535083782677077,0.6629181854572083,15,2,1.0
7,18,4,3,36.0,31.31370849898476,21.970349813987525,0.7016208193513661,14,2,1.0
7,18,4,4,36.0,31.31370849898476,19.696322401943277,0.6289999922104998,14,2,1.0
7,18,4,5,36.0,33.65685424949238,19.30446063237569,0.5735669914150352,16,2,1.0
7,18,4,6,36.0,32.48528137423857,19.97683914405229,0.61495047292077,15,2,1.0
7,18,5,0,36.0,31.31370849898476,19.851879141721277,0.6339676803967472,14,2,1.0
7,18,5,1,36.0,32.48528137423857,19.940916459480405,0.6138446587473281,15,2,1.0
7,18,5,2,36.0,33.65685424949238,22.576491222541463,0.67078435361742,16,2,1.0
7,18,5,3,36.0,30.14213562373095,18.186124879681703,0.603345599220373,13,2,1.0
7,18,5,4,36.0,30.14213562373095,21.39065764841387,0.7096596576777716,13,2,1.0
7,18,5,5,36.0,33.65685424949238,20.745265082666258,0.6163756401262349,16,2,1.0
7,18,5,6,36.0,30.14213562373095,21.916401789303627,0.7271018239347583,13,2,1.0
8,18,0,0,36.0,32.48528137423857,20.294789151036728,0.6247379826339098,15,2,1.0
8,18,0,1,36.0,33.65685424949238,19.812559200041257,0.5886634280546309,16,2,1.0
8,18,0,2,36.0,32.48528137423857,19.643973070266437,0.6047037993595609,15,2,1.0
8,18,0,3,36.0,30.14213562373095,20.86615298847569,0.6922586126262312,13,2,1.0
8,18,0,4,36.0,32.48528137423857,21.434337102081184,0.659816883072437,15,2,1.0
8,18,0,5,36.0,31.31370849898476,21.37838150439056,0.6827163734082689,14,2,1.0
8,18,0,6,36.0,28.970562748477143,20.605759350773425,0.7112654155072146,12,2,1.0
8,18,0,7,36.0,31.31370849898476,19.535034451912153,0.6238492784253105,14,2,1.0
8,18,1,0,36.0,33.65685424949238,20.472135954999573,0.6082605285462273,16,2,1.0
8,18,1,1,36.0,32.48528137423857,22.154405453498498,0.6819828708969519,15,2,1.0
8,18,1,2,36.0,31.31370849898476,23.794885438232253,0.7598871733446622,14,2,1.0
8,18,1,3,36.0,32.48528137423857,21.81379615571165,0.6714978363404417,15,2,1.0
8,18,1,4,36.0,33.65685424949238,21.300563079745768,0.632874448748193,16,2,1.0
8,18,1,5,36.0,31.31370849898476,22.897837217431324,0.7312400324022211,14,2,1.0
8,18,1,6,36.0,32.48528137423857,19.55347102115247,0.6019178592265091,15,2,1.0
8,18,1,7,36.0,30.14213562373095,20.969886859744143,0.6957001030555552,13,2,1.0
8,18,2,0,36.0,32.48528137423857,18.394797034327382,0.5662501987412305,15,2,1.0
8,18,2,1,36.0,32.48528137423857,22.044782528550858,0.6786083295566828,15,2,1.0
8,18,2,2,36.0,32.48528137423857,23.845769823433272,0.7340484310024604,15,2,1.0360647291847962
8,18,2,3,36.0,31.31370849898476,18.50194599403404,0.5908577067655177,14,2,1.0000000000000002
8,18,2,4,36.0,31.31370849898476,20.49101044712372,0.6543782716693576,14,2,1.0
8,18,2,5,36.0,31.31370849898476,23.83356228956813,0.7611223145396799,14,2,1.0
8,18,2,6,36.0,30.14213562373095,22.65938624489799,0.7517511873663729,13,2,1.0
8,18,2,7,36.0,31.31370849898476,20.65043889679833,0.6594696025054921,14,2,1.0
8,18,3,0,36.0,32.48528137423857,18.42748608822454,0.5672564715058273,15,2,1.0
8,18,3,1,36.0,32.48528137423857,20.124402988761492,0.6194929561152122,15,2,1.0
8,18,3,2,36.0,34.82842712474619,20.82842712474619,0.5980295076244554,17,2,1.0
8,18,3,3,36.0,31.31370849898476,23.8865068742981,0.7628130943057267,14,2,1.0
8,18,3,4,36.0,34.82842712474619,22.576491222541478,0.6482202352026541,17,2,1.0
8,18,3,5,36.0,31.31370849898476,20.30154989352384,0.6483278687410037,14,2,1.0
8,18,3,6,36.0,31.31370849898476,20.68941534529162,0.6607143113043416,14,2,1.0
8,18,3,7,36.0,30.14213562373095,22.217386245469655,0.7370873292726435,13,2,1.0
8,18,4,0,36.0,28.970562748477143,20.12706562289059,0.6947419626478807,12,2,1.0404401145198807
8,18,4,1,36.0,28.970562748477143,20.331782041706827,0.701808322407392,12,2,1.0
8,18,4,2,36.0,31.31370849898476,22.492281495180137,0.7182886529045058,14,2,1.0
8,18,4,3,36.0,32.48528137423857,21.488346971899475,0.6614794781780814,15,2,1.0
8,18,4,4,36.0,31.31370849898476,22.496643766465304,0.7184279615809377,14,2,1.0
8,18,4,5,36.0,31.31370849898476,19.724507114659446,0.6299000680580182,14,2,1.0
8,18,4,6,36.0,30.14213562373095,19.877747054892385,0.6594671095316353,13,2,1.0
8,18,4,7,36.0,31.31370849898476,22.728240178163947,0.7258239687228625,14,2,1.0
8,18,5,0,36.0,31.31370849898476,21.508128959417817,0.6868598447901866,14,2,1.0
8,18,5,1,36.0,32.48528137423857,19.898430486427607,0.6125368057365029,15,2,1.0
8,18,5,2,36.0,32.48528137423857,23.322327703033885,0.7179352222428008,15,2,1.0
8,18,5,3,36.0,31.31370849898476,19.764091950405053,0.6311642056400262,14,2,1.0000000000000002
8,18,5,4,36.0,31.31370849898476,20.746606352425673,0.6625407001249408,14,2,1.0
8,18,5,5,36.0,31.31370849898476,21.90792377628404,0.6996272503780359,14,2,1.0000000000000002
8,18,5,6,36.0,32.48528137423857,22.192876745924863,0.6831671393040242,15,2,1.0
8,18,5,7,36.0,32.48528137423857,22.923115106624852,0.7056461922722734,15,2,1.0
9,18,0,0,36.0,31.31370849898476,18.98891843673503,0.6064091207003055,14,2,1.0
9,18,0,1,36.0,33.65685424949238,19.139363336122592,0.5686616816368468,16,2,1.0
9,18,0,2,36.0,30.14213562373095,21.261331927170545,0.7053691282057488,13,2,1.0
9,18,0,3,36.0,31.31370849898476,21.76878925198151,0.6951840039223488,14,2,1.0
9,18,0,4,36.0,32.48528137423857,18.855694558097433,0.5804380864329022,15,2,1.0
9,18,0,5,36.0,33.65685424949238,24.935664825658925,0.7408792467892333,16,2,1.0
9,18,0,6,36.0,30.14213562373095,21.17202961291242,0.7024064212704175,13,2,1.0
9,18,0,7,36.0,31.31370849898476,21.98509598881016,0.7020917368992865,14,2,1.0
9,18,0,8,36.0,31.31370849898476,23.622641203702305,0.7543865717619549,14,2,1.0
9,18,1,0,36.0,31.31370849898476,21.244736978284095,0.6784484494697549,14,2,1.0
9,18,1,1,36.0,30.14213562373095,21.89624164590328,0.7264329880018301,13,2,1.0
9,18,1,2,36.0,32.48528137423857,20.487957268928906,0.6306843100080468,15,2,1.0
9,18,1,3,36.0,31.31370849898476,20.651875291657227,0.6595154736248118,14,2,1.0
9,18,1,4,36.0,33.65685424949238,20.79669127533635,0.6179035961345083,16,2,1.0
9,18,1,5,36.0,33.65685424949238,18.969297242853543,0.563608740800238,16,2,1.0
9,18,1,6,36.0,33.65685424949238,19.28373158362089,0.5729510975884423,16,2,1.0
9,18,1,7,36.0,31.31370849898476,22.909204013152127,0.7316030298326013,14,2,1.0
9,18,1,8,36.0,31.31370849898476,20.427908586858138,0.6523631203733165,14,2,1.0
9,18,2,0,36.0,33.65685424949238,22.71206080280785,0.674812346823839,16,2,1.0
9,18,2,1,36.0,28.970562748477143,23.766575741792153,0.8203698336181425,12,2,1.0
9,18,2,2,36.0,31.31370849898476,20.848764043149636,0.6658030952745692,14,2,1.0
9,18,2,3,36.0,31.31370849898476,21.830614193119608,0.6971583769398438,14,2,1.0
9,18,2,4,36.0,30.14213562373095,19.114647319260367,0.6341503985607236,13,2,1.0
9,18,2,5,36.0,32.48528137423857,17.56489420557904,0.5407031573230678,15,2,1.0
9,18,2,6,36.0,32.48528137423857,20.130294992751416,0.6196743306867311,15,2,1.0
9,18,2,7,36.0,32.48528137423857,21.51891760955796,0.662420539371497,15,2,1.0
9,18,2,8,36.0,31.31370849898476,20.768239833985007,0.6632315630918755,14,2,1.0
9,18,3,0,36.0,30.14213562373095,21.56737805883717,0.7155225604471482,13,2,1.0
9,18,3,1,36.0,32.48528137423857,20.40646839547314,0.6281758240104348,15,2,1.0
9,18,3,2,36.0,32.48528137423857,21.610356095004455,0.6652353059851244,15,2,1.0
9,18,3,3,36.0,31.31370849898476,21.024698807350276,0.6714215535356322,14,2,1.0
9,18,3,4,36.0,31.31370849898476,19.948992545431913,0.6370689867691236,14,2,1.0
9,18,3,5,36.0,32.48528137423857,20.43989809871404,0.6292048963110801,15,2,1.0
9,18,3,6,36.0,31.31370849898476,20.12728175099243,0.6427626338683261,14,2,1.0
9,18,3,7,36.0,34.82842712474619,24.576491222541478,0.7056445912563034,17,2,1.0
9,18,3,8,36.0,30.14213562373095,20.042270305894412,0.6649253575156466,13,2,1.0
9,18,4,0,36.0,32.48528137423857,23.139180377444177,0.7122973666404496,15,2,1.0
9,18,4,1,36.0,31.31370849898476,20.923338993843913,0.6681846385113498,14,2,1.0
9,18,4,2,36.0,31.31370849898476,19.275098349822294,0.6155482462400524,14,2,1.0
9,18,4,3,36.0,30.14213562373095,20.9482535519301,0.6949823931996878,13,2,1.0
9,18,4,4,36.0,32.48528137423857,22.369041778221153,0.688590057771832,15,2,1.0
9,18,4,5,36.0,33.65685424949238,18.097834679044617,0.5377161675564962,16,2,1.0
9,18,4,6,36.0,33.65685424949238,22.018832738761606,0.6542154110880312,16,2,1.0
9,18,4,7,36.0,30.14213562373095,21.755348359149977,0.7217586912462154,13,2,1.0
9,18,4,8,36.0,32.48528137423857,19.955674271324042,0.614298951005832,15,2,1.0
9,18,5,0,36.0,31.31370849898476,23.541079574393134,0.7517819096756417,14,2,1.0
9,18,5,1,36.0,31.31370849898476,21.883300106081244,0.6988408960500714,14,2,1.0
9,18,5,2,36.0,33.65685424949238,22.656991753840842,0.6731761556171744,16,2,1.0
9,18,5,3,36.0,30.14213562373095,19.551596095934006,0.6486466765328003,13,2,1.0
9,18,5,4,36.0,32.48528137423857,21.381730043191354,0.6581974709367137,15,2,1.0
9,18,5,5,36.0,30.14213562373095,21.231506363206652,0.7043796308344872,13,2,1.0
9,18,5,6,36.0,32.48528137423857,21.818550609579276,0.6716441935110278,15,2,1.0
9,18,5,7,36.0,32.48528137423857,18.213745908426915,0.5606768708142006,15,2,1.0
9,18,5,8,36.0,32.48528137423857,20.958272054043185,0.6451620908742839,15,2,1.0
10,18,0,0,36.0,32.48528137423857,18.489546509432188,0.569166888118591,15,2,1.0
10,18,0,1,36.0,32.48528137423857,23.204889655906932,0.7143201066532501,15,2,1.0
10,18,0,2,36.0,31.31370849898476,19.490639946143812,0.622431544535063,14,2,1.0
10,18,0,3,36.0,33.65685424949238,20.064495102245985,0.5961488543614738,16,2,1.0
10,18,0,4,36.0,30.14213562373095,22.76830106386364,0.7553645616914456,13,2,1.0
10,18,0,5,36.0,32.48528137423857,23.713755302369087,0.7299846053103464,15,2,1.0
10,18,0,6,36.0,31.31370849898476,22.314755787825696,0.7126193880405183,14,2,1.0
10,18,0,7,36.0,30.14213562373095,20.977690197479532,0.6959589877554583,13,2,1.0
10,18,0,8,36.0,32.48528137423857,22.808714551051086,0.7021245803072779,15,2,1.0
10,18,0,9,36.0,31.31370849898476,20.26066735421979,0.6470222891318246,14,2,1.0
10,18,1,0,36.0,30.14213562373095,21.57303335496849,0.7157101813974989,13,2,1.0
10,18,1,1,36.0,28.970562748477143,21.665750648818747,0.7478539798112007,12,2,1.0
10,18,1,2,36.0,31.31370849898476,19.805350959096877,0.6324818077596589,14,2,1.0
10,18,1,3,36.0,30.14213562373095,19.2080592095663,0.6372494454057119,13,2,1.0
10,18,1,4,36.0,32.48528137423857,23.478575594848113,0.7227450279518607,15,2,1.0
10,18,1,5,36.0,31.31370849898476,20.338005484204672,0.6494920742097366,14,2,1.0
10,18,1,6,36.0,28.970562748477143,22.589568811067316,0.7797421474753629,12,2,1.0
10,18,1,7,36.0,33.65685424949238,21.70820393249936,0.6449861229329465,16,2,1.0
10,18,1,8,36.0,31.31370849898476,22.311864541767047,0.7125270564005676,14,2,1.0
10,18,1,9,36.0,31.31370849898476,20.303308298659402,0.6483840232247697,14,2,1.0
10,18,2,0,36.0,30.14213562373095,19.816464408801473,0.6574339872984958,13,2,1.0
10,18,2,1,36.0,32.48528137423857,21.216167103571284,0.6531009185100086,15,2,1.0
10,18,2,2,36.0,34.82842712474619,22.472135954999573,0.6452239681829541,17,2,1.0
10,18,2,3,36.0,31.31370849898476,22.55849631539075,0.720403216250229,14,2,1.0
10,18,2,4,36.0,30.14213562373095,23.928738394771457,0.7938634041554881,13,2,1.0
10,18,2,5,36.0,31.31370849898476,21.816125712760407,0.6966956888376131,14,2,1.0
10,18,2,6,36.0,31.31370849898476,21.770199742416345,0.6952290477866002,14,2,1.0
10,18,2,7,36.0,33.65685424949238,20.85784587953971,0.619720599106623,16,2,1.0
10,18,2,8,36.0,31.31370849898476,21.781793750610575,0.6955993012235129,14,2,1.0
10,18,2,9,36.0,31.31370849898476,23.810960875430993,0.7604005407472891,14,2,1.0
10,18,3,0,36.0,30.14213562373095,22.92804905045248,0.7606643847890191,13,2,1.0
10,18,3,1,36.0,28.970562748477143,21.21723618973727,0.732372248821869,12,2,1.0
10,18,3,2,36.0,31.31370849898476,23.335383780523635,0.7452130360503357,14,2,1.0
10,18,3,3,36.0,32.48528137423857,23.848579554308863,0.7341349234309305,15,2,1.0
10,18,3,4,36.0,31.31370849898476,22.392026293278633,0.7150870135360882,14,2,1.0374140570188866
10,18,3,5,36.0,30.14213562373095,21.710688818894695,0.7202770596587004,13,2,1.0388682769488777
10,18,3,6,36.0,31.31370849898476,22.413454575600888,0.7157713234868865,14,2,1.0
10,18,3,7,36.0,30.14213562373095,21.397688805415996,0.7098929243941681,13,2,1.0
10,18,3,8,36.0,32.48528137423857,21.71287135706254,0.6683910509170239,15,2,1.0
10,18,3,9,36.0,32.48528137423857,19.97465242489894,0.6148831587692268,15,2,1.0
10,18,4,0,36.0,32.48528137423857,21.955921781240427,0.6758729138991507,15,2,1.0
10,18,4,1,36.0,33.65685424949238,24.822702473776793,0.7375229511876076,16,2,1.0
10,18,4,2,36.0,32.48528137423857,18.48613230816219,0.5690617881740756,15,2,1.0
10,18,4,3,36.0,32.48528137423857,19.92556893896935,0.6133722133855579,15,2,1.0
10,18,4,4,36.0,32.48528137423857,23.321756305207728,0.7179176328053084,15,2,1.0
10,18,4,5,36.0,32.48528137423857,20.600421618834467,0.6341463194211697,15,2,1.0
10,18,4,6,36.0,32.48528137423857,21.409617811201095,0.6590559448926098,15,2,1.0
10,18,4,7,36.0,31.31370849898476,22.246443829501153,0.7104378528088559,14,2,1.0
10,18,4,8,36.0,27.798989873223334,18.988568299983456,0.6830668447515681,11,2,1.0
10,18,4,9,36.0,33.65685424949238,23.911189655044478,0.7104404195886819,16,2,1.0
10,18,5,0,36.0,32.48528137423857,21.181799649483956,0.6520429792638803,15,2,1.0
10,18,5,1,36.0,32.48528137423857,21.228144052595987,0.6534696069903922,15,2,1.0
10,18,5,2,36.0,33.65685424949238,20.745265082666258,0.6163756401262349,16,2,1.0
10,18,5,3,36.0,32.48528137423857,19.64961321048695,0.6048774207653765,15,2,1.0
10,18,5,4,36.0,30.14213562373095,19.83332235243708,0.6579932689580984,13,2,1.0
10,18,5,5,36.0,33.65685424949238,21.152982445082944,0.6284895875377888,16,2,1.0
10,18,5,6,36.0,28.970562748477143,22.198820392311454,0.7662543729316529,12,2,1.0404401145198807
10,18,5,7,36.0,32.48528137423857,21.067381940449586,0.6485208392609587,15,2,1.0
10,18,5,8,36.0,33.65685424949238,19.383103844826213,0.5759036094443839,16,2,1.0
10,18,5,9,36.0,33.65685424949238,21.69959684815914,0.6447303924277598,16,2,1.0
1,19,0,0,38.0,32.14213562373095,23.099293710764783,0.7186608251914126,14,2,1.0
1,19,1,0,38.0,32.14213562373095,23.22589453691961,0.722599605975517,14,2,1.0
1,19,2,0,38.0,34.48528137423857,22.173123793246123,0.6429735501537779,16,2,1.0
1,19,3,0,38.0,35.65685424949238,19.211102550927983,0.5387772689230284,17,2,1.0
1,19,4,0,38.0,33.31370849898476,21.20720602183669,0.6365909704253726,15,2,1.0
1,19,5,0,38.0,36.82842712474619,20.82842712474619,0.5655529912856612,18,2,1.0
2,19,0,0,38.0,33.31370849898476,20.418116298041028,0.6129043333216196,15,2,1.0
2,19,0,1,38.0,32.14213562373095,20.89130545363286,0.6499663151881091,14,2,1.0
2,19,1,0,38.0,34.48528137423857,20.611347842672764,0.5976853608644178,16,2,1.0
2,19,1,1,38.0,34.48528137423857,22.207059866087192,0.6439576242714512,16,2,1.0
2,19,2,0,38.0,32.14213562373095,22.04635813719714,0.685902094225501,14,2,1.0
2,19,2,1,38.0,33.31370849898476,21.938879845698036,0.6585541158339254,15,2,1.0
2,19,3,0,38.0,34.48528137423857,21.68006707832713,0.6286759514313467,16,2,1.0
2,19,3,1,38.0,36.82842712474619,20.82842712474619,0.5655529912856612,18,2,1.0
2,19,4,0,38.0,34.48528137423857,21.69660343671134,0.6291554707429264,16,2,1.0
2,19,4,1,38.0,33.31370849898476,22.864944093647928,0.6863524093796024,15,2,1.0
2,19,5,0,38.0,33.31370849898476,22.430067573971623,0.6732984283228384,15,2,1.0
2,19,5,1,38.0,32.14213562373095,20.69825273181442,0.6439600956861322,14,2,1.0
3,19,0,0,38.0,33.31370849898476,21.769539413290246,0.6534709101496063,15,2,1.0
3,19,0,1,38.0,33.31370849898476,22.020477671133506,0.6610034926554209,15,2,1.0
3,19,0,2,38.0,32.14213562373095,21.78127990539609,0.6776550307788102,14,2,1.0
3,19,1,0,38.0,34.48528137423857,21.148278099415982,0.6132551992228868,16,2,1.0
3,19,1,1,38.0,32.14213562373095,20.617092170060026,0.6414350437510494,14,2,1.0
3,19,1,2,38.0,33.31370849898476,21.117411394083064,0.6338955446742478,15,2,1.0
3,19,2,0,38.0,33.31370849898476,22.335869802919067,0.6704708304570701,15,2,1.0
3,19,2,1,38.0,33.31370849898476,21.51596143945179,0.6458590895128801,15,2,1.0
3,19,2,2,38.0,32.14213562373095,21.614394497045282,0.6724629237481998,14,2,1.0
3,19,3,0,38.0,30.970562748477143,22.660981012088698,0.731694196070201,13,2,1.0
3,19,3,1,38.0,32.14213562373095,20.546133911617503,0.6392274039329243,14,2,1.0
3,19,3,2,38.0,33.31370849898476,23.70158689227295,0.7114664791221085,15,2,1.0
3,19,4,0,38.0,33.31370849898476,20.583170574413636,0.617858878576695,15,2,1.0
3,19,4,1,38.0,30.970562748477143,22.688355597541392,0.7325780865462964,13,2,1.0
3,19,4,2,38.0,34.48528137423857,20.721217202445615,0.6008713392121232,16,2,1.0
3,19,5,0,38.0,34.48528137423857,22.775273925465005,0.6604346265383453,16,2,1.0
3,19,5,1,38.0,33.31370849898476,21.207358307359744,0.636595541682369,15,2,1.0
3,19,5,2,38.0,34.48528137423857,21.326292933886183,0.6184172517675177,16,2,1.0
4,19,0,0,38.0,33.31370849898476,20.8904291413251,0.6270820656896167,15,2,1.0
4,19,0,1,38.0,34.48528137423857,23.467146219516998,0.6804974552722538,16,2,1.0
4,19,0,2,38.0,33.31370849898476,21.960776813204127,0.6592114118388647,15,2,1.0
4,19,0,3,38.0,33.31370849898476,20.254546149377624,0.6079943381264468,15,2,1.0
4,19,1,0,38.0,34.48528137423857,21.42693427748967,0.6213356372233682,16,2,1.0
4,19,1,1,38.0,34.48528137423857,21.51891760955796,0.6240029587125008,16,2,1.0
4,19,1,2,38.0,35.65685424949238,19.54061465347499,0.5480184683917587,17,2,1.0
4,19,1,3,38.0,32.14213562373095,23.206500630506635,0.7219962264540063,14,2,1.0
4,19,2,0,38.0,34.48528137423857,25.36618320904136,0.7355654991984661,16,2,1.0
4,19,2,1,38.0,32.14213562373095,20.835317078008686,0.6482244155122568,14,2,1.0
4,19,2,2,38.0,34.48528137423857,23.27132965856476,0.67481919042566,16,2,1.0
4,19,2,3,38.0,32.14213562373095,21.862306321375975,0.680175909196113,14,2,1.0
4,19,3,0,38.0,32.14213562373095,23.22052161108015,0.722432444530417,14,2,1.0
4,19,3,1,38.0,34.48528137423857,21.582864147753554,0.6258572726588374,16,2,1.0
4,19,3,2,38.0,33.31370849898476,20.410645396026773,0.6126800742297661,15,2,1.0
4,19,3,3,38.0,35.65685424949238,23.85127470992545,0.6689113555289303,17,2,1.0
4,19,4,0,38.0,34.48528137423857,19.98165281358532,0.5794255409066243,16,2,1.0
4,19,4,1,38.0,33.31370849898476,22.50920183091513,0.6756738545515311,15,2,1.0
4,19,4,2,38.0,33.31370849898476,23.79930554256638,0.7143997655887415,15,2,1.0
4,19,4,3,38.0,35.65685424949238,19.90964108562069,0.558367851137741,17,2,1.0
4,19,5,0,38.0,32.14213562373095,20.421395189572358,0.6353465565771237,14,2,1.0
4,19,5,1,38.0,33.31370849898476,20.8470567427196,0.6257801272216487,15,2,1.0
4,19,5,2,38.0,32.14213562373095,22.519010507497477,0.7006071647234107,14,2,1.0
4,19,5,3,38.0,33.31370849898476,20.66217970070211,0.6202305486743331,15,2,1.0
5,19,0,0,38.0,33.31370849898476,21.312449267346125,0.6397501277288185,15,2,1.0
5,19,0,1,38.0,35.65685424949238,21.15298244508298,0.593237482394682,17,2,1.0
5,19,0,2,38.0,32.14213562373095,21.175104410857195,0.6587958142776096,14,2,1.0
5,19,0,3,38.0,34.48528137423857,21.633956109190095,0.6273388311498957,16,2,1.0
5,19,0,4,38.0,34.48528137423857,21.89316692055844,0.634855394768889,16,2,1.0
5,19,1,0,38.0,34.48528137423857,20.694838436023296,0.6001064109479152,16,2,1.0
5,19,1,1,38.0,33.31370849898476,20.191548325944453,0.606103290078311,15,2,1.0
5,19,1,2,38.0,32.14213562373095,22.95836921327526,0.7142764090736026,14,2,1.0
5,19,1,3,38.0,34.48528137423857,20.164197376780546,0.5847189459745497,16,2,1.0
5,19,1,4,38.0,33.31370849898476,22.140147521395722,0.664595703059311,15,2,1.0
5,19,2,0,38.0,33.31370849898476,20.7347442762374,0.6224087683564048,15,2,1.0
5,19,2,1,38.0,33.31370849898476,21.69660343671134,0.6512815418725462,15,2,1.0000000000000002
5,19,2,2,38.0,35.65685424949238,23.812559200041257,0.6678255752294878,17,2,1.0
5,19,2,3,38.0,33.31370849898476,21.354982812378815,0.6410268857647479,15,2,1.0
5,19,2,4,38.0,33.31370849898476,20.37713746507066,0.6116742441236063,15,2,1.0
5,19,3,0,38.0,34.48528137423857,22.248083816524847,0.6451472318026311,16,2,1.0
5,19,3,1,38.0,32.14213562373095,20.118071043891554,0.6259095935441864,14,2,1.0
5,19,3,2,38.0,33.31370849898476,20.417323103429318,0.6128805234653337,15,2,1.0
5,19,3,3,38.0,33.31370849898476,22.333827268102866,0.6704095183153653,15,2,1.0
5,19,3,4,38.0,35.65685424949238,21.757763848613664,0.6101986366036036,17,2,1.0
5,19,4,0,38.0,34.48528137423857,24.34474670259558,0.705946007469197,16,2,1.0
5,19,4,1,38.0,30.970562748477143,22.844959665390505,0.7376346323094765,13,2,1.037828595003861
5,19,4,2,38.0,35.65685424949238,22.868176311965136,0.6413402638369505,17,2,1.0
5,19,4,3,38.0,33.31370849898476,20.214600313092795,0.6067952570848976,15,2,1.0
5,19,4,4,38.0,34.48528137423857,24.075274661021407,0.6981318899432348,16,2,1.0
5,19,5,0,38.0,34.48528137423857,21.430708727309092,0.6214450882607097,16,2,1.0
5,19,5,1,38.0,32.14213562373095,21.358966880603113,0.6645161084079775,14,2,1.0
5,19,5,2,38.0,34.48528137423857,20.10424428946493,0.5829804336317042,16,2,1.0
5,19,5,3,38.0,32.14213562373095,20.619667959378823,0.641515181217612,14,2,1.0
5,19,5,4,38.0,33.31370849898476,22.524815608955016,0.6761425438312119,15,2,1.0
6,19,0,0,38.0,30.970562748477143,21.799361343535406,0.7038735950836833,13,2,1.0
6,19,0,1,38.0,34.48528137423857,23.196153426058036,0.6726392391678784,16,2,1.0
6,19,0,2,38.0,33.31370849898476,21.553909479151066,0.6469982013502917,15,2,1.0
6,19,0,3,38.0,33.31370849898476,21.95773970163684,0.6591202448177154,15,2,1.0
6,19,0,4,38.0,35.65685424949238,19.283731583620877,0.5408141573199886,17,2,1.0
6,19,0,5,38.0,34.48528137423857,21.321993224766267,0.6182925693247894,16,2,1.0
6,19,1,0,38.0,33.31370849898476,21.012888190725644,0.6307580013604914,15,2,1.0
6,19,1,1,38.0,34.48528137423857,21.537533858814992,0.6245427904469444,16,2,1.0
6,19,1,2,38.0,35.65685424949238,21.08806785368622,0.5914169462659885,17,2,1.0
6,19,1,3,38.0,33.31370849898476,23.629038703484895,0.7092887513320528,15,2,1.0
6,19,1,4,38.0,35.65685424949238,21.951532750363835,0.6156329045957929,17,2,1.0
6,19,1,5,38.0,33.31370849898476,21.460550955469838,0.644195795737477,15,2,1.0
6,19,2,0,38.0,32.14213562373095,20.956524727664572,0.6519954048166016,14,2,1.0
6,19,2,1,38.0,35.65685424949238,23.08972429850735,0.6475535990064535,17,2,1.0
6,19,2,2,38.0,32.14213562373095,20.60471290965598,0.6410499025597807,14,2,1.0
6,19,2,3,38.0,33.31370849898476,22.68704658736639,0.6810123402519951,15,2,1.0
6,19,2,4,38.0,33.31370849898476,20.68082593648533,0.6207902652781987,15,2,1.0
6,19,2,5,38.0,33.31370849898476,20.94213435272321,0.6286341358051273,15,2,1.0
6,19,3,0,38.0,34.48528137423857,20.82559191774,0.6038979845267343,16,2,1.0
6,19,3,1,38.0,35.65685424949238,19.40491834728767,0.5442128520791741,17,2,1.0
6,19,3,2,38.0,35.65685424949238,19.363395496309884,0.543048339621422,17,2,1.0
6,19,3,3,38.0,30.970562748477143,23.837671091245056,0.7696880190663369,13,2,1.037828595003861
6,19,3,4,38.0,34.48528137423857,23.59219462068797,0.684123593618464,16,2,1.0
6,19,3,5,38.0,30.970562748477143,22.446389077906968,0.724765296007115,13,2,1.0
6,19,4,0,38.0,34.48528137423857,22.000618442227463,0.6379712609409798,16,2,1.0
6,19,4,1,38.0,33.31370849898476,20.161289315058387,0.605194984991623,15,2,1.0
6,19,4,2,38.0,32.14213562373095,23.268151222063494,0.723914287913225,14,2,1.0
6,19,4,3,38.0,30.970562748477143,22.3951207997225,0.7231099086445787,13,2,1.0
6,19,4,4,38.0,34.48528137423857,20.11542869915172,0.5833047577851137,16,2,1.0
6,19,4,5,38.0,30.970562748477143,21.213741513245328,0.6849646771203223,13,2,1.0
6,19,5,0,38.0,30.970562748477143,21.32155728323037,0.6884459109248434,13,2,1.037828595003861
6,19,5,1,38.0,30.970562748477143,22.67061835627571,0.732005373631464,13,2,1.0
6,19,5,2,38.0,34.48528137423857,25.14784487126956,0.729234150603616,16,2,1.0
6,19,5,3,38.0,32.14213562373095,21.20146792890663,0.6596160310285455,14,2,1.0364497520939095
6,19,5,4,38.0,33.31370849898476,20.890521754517913,0.6270848457221313,15,2,1.0
6,19,5,5,38.0,32.14213562373095,21.79991991387739,0.6782349551714986,14,2,1.0
7,19,0,0,38.0,35.65685424949238,21.42412721968597,0.6008417643850612,17,2,1.0
7,19,0,1,38.0,32.14213562373095,19.775841814593434,0.6152622229617087,14,2,1.0
7,19,0,2,38.0,30.970562748477143,22.15415720899646,0.7153295014016432,13,2,1.0
7,19,0,3,38.0,33.31370849898476,22.39456211924505,0.6722326372018153,15,2,1.0
7,19,0,4,38.0,33.31370849898476,21.87465496973846,0.656626234524598,15,2,1.0
7,19,0,5,38.0,38.0,20.0,0.5263157894736842,19,1,1.0
7,19,0,6,38.0,34.48528137423857,21.694966256081816,0.6291079959779171,16,2,1.0
7,19,1,0,38.0,30.970562748477143,21.06574600599155,0.6801860908073869,13,2,1.0
7,19,1,1,38.0,32.14213562373095,20.081172548457786,0.6247616145839295,14,2,1.0
7,19,1,2,38.0,36.82842712474619,20.261297173761164,0.5501537468633015,18,2,1.0
7,19,1,3,38.0,34.48528137423857,23.015695677617295,0.6674063473006961,16,2,1.0
7,19,1,4,38.0,34.48528137423857,22.72758007784239,0.6590516061388585,16,2,1.0
7,19,1,5,38.0,33.31370849898476,22.255388307863342,0.6680549632756011,15,2,1.0
7,19,1,6,38.0,34.48528137423857,19.684719420174552,0.5708151024361241,16,2,1.0
7,19,2,0,38.0,34.48528137423857,21.072758965724987,0.6110653045582195,16,2,1.0
7,19,2,1,38.0,33.31370849898476,20.272365891159158,0.6085292453038352,15,2,1.0
7,19,2,2,38.0,32.14213562373095,22.788700477266953,0.7089977076831747,14,2,1.0
7,19,2,3,38.0,33.31370849898476,23.598317645541876,0.7083665766680115,15,2,1.0
7,19,2,4,38.0,32.14213562373095,22.25113162306651,0.6922729679056613,14,2,1.0
7,19,2,5,38.0,32.14213562373095,20.327632915844795,0.6324294425799337,14,2,1.0
7,19,2,6,38.0,34.48528137423857,22.363315124077655,0.6484886952606874,16,2,1.0
7,19,3,0,38.0,34.48528137423857,25.318166907723146,0.7341731283258862,16,2,1.0
7,19,3,1,38.0,33.31370849898476,17.940772167342573,0.5385402279031565,15,2,1.0
7,19,3,2,38.0,33.31370849898476,21.59595744814836,0.6482603835236928,15,2,1.0
7,19,3,3,38.0,33.31370849898476,21.808338921428856,0.6546355810879917,15,2,1.0
7,19,3,4,38.0,35.65685424949238,24.850191748034298,0.6969260825466136,17,2,1.0
7,19,3,5,38.0,35.65685424949238,22.625478461582155,0.634533778646619,17,2,1.0
7,19,3,6,38.0,33.31370849898476,21.52368814127756,0.6460910271197665,15,2,1.0
7,19,4,0,38.0,33.31370849898476,22.306777658551262,0.6695975519876769,15,2,1.0
7,19,4,1,38.0,35.65685424949238,20.780603452979875,0.5827940767734919,17,2,1.0
7,19,4,2,38.0,33.31370849898476,22.80547038206489,0.6845671469677382,15,2,1.0
7,19,4,3,38.0,35.65685424949238,25.01957671503846,0.7016765006799399,17,2,1.0
7,19,4,4,38.0,34.48528137423857,21.844256181119903,0.6334370870883527,16,2,1.0
7,19,4,5,38.0,33.31370849898476,20.21086724379908,0.6066831990324646,15,2,1.0
7,19,4,6,38.0,34.48528137423857,19.569015827047735,0.5674599436983663,16,2,1.0
7,19,5,0,38.0,32.14213562373095,21.194785356533572,0.6594081241099982,14,2,1.0
7,19,5,1,38.0,33.31370849898476,22.02123787286214,0.6610263121421394,15,2,1.0
7,19,5,2,38.0,32.14213562373095,24.227998742164118,0.7537768810942442,14,2,1.0
7,19,5,3,38.0,34.48528137423857,20.640986324787455,0.5985448139682812,16,2,1.0
7,19,5,4,38.0,32.14213562373095,21.192488388776148,0.6593366612867336,14,2,1.0
7,19,5,5,38.0,35.65685424949238,19.670687188805154,0.551666365495077,17,2,1.0
7,19,5,6,38.0,34.48528137423857,23.31576417048512,0.6761076970043987,16,2,1.0
8,19,0,0,38.0,30.970562748477143,20.79162561246568,0.6713350926594973,13,2,1.0
8,19,0,1,38.0,32.14213562373095,22.539707122170178,0.7012510738561137,14,2,1.0
8,19,0,2,38.0,34.48528137423857,20.645028258643222,0.5986620214752144,16,2,1.0
8,19,0,3,38.0,35.65685424949238,22.85784587953973,0.6410505458390272,17,2,1.0
8,19,0,4,38.0,32.14213562373095,23.918767884153226,0.7441561495526045,14,2,1.0
8,19,0,5,38.0,33.31370849898476,21.987811065424136,0.6600229171751989,15,2,1.0
8,19,0,6,38.0,34.48528137423857,23.67238449361044,0.6864489298119617,16,2,1.0
8,19,0,7,38.0,33.31370849898476,20.69928173285477,0.6213442653340616,15,2,1.0
8,19,1,0,38.0,32.14213562373095,24.08362177869607,0.7492850525126533,14,2,1.0
8,19,1,1,38.0,33.31370849898476,19.39959515530162,0.5823306989641464,15,2,1.0
8,19,1,2,38.0,33.31370849898476,20.567735530888314,0.6173955544911824,15,2,1.0
8,19,1,3,38.0,34.48528137423857,20.10656729630454,0.5830477959018391,16,2,1.0
8,19,1,4,38.0,34.48528137423857,22.728448057828377,0.6590767757170495,16,2,1.0
8,19,1,5,38.0,32.14213562373095,23.465267034194156,0.7300469175069204,14,2,1.0
8,19,1,6,38.0,33.31370849898476,23.52658629085363,0.7062133683366595,15,2,1.0
8,19,1,7,38.0,30.970562748477143,21.98068772373035,0.7097283928045889,13,2,1.0
8,19,2,0,38.0,34.48528137423857,19.91318374932235,0.5774400832987848,16,2,1.0
8,19,2,1,38.0,33.31370849898476,21.715691759079455,0.6518545288868468,15,2,1.0
8,19,2,2,38.0,35.65685424949238,21.596434561620672,0.6056741408120185,17,2,1.0
8,19,2,3,38.0,33.31370849898476,23.39424461783819,0.7022407793041454,15,2,1.0
8,19,2,4,38.0,33.31370849898476,22.792363111545903,0.6841736972105794,15,2,1.0
8,19,2,5,38.0,36.82842712474619,22.35917360311745,0.6071172555749363,18,2,1.0
8,19,2,6,38.0,34.48528137423857,22.31070635348135,0.646963152521877,16,2,1.0
8,19,2,7,38.0,32.14213562373095,21.945907288893267,0.6827768865703597,14,2,1.0
8,19,3,0,38.0,34.48528137423857,22.23656832432654,0.6448133069587727,16,2,1.0
8,19,3,1,38.0,34.48528137423857,23.196325858242616,0.6726442393354196,16,2,1.0
8,19,3,2,38.0,33.31370849898476,23.088227161595444,0.6930548474451309,15,2,1.0
8,19,3,3,38.0,32.14213562373095,22.286470244755954,0.6933724163711625,14,2,1.0
8,19,3,4,38.0,34.48528137423857,21.988000615165497,0.6376053707246572,16,2,1.0
8,19,3,5,38.0,33.31370849898476,20.763737542818397,0.6232790787447509,15,2,1.0
8,19,3,6,38.0,33.31370849898476,23.3163327857479,0.6999020474246651,15,2,1.0
8,19,3,7,38.0,35.65685424949238,22.79761831338341,0.6393614577962373,17,2,1.0
8,19,4,0,38.0,32.14213562373095,23.727790932474328,0.7382145110157458,14,2,1.0
8,19,4,1,38.0,32.14213562373095,20.93394793016272,0.6512929997939191,14,2,1.0
8,19,4,2,38.0,34.48528137423857,23.948042576863394,0.6944424294230415,16,2,1.0
8,19,4,3,38.0,33.31370849898476,21.948413726547024,0.6588403007493419,15,2,1.0
8,19,4,4,38.0,33.31370849898476,21.860112442703848,0.6561897017070326,15,2,1.0
8,19,4,5,38.0,33.31370849898476,21.35380421792418,0.640991507102097,15,2,1.0
8,19,4,6,38.0,35.65685424949238,19.300563079745764,0.5412861982916098,17,2,1.0
8,19,4,7,38.0,34.48528137423857,21.216713056205386,0.6152396677863513,16,2,1.0
8,19,5,0,38.0,34.48528137423857,20.39659969416513,0.5914581201417117,16,2,1.0
8,19,5,1,38.0,34.48528137423857,20.11476061824179,0.5832853848560463,16,2,1.0
8,19,5,2,38.0,34.48528137423857,19.540614653474996,0.5666363699172935,16,2,1.0
8,19,5,3,38.0,33.31370849898476,20.46567551262962,0.6143319502616562,15,2,1.0
8,19,5,4,38.0,34.48528137423857,20.01162694277832,0.58029472706369,16,2,1.0
8,19,5,5,38.0,35.65685424949238,22.69483843602332,0.6364789859819563,17,2,1.0
8,19,5,6,38.0,32.14213562373095,21.10356597365444,0.6565701240484284,14,2,1.0
8,19,5,7,38.0,32.14213562373095,22.891188604700943,0.712186298778482,14,2,1.0
9,19,0,0,38.0,33.31370849898476,22.761764992777557,0.6832552128944523,15,2,1.0
9,19,0,1,38.0,29.798989873223334,21.874247605326502,0.7340600368800482,12,2,1.0
9,19,0,2,38.0,35.65685424949238,21.34913674383413,0.5987386490814192,17,2,1.0
9,19,0,3,38.0,34.48528137423857,20.141055076961692,0.5840478683757413,16,2,1.0
9,19,0,4,38.0,32.14213562373095,19.851180355649717,0.6176061412980081,14,2,1.0364497520939095
9,19,0,5,38.0,30.970562748477143,22.300893827811812,0.7200674398113213,13,2,1.0
9,19,0,6,38.0,36.82842712474619,22.82842712474619,0.6198588673749535,18,2,1.0
9,19,0,7,38.0,32.14213562373095,22.08971079208529,0.6872508737650953,14,2,1.0
9,19,0,8,38.0,34.48528137423857,20.11566675891261,0.5833116610131404,16,2,1.0
9,19,1,0,38.0,34.48528137423857,23.580540961386404,0.6837856622217299,16,2,1.0
9,19,1,1,38.0,32.14213562373095,19.81907014688126,0.6166071346002469,14,2,1.0
9,19,1,2,38.0,35.65685424949238,21.263087407826063,0.596325386952181,17,2,1.0
9,19,1,3,38.0,33.31370849898476,21.982929127293858,0.6598763727539908,15,2,1.0
9,19,1,4,38.0,33.31370849898476,19.664008033760467,0.5902677582221064,15,2,1.0
9,19,1,5,38.0,35.65685424949238,22.93404715238441,0.6431876180639491,17,2,1.0
9,19,1,6,38.0,32.14213562373095,21.056171000142072,0.6550955806619156,14,2,1.0
9,19,1,7,38.0,33.31370849898476,20.75726963754097,0.6230849272807184,15,2,1.0
9,19,1,8,38.0,34.48528137423857,23.554479567441778,0.6830299370860754,16,2,1.0
9,19,2,0,38.0,33.31370849898476,22.559800412697058,0.6771927062213614,15,2,1.0
9,19,2,1,38.0,34.48528137423857,23.1112147415703,0.6701761975134992,16,2,1.0
9,19,2,2,38.0,33.31370849898476,22.255361402235877,0.6680541556312806,15,2,1.0000000000000002
9,19,2,3,38.0,33.31370849898476,20.770177860012332,0.623472402078721,15,2,1.0
9,19,2,4,38.0,34.48528137423857,21.189604235380436,0.6144535694932632,16,2,1.0
9,19,2,5,38.0,34.48528137423857,23.41437091929857,0.6789670835276912,16,2,1.0
9,19,2,6,38.0,35.65685424949238,23.404918347287648,0.6563932472428031,17,2,1.0
9,19,2,7,38.0,32.14213562373095,22.59338159834571,0.70292098393315,14,2,1.0
9,19,2,8,38.0,33.31370849898476,20.201443696470896,0.6064003260725698,15,2,1.0
9,19,3,0,38.0,36.82842712474619,22.576491222541478,0.6130180674311669,18,2,1.0
9,19,3,1,38.0,34.48528137423857,21.421409847400554,0.6211754404707547,16,2,1.0
9,19,3,2,38.0,33.31370849898476,20.087657040766096,0.602984715477662,15,2,1.0
9,19,3,3,38.0,32.14213562373095,21.634582900262565,0.6730910215029232,14,2,1.0
9,19,3,4,38.0,32.14213562373095,23.072532215163776,0.7178282266387125,14,2,1.0
9,19,3,5,38.0,33.31370849898476,23.657580821435953,0.7101455192884611,15,2,1.0
9,19,3,6,38.0,32.14213562373095,20.33233086999602,0.6325756044344608,14,2,1.0
9,19,3,7,38.0,33.31370849898476,22.424562994289413,0.6731331936512804,15,2,1.0
9,19,3,8,38.0,34.48528137423857,23.311720396649513,0.6759904361419534,16,2,1.0
9,19,4,0,38.0,33.31370849898476,20.487456856920915,0.6149857755267707,15,2,1.0
9,19,4,1,38.0,34.48528137423857,20.42992799277274,0.5924245700959959,16,2,1.0
9,19,4,2,38.0,32.14213562373095,20.846694330634357,0.6485783824284213,14,2,1.0
9,19,4,3,38.0,34.48528137423857,23.066716294105618,0.6688858369396131,16,2,1.0
9,19,4,4,38.0,33.31370849898476,22.67956524919395,0.6807877678909603,15,2,1.0
9,19,4,5,38.0,33.31370849898476,19.816203956385248,0.5948363256222029,15,2,1.0
9,19,4,6,38.0,32.14213562373095,19.835067351216548,0.6171048365738356,14,2,1.0
9,19,4,7,38.0,33.31370849898476,21.65330939098442,0.6499819553756468,15,2,1.0
9,19,4,8,38.0,35.65685424949238,19.211102550927976,0.5387772689230281,17,2,1.0
9,19,5,0,38.0,34.48528137423857,22.994731528348506,0.6667984314469357,16,2,1.0
9,19,5,1,38.0,32.14213562373095,22.563736151795432,0.7019986604479491,14,2,1.0
9,19,5,2,38.0,33.31370849898476,19.848003839784692,0.5957908841157556,15,2,1.0
9,19,5,3,38.0,34.48528137423857,19.70016889134535,0.571263104324325,16,2,1.0
9,19,5,4,38.0,33.31370849898476,21.66873390152052,0.6504449632853357,15,2,1.0
9,19,5,5,38.0,35.65685424949238,22.796691275336336,0.6393354589226242,17,2,1.0
9,19,5,6,38.0,35.65685424949238,20.831309558117034,0.5842161345013657,17,2,1.0
9,19,5,7,38.0,33.31370849898476,19.787593773469446,0.5939775145139568,15,2,1.0
9,19,5,8,38.0,33.31370849898476,21.516809803512544,0.6458845554276335,15,2,1.0
10,19,0,0,38.0,34.48528137423857,21.540487927554036,0.6246284521733774,16,2,1.0
10,19,0,1,38.0,32.14213562373095,24.1963306945536,0.752791630830191,14,2,1.0
10,19,0,2,38.0,32.14213562373095,20.32497372855348,0.6323467104515387,14,2,1.0
10,19,0,3,38.0,35.65685424949238,22.656991753840867,0.6354175720412413,17,2,1.0
10,19,0,4,38.0,33.31370849898476,23.822884846706327,0.7151075614242207,15,2,1.0
10,19,0,5,38.0,34.48528137423857,21.98140956982915,0.6374142443926775,16,2,1.0
10,19,0,6,38.0,32.14213562373095,22.669572436441044,0.7052914187725537,14,2,1.0
10,19,0,7,38.0,33.31370849898476,22.848295438041042,0.6858526554837732,15,2,1.0351678911787774
10,19,0,8,38.0,35.65685424949238,21.038657217294727,0.5900312200870674,17,2,1.0
10,19,0,9,38.0,34.48528137423857,20.267414602968966,0.5877120265606784,16,2,1.0
10,19,1,0,38.0,34.48528137423857,20.02638672186047,0.5807227293444883,16,2,1.0
10,19,1,1,38.0,34.48528137423857,24.528023972905345,0.7112606594890201,16,2,1.0
10,19,1,2,38.0,33.31370849898476,19.841711493403984,0.5956020025212343,15,2,1.0
10,19,1,3,38.0,33.31370849898476,21.211694378782205,0.6367257004553737,15,2,1.0
10,19,1,4,38.0,34.48528137423857,21.441433197853137,0.6217560751547315,16,2,1.0
10,19,1,5,38.0,33.31370849898476,22.639243567087718,0.6795774048325377,15,2,1.0
10,19,1,6,38.0,36.82842712474619,20.32455532033676,0.5518713913980878,18,2,1.0
10,19,1,7,38.0,33.31370849898476,23.700103794627857,0.7114219599823335,15,2,1.0
10,19,1,8,38.0,32.14213562373095,22.08125416059905,0.6869877726574017,14,2,1.0
10,19,1,9,38.0,32.14213562373095,23.672393624406535,0.7364910005211012,14,2,1.0
10,19,2,0,38.0,32.14213562373095,22.933701555514844,0.7135089536048935,14,2,1.0
10,19,2,1,38.0,33.31370849898476,22.389123814422167,0.6720693919472964,15,2,1.0
10,19,2,2,38.0,34.48528137423857,21.49593421958049,0.6233364891619684,16,2,1.0
10,19,2,3,38.0,34.48528137423857,21.76247427713062,0.6310655853713804,16,2,1.0
10,19,2,4,38.0,34.48528137423857,22.157744880432986,0.6425275943082609,16,2,1.0
10,19,2,5,38.0,34.48528137423857,22.170115129884174,0.6428863052991021,16,2,1.0
10,19,2,6,38.0,34.48528137423857,20.216743161471946,0.5862426622557413,16,2,1.0
10,19,2,7,38.0,33.31370849898476,21.96203138099552,0.6592490710442764,15,2,1.0
10,19,2,8,38.0,33.31370849898476,24.404275786767315,0.7325595644060774,15,2,1.0
10,19,2,9,38.0,33.31370849898476,22.201960428953377,0.6664511826904527,15,2,1.0
10,19,3,0,38.0,34.48528137423857,20.312714790143957,0.5890256358852882,16,2,1.0339731279133193
10,19,3,1,38.0,32.14213562373095,20.95208565311364,0.6518572971748787,14,2,1.0
10,19,3,2,38.0,35.65685424949238,20.630182915290277,0.5785755179338057,17,2,1.0
10,19,3,3,38.0,34.48528137423857,17.88022256444257,0.5184885218248378,16,2,1.0
10,19,3,4,38.0,34.48528137423857,21.430708727309064,0.6214450882607088,16,2,1.0
10,19,3,5,38.0,34.48528137423857,23.378750318155916,0.6779341616629659,16,2,1.0
10,19,3,6,38.0,34.48528137423857,21.466124552706,0.622472072063236,16,2,1.0
10,19,3,7,38.0,34.48528137423857,18.732460413103425,0.543201611430002,16,2,1.0
10,19,3,8,38.0,33.31370849898476,24.35293468655872,0.7310184240611002,15,2,1.0
10,19,3,9,38.0,35.65685424949238,22.472135954999573,0.6302332729006651,17,2,1.0
10,19,4,0,38.0,33.31370849898476,19.713178967689824,0.5917437552258881,15,2,1.0
10,19,4,1,38.0,34.48528137423857,19.586083834149864,0.5679548796948832,16,2,1.0
10,19,4,2,38.0,33.31370849898476,21.9053362070077,0.6575472138646848,15,2,1.0
10,19,4,3,38.0,34.48528137423857,22.17441710631066,0.643011053488911,16,2,1.0
10,19,4,4,38.0,33.31370849898476,19.384354336203273,0.581873205043924,15,2,1.0351678911787774
10,19,4,5,38.0,34.48528137423857,23.16549415803801,0.6717501854383376,16,2,1.0
10,19,4,6,38.0,32.14213562373095,22.83250902655056,0.7103606709223461,14,2,1.0
10,19,4,7,38.0,32.14213562373095,22.506364986047757,0.7002137396692153,14,2,1.0364497520939095
10,19,4,8,38.0,33.31370849898476,25.943638640811486,0.7787676548109954,15,2,1.0
10,19,4,9,38.0,32.14213562373095,22.624261075463032,0.7038817003422526,14,2,1.0
10,19,5,0,38.0,32.14213562373095,21.19154920650065,0.6593074416267056,14,2,1.0
10,19,5,1,38.0,35.65685424949238,22.81462505710741,0.6398384136040886,17,2,1.0
10,19,5,2,38.0,30.970562748477143,21.888980776108156,0.7067672923439036,13,2,1.0
10,19,5,3,38.0,33.31370849898476,20.853982554810873,0.6259880239825717,15,2,1.0
10,19,5,4,38.0,32.14213562373095,22.958025537521465,0.7142657166990254,14,2,1.0
10,19,5,5,38.0,34.48528137423857,20.813708975367405,0.6035534044073598,16,2,1.0
10,19,5,6,38.0,32.14213562373095,21.20470232403271,0.6597166589135106,14,2,1.0
10,19,5,7,38.0,34.48528137423857,22.09933565638555,0.6408338507249167,16,2,1.0
10,19,5,8,38.0,32.14213562373095,20.759583871661512,0.6458682184246166,14,2,1.0
10,19,5,9,38.0,34.48528137423857,22.02638672186046,0.6387184863834333,16,2,1.0
1,20,0,0,40.0,37.65685424949238,20.94614655356492,0.5562372898911829,18,2,1.0
1,20,1,0,40.0,35.31370849898476,21.54577753693389,0.6101250322535033,16,2,1.0
1,20,2,0,40.0,36.48528137423857,22.834507989530344,0.6258553347940815,17,2,1.0
1,20,3,0,40.0,35.31370849898476,22.395197924778408,0.6341785917336394,16,2,1.0
1,20,4,0,40.0,36.48528137423857,23.57549750710358,0.6461646071818349,17,2,1.0
1,20,5,0,40.0,34.14213562373095,20.02035817300168,0.5863827147088673,15,2,1.0
2,20,0,0,40.0,35.31370849898476,22.112322473789636,0.6261682336315754,16,2,1.0
2,20,0,1,40.0,36.48528137423857,22.792231334339753,0.6246966030096957,17,2,1.0
2,20,1,0,40.0,37.65685424949238,22.828997019073498,0.6062374957775777,18,2,1.0
2,20,1,1,40.0,32.97056274847714,22.934512691394072,0.6956057397732279,14,2,1.0
2,20,2,0,40.0,35.31370849898476,23.425544785774058,0.6633555574161101,16,2,1.0
2,20,2,1,40.0,35.31370849898476,23.391202284672147,0.6623830596932244,16,2,1.0
2,20,3,0,40.0,32.97056274847714,21.104728670609852,0.6401082332628565,14,2,1.0
2,20,3,1,40.0,36.48528137423857,20.267019169461783,0.5554847984198874,17,2,1.0
2,20,4,0,40.0,35.31370849898476,22.139182828838116,0.6269288548234633,16,2,1.0
2,20,4,1,40.0,34.14213562373095,21.871302592685225,0.6405956216014584,15,2,1.0
2,20,5,0,40.0,34.14213562373095,20.84297799402691,0.6104766914328499,15,2,1.0
2,20,5,1,40.0,35.31370849898476,23.213768808835496,0.6573585668438894,16,2,1.0
3,20,0,0,40.0,37.65685424949238,23.68560892543341,0.6289853307582827,18,2,1.0
3,20,0,1,40.0,37.65685424949238,24.828548236596852,0.6593367590425199,18,2,1.0
3,20,0,2,40.0,32.97056274847714,21.40992995099058,0.6493650143105146,14,2,1.0
3,20,1,0,40.0,35.31370849898476,20.52321472752278,0.5811684923466139,16,2,1.0
3,20,1,1,40.0,35.31370849898476,24.035083948346035,0.6806162527234154,16,2,1.0
3,20,1,2,40.0,35.31370849898476,20.869111739345037,0.5909634707423891,16,2,1.0
3,20,2,0,40.0,36.48528137423857,23.16887768607777,0.6350198439866437,17,2,1.0
3,20,2,1,40.0,36.48528137423857,22.78540514327989,0.6245095086307364,17,2,1.0
3,20,2,2,40.0,32.97056274847714,23.1513349878001,0.7021819786460705,14,2,1.0
3,20,3,0,40.0,34.14213562373095,21.659127969865597,0.6343811707786413,15,2,1.0
3,20,3,1,40.0,35.31370849898476,22.32870151757957,0.6322955720785174,16,2,1.0
3,20,3,2,40.0,36.48528137423857,22.284695155040836,0.6107858927127682,17,2,1.0
3,20,4,0,40.0,35.31370849898476,21.76535671050145,0.6163429907433026,16,2,1.0
3,20,4,1,40.0,34.14213562373095,21.375327343473703,0.6260688428821217,15,2,1.0
3,20,4,2,40.0,37.65685424949238,18.74135844575072,0.4976878398174578,18,2,1.0
3,20,5,0,40.0,34.14213562373095,21.542563997862317,0.6309670910828691,15,2,1.0
3,20,5,1,40.0,35.31370849898476,21.873353577342982,0.6194012044351508,16,2,1.0
3,20,5,2,40.0,32.97056274847714,22.17422484825861,0.6725461441898745,14,2,1.0
4,20,0,0,40.0,37.65685424949238,23.441936133415673,0.6225144558837299,18,2,1.0
4,20,0,1,40.0,35.31370849898476,21.089612524963997,0.5972075270874002,16,2,1.0
4,20,0,2,40.0,32.97056274847714,23.103373283120497,0.7007272960237115,14,2,1.0
4,20,0,3,40.0,36.48528137423857,22.94094293464508,0.6287725370495062,17,2,1.0
4,20,1,0,40.0,35.31370849898476,20.751801819024507,0.5876415335880428,16,2,1.0
4,20,1,1,40.0,35.31370849898476,20.996554153969484,0.594572335968994,16,2,1.0
4,20,1,2,40.0,36.48528137423857,21.535657871264746,0.5902560446325785,17,2,1.0
4,20,1,3,40.0,36.48528137423857,25.213494400750285,0.6910593382062544,17,2,1.0
4,20,2,0,40.0,34.14213562373095,21.049292372381117,0.6165194996692158,15,2,1.0
4,20,2,1,40.0,35.31370849898476,21.493268829318787,0.6086381108893364,16,2,1.0
4,20,2,2,40.0,34.14213562373095,22.01227804778913,0.6447246970833659,15,2,1.0
4,20,2,3,40.0,34.14213562373095,21.116859739646664,0.6184985020377315,15,2,1.0
4,20,3,0,40.0,34.14213562373095,22.68041237696162,0.6642938985104755,15,2,1.0
4,20,3,1,40.0,34.14213562373095,22.83109134639674,0.6687071833470102,15,2,1.0
4,20,3,2,40.0,35.31370849898476,21.6273320095018,0.6124344604057534,16,2,1.0
4,20,3,3,40.0,34.14213562373095,23.259392218176632,0.6812518254426322,15,2,1.0
4,20,4,0,40.0,36.48528137423857,23.233482976382312,0.6367905659838751,17,2,1.0
4,20,4,1,40.0,34.14213562373095,19.631476248231905,0.5749926268404483,15,2,1.0
4,20,4,2,40.0,34.14213562373095,21.263621580076645,0.6227970568219838,15,2,1.0343145750507619
4,20,4,3,40.0,35.31370849898476,23.589002664058423,0.6679842946751567,16,2,1.0
4,20,5,0,40.0,34.14213562373095,21.555389882422745,0.6313427525441725,15,2,1.0
4,20,5,1,40.0,34.14213562373095,20.07352498476955,0.5879399345721412,15,2,1.0
4,20,5,2,40.0,32.97056274847714,21.91798684714817,0.6647744236079358,14,2,1.0
4,20,5,3,40.0,34.14213562373095,23.266460031448702,0.6814588369005551,15,2,1.0
5,20,0,0,40.0,35.31370849898476,20.691717669400667,0.5859400937739387,16,2,1.0
5,20,0,1,40.0,35.31370849898476,22.102816404438457,0.6258990444199282,16,2,1.0
5,20,0,2,40.0,31.798989873223334,23.743344833429884,0.7466697819047142,13,2,1.0368430846364822
5,20,0,3,40.0,36.48528137423857,23.771040223741384,0.6515241031010817,17,2,1.0
5,20,0,4,40.0,35.31370849898476,20.078126329892747,0.5685646504804212,16,2,1.0
5,20,1,0,40.0,36.48528137423857,20.28962464386618,0.5561043763305666,17,2,1.0
5,20,1,1,40.0,37.65685424949238,19.38831603672579,0.5148681806576327,18,2,1.0
5,20,1,2,40.0,36.48528137423857,22.131352197719465,0.6065830209917447,17,2,1.0
5,20,1,3,40.0,36.48528137423857,21.839180600023468,0.5985750904868619,17,2,1.0
5,20,1,4,40.0,35.31370849898476,22.115917060593837,0.6262700237566284,16,2,1.0
5,20,2,0,40.0,37.65685424949238,20.918870596210628,0.5555129607378878,18,2,1.0
5,20,2,1,40.0,35.31370849898476,20.75347579290171,0.5876889365357466,16,2,1.0
5,20,2,2,40.0,34.14213562373095,20.98786468020186,0.6147203242205493,15,2,1.0
5,20,2,3,40.0,36.48528137423857,22.663720279092647,0.6211743318250791,17,2,1.0
5,20,2,4,40.0,34.14213562373095,20.73022285377969,0.6071741698363727,15,2,1.0
5,20,3,0,40.0,34.14213562373095,24.822333624742477,0.7270293193812217,15,2,1.0
5,20,3,1,40.0,35.31370849898476,20.98436467738763,0.5942271590646141,16,2,1.0
5,20,3,2,40.0,34.14213562373095,19.667444906166345,0.5760461244403301,15,2,1.0
5,20,3,3,40.0,35.31370849898476,21.162790391068157,0.5992797497231583,16,2,1.0
5,20,3,4,40.0,34.14213562373095,20.059099469526288,0.5875174210128772,15,2,1.0
5,20,4,0,40.0,35.31370849898476,21.00176072775527,0.5947197737207083,16,2,1.0
5,20,4,1,40.0,35.31370849898476,21.508671849026467,0.6090742876706031,16,2,1.0
5,20,4,2,40.0,34.14213562373095,21.57853402813225,0.6320206288775269,15,2,1.0
5,20,4,3,40.0,34.14213562373095,23.36016106216938,0.6842032765499468,15,2,1.0
5,20,4,4,40.0,34.14213562373095,22.40699544976954,0.6562857021221383,15,2,1.0
5,20,5,0,40.0,36.48528137423857,21.8456916815893,0.5987535482462814,17,2,1.0
5,20,5,1,40.0,35.31370849898476,20.804993781804846,0.5891478031088967,16,2,1.0000000000000002
5,20,5,2,40.0,37.65685424949238,20.822702473776793,0.5529591594618524,18,2,1.0
5,20,5,3,40.0,35.31370849898476,22.36114733951943,0.6332143603711939,16,2,1.0
5,20,5,4,40.0,34.14213562373095,22.872521820310435,0.669920653833165,15,2,1.0
6,20,0,0,40.0,37.65685424949238,20.010347204448593,0.5313865856099314,18,2,1.0
6,20,0,1,40.0,32.97056274847714,22.46276861474488,0.6812977014104014,14,2,1.0
6,20,0,2,40.0,34.14213562373095,22.433888393435783,0.6570733782055158,15,2,1.0
6,20,0,3,40.0,35.31370849898476,20.76490456768333,0.5880125721794499,16,2,1.0
6,20,0,4,40.0,32.97056274847714,20.850024095079636,0.6323830216104718,14,2,1.0
6,20,0,5,40.0,36.48528137423857,20.31185418405238,0.5567136505186477,17,2,1.0
6,20,1,0,40.0,35.31370849898476,21.381882856138585,0.6054839257891392,16,2,1.0
6,20,1,1,40.0,35.31370849898476,22.128066560065136,0.6266140686045846,16,2,1.0
6,20,1,2,40.0,35.31370849898476,23.45235451666253,0.6641147450525273,16,2,1.0
6,20,1,3,40.0,35.31370849898476,22.534696581088134,0.6381288609701241,16,2,1.0
6,20,1,4,40.0,34.14213562373095,22.83206626494009,0.6687357380500344,15,2,1.0
6,20,1,5,40.0,35.31370849898476,22.26756023389793,0.6305641967492059,16,2,1.0
6,20,2,0,40.0,35.31370849898476,23.533996119803287,0.6664266405347904,16,2,1.0
6,20,2,1,40.0,35.31370849898476,20.718907961061333,0.586710057983771,16,2,1.0
6,20,2,2,40.0,34.14213562373095,22.23368088735419,0.6512094361168307,15,2,1.0
6,20,2,3,40.0,34.14213562373095,21.150283356974064,0.6194774571240727,15,2,1.0
6,20,2,4,40.0,35.31370849898476,22.718374549281624,0.6433301829496259,16,2,1.0
6,20,2,5,40.0,36.48528137423857,23.569496105496142,0.6460001188900801,17,2,1.0
6,20,3,0,40.0,36.48528137423857,21.13770422769792,0.5793488067388943,17,2,1.0
6,20,3,1,40.0,36.48528137423857,19.806977076245673,0.5428758208846083,17,2,1.0
6,20,3,2,40.0,37.65685424949238,22.934047152384437,0.6090271640970538,18,2,1.0
6,20,3,3,40.0,34.14213562373095,21.34762310931618,0.6252574046504059,15,2,1.0
6,20,3,4,40.0,32.97056274847714,23.358121186676946,0.7084538218188533,14,2,1.0
6,20,3,5,40.0,36.48528137423857,25.202982952358436,0.6907712371420464,17,2,1.0
6,20,4,0,40.0,35.31370849898476,22.480705303100684,0.6365999567490055,16,2,1.0
6,20,4,1,40.0,34.14213562373095,24.36088161032807,0.713513702798243,15,2,1.0
6,20,4,2,40.0,37.65685424949238,22.934047152384416,0.6090271640970533,18,2,1.0
6,20,4,3,40.0,35.31370849898476,25.322883013519736,0.7170836507937915,16,2,1.0
6,20,4,4,40.0,35.31370849898476,23.22789182033322,0.657758496845524,16,2,1.0
6,20,4,5,40.0,37.65685424949238,24.718347206234903,0.6564103056103818,18,2,1.0
6,20,5,0,40.0,35.31370849898476,22.145149703312402,0.6270978224773266,16,2,1.0
6,20,5,1,40.0,34.14213562373095,22.940188676797213,0.6719025701735051,15,2,1.0
6,20,5,2,40.0,34.14213562373095,22.70653752585704,0.6650590864056716,15,2,1.0
6,20,5,3,40.0,34.14213562373095,23.171705355313634,0.6786835366914724,15,2,1.0
6,20,5,4,40.0,32.97056274847714,24.64537846361177,0.7474964455906989,14,2,1.0
6,20,5,5,40.0,35.31370849898476,23.63122459645824,0.6691799190996215,16,2,1.0
7,20,0,0,40.0,31.798989873223334,22.469815500584666,0.7066204175090984,13,2,1.0
7,20,0,1,40.0,35.31370849898476,24.051692005748293,0.6810865532981267,16,2,1.0
7,20,0,2,40.0,35.31370849898476,22.750351342301116,0.6442356894619314,16,2,1.0
7,20,0,3,40.0,35.31370849898476,21.07160696888925,0.5966976526833776,16,2,1.0
7,20,0,4,40.0,36.48528137423857,21.434337102081187,0.5874790133101587,17,2,1.0
7,20,0,5,40.0,32.97056274847714,22.33736007672884,0.6774940496810467,14,2,1.0
7,20,0,6,40.0,36.48528137423857,23.10042632671295,0.6331437077260321,17,2,1.0
7,20,1,0,40.0,34.14213562373095,21.832552094320576,0.6394606457817936,15,2,1.0
7,20,1,1,40.0,36.48528137423857,25.288552025349308,0.6931165410500296,17,2,1.0
7,20,1,2,40.0,35.31370849898476,20.31187477300248,0.5751838488893465,16,2,1.0
7,20,1,3,40.0,35.31370849898476,24.800962183078802,0.7023040976790021,16,2,1.0
7,20,1,4,40.0,34.14213562373095,22.892125696554466,0.6704948380745985,15,2,1.0
7,20,1,5,40.0,35.31370849898476,23.80626689516572,0.6741366995157173,16,2,1.0
7,20,1,6,40.0,36.48528137423857,20.295988374745697,0.5562787954563024,17,2,1.0
7,20,2,0,40.0,37.65685424949238,23.670687188805147,0.6285890752312171,18,2,1.0
7,20,2,1,40.0,34.14213562373095,22.082399597114435,0.6467785097123733,15,2,1.0
7,20,2,2,40.0,35.31370849898476,21.82171086871971,0.6179388060969883,16,2,1.0
7,20,2,3,40.0,35.31370849898476,23.831254093041238,0.6748442773640262,16,2,1.0
7,20,2,4,40.0,35.31370849898476,23.70656920911538,0.6713134988299777,16,2,1.0
7,20,2,5,40.0,36.48528137423857,21.751279107379894,0.5961658588917442,17,2,1.0
7,20,2,6,40.0,34.14213562373095,21.065574396581138,0.6169963891168901,15,2,1.0
7,20,3,0,40.0,34.14213562373095,21.099419772295093,0.6179876972203712,15,2,1.0
7,20,3,1,40.0,35.31370849898476,19.967241206872544,0.5654246482622063,16,2,1.0
7,20,3,2,40.0,36.48528137423857,21.09010433187254,0.5780441739107371,17,2,1.0
7,20,3,3,40.0,31.798989873223334,23.497182583869773,0.7389285847616127,13,2,1.0
7,20,3,4,40.0,36.48528137423857,25.086946947327036,0.6875908860343986,17,2,1.0
7,20,3,5,40.0,36.48528137423857,21.6826422002238,0.594284637079253,17,2,1.0
7,20,3,6,40.0,34.14213562373095,20.031967929465715,0.5867227566029064,15,2,1.0
7,20,4,0,40.0,36.48528137423857,21.204889655906925,0.5811902459625601,17,2,1.0
7,20,4,1,40.0,34.14213562373095,23.477931691790058,0.6876526984290756,15,2,1.0
7,20,4,2,40.0,38.82842712474619,24.20586815591588,0.6234058381543083,19,2,1.0
7,20,4,3,40.0,35.31370849898476,20.558715108418227,0.5821737784636601,16,2,1.033176149576233
7,20,4,4,40.0,35.31370849898476,19.900631732960022,0.5635384268274217,16,2,1.0
7,20,4,5,40.0,36.48528137423857,21.759848238083038,0.5964007243054229,17,2,1.0
7,20,4,6,40.0,35.31370849898476,20.58495976325447,0.5829169644940086,16,2,1.0
7,20,5,0,40.0,34.14213562373095,20.91267226712338,0.6125179894308588,15,2,1.0
7,20,5,1,40.0,37.65685424949238,20.93404715238441,0.555915983148449,18,2,1.0
7,20,5,2,40.0,35.31370849898476,21.09629078366214,0.5973966394458017,16,2,1.0
7,20,5,3,40.0,34.14213562373095,22.54586433336371,0.6603530775530311,15,2,1.0
7,20,5,4,40.0,35.31370849898476,20.792021952536388,0.5887804718423765,16,2,1.0
7,20,5,5,40.0,35.31370849898476,21.618089611849115,0.6121727377477395,16,2,1.0
7,20,5,6,40.0,37.65685424949238,21.08972429850736,0.5600500816870981,18,2,1.0
8,20,0,0,40.0,34.14213562373095,20.800709589009273,0.6092386785128772,15,2,1.0
8,20,0,1,40.0,34.14213562373095,19.146732103611168,0.560794799558554,15,2,1.0343145750507619
8,20,0,2,40.0,35.31370849898476,22.061113032989816,0.6247181044048108,16,2,1.0
8,20,0,3,40.0,36.48528137423857,24.32693574683193,0.6667602614134868,17,2,1.0
8,20,0,4,40.0,35.31370849898476,19.84096938414718,0.5618489314062722,16,2,1.0
8,20,0,5,40.0,35.31370849898476,22.745816341925266,0.6441072690674555,16,2,1.0
8,20,0,6,40.0,32.97056274847714,23.826215396550666,0.722651159408893,14,2,1.0
8,20,0,7,40.0,35.31370849898476,21.20260926056679,0.6004073251376685,16,2,1.0
8,20,1,0,40.0,31.798989873223334,22.48137138119551,0.7069838215246635,13,2,1.0368430846364822
8,20,1,1,40.0,34.14213562373095,23.04911174676561,0.6750928530301138,15,2,1.0
8,20,1,2,40.0,35.31370849898476,24.03973582242081,0.6807479827022963,16,2,1.0
8,20,1,3,40.0,36.48528137423857,21.42693427748967,0.5872761143790642,17,2,1.0
8,20,1,4,40.0,34.14213562373095,24.062878512547805,0.7047853941457188,15,2,1.0
8,20,1,5,40.0,35.31370849898476,23.444798532137938,0.6639007775921342,16,2,1.0
8,20,1,6,40.0,35.31370849898476,22.12508864803617,0.6265297412383706,16,2,1.0
8,20,1,7,40.0,34.14213562373095,23.41253640707419,0.6857373148855103,15,2,1.0
8,20,2,0,40.0,40.0,22.0,0.55,20,1,1.0
8,20,2,1,40.0,35.31370849898476,20.793367226279102,0.5888185667862352,16,2,1.0
8,20,2,2,40.0,36.48528137423857,22.220188072824072,0.609017862433514,17,2,1.0
8,20,2,3,40.0,35.31370849898476,22.54481958150238,0.6384155201980706,16,2,1.0
8,20,2,4,40.0,38.82842712474619,24.576491222541478,0.6329509857193868,19,2,1.0
8,20,2,5,40.0,32.97056274847714,22.208227661151383,0.6735774524254108,14,2,1.0
8,20,2,6,40.0,36.48528137423857,23.64290518673834,0.6480121379420706,17,2,1.0
8,20,2,7,40.0,35.31370849898476,20.216660952400154,0.5724876205788856,16,2,1.0
8,20,3,0,40.0,32.97056274847714,21.89407868094957,0.6640492868736619,14,2,1.0
8,20,3,1,40.0,34.14213562373095,24.189610449652854,0.708497286644235,15,2,1.0
8,20,3,2,40.0,35.31370849898476,23.63093139901847,0.6691716164474155,16,2,1.0
8,20,3,3,40.0,32.97056274847714,22.605132680615668,0.6856156157558991,14,2,1.0
8,20,3,4,40.0,37.65685424949238,26.700335070890958,0.7090431636692245,18,2,1.0
8,20,3,5,40.0,35.31370849898476,20.677990932685397,0.5855513853290111,16,2,1.0
8,20,3,6,40.0,35.31370849898476,23.316158122302333,0.6602579879984186,16,2,1.0
8,20,3,7,40.0,36.48528137423857,21.158495485349597,0.5799186600295518,17,2,1.0
8,20,4,0,40.0,35.31370849898476,25.49800131451881,0.7220425834135165,16,2,1.0
8,20,4,1,40.0,36.48528137423857,24.90630315105332,0.6826397443830349,17,2,1.0
8,20,4,2,40.0,34.14213562373095,20.533111760556103,0.6014009195805633,15,2,1.0
8,20,4,3,40.0,36.48528137423857,23.111214741570315,0.6334393999737281,17,2,1.0
8,20,4,4,40.0,35.31370849898476,22.062785407860012,0.6247654620724499,16,2,1.0
8,20,4,5,40.0,34.14213562373095,20.670257142569355,0.6054178148188895,15,2,1.0
8,20,4,6,40.0,35.31370849898476,23.503518937528895,0.6655635994221508,16,2,1.0
8,20,4,7,40.0,38.82842712474619,24.35917360311745,0.6273541167366222,19,2,1.0
8,20,5,0,40.0,35.31370849898476,20.79372896115354,0.5888288102551263,16,2,1.0
8,20,5,1,40.0,37.65685424949238,24.50750842499648,0.6508113572797134,18,2,1.0
8,20,5,2,40.0,35.31370849898476,21.06858171022871,0.5966119845734813,16,2,1.0
8,20,5,3,40.0,32.97056274847714,21.821152790699248,0.6618374383587715,14,2,1.0
8,20,5,4,40.0,35.31370849898476,22.667921560051006,0.6419014746271321,16,2,1.0
8,20,5,5,40.0,35.31370849898476,20.952879891146026,0.5933355850108012,16,2,1.0
8,20,5,6,40.0,34.14213562373095,21.248030002915225,0.6223403900998652,15,2,1.0
8,20,5,7,40.0,34.14213562373095,24.77384121682504,0.7256090096369264,15,2,1.0
9,20,0,0,40.0,35.31370849898476,23.64286458283107,0.6695095357518394,16,2,1.0
9,20,0,1,40.0,34.14213562373095,22.467969014192555,0.6580715764767769,15,2,1.0
9,20,0,2,40.0,36.48528137423857,20.176584659154145,0.5530061410846177,17,2,1.0
9,20,0,3,40.0,36.48528137423857,22.01541439715683,0.6034053615028832,17,2,1.0
9,20,0,4,40.0,36.48528137423857,23.512156048200396,0.6444285246708223,17,2,1.0
9,20,0,5,40.0,35.31370849898476,23.906613698280424,0.6769782816485479,16,2,1.0
9,20,0,6,40.0,35.31370849898476,22.71015160155641,0.6430973286821267,16,2,1.0
9,20,0,7,40.0,35.31370849898476,22.477983315516454,0.6365228765526758,16,2,1.0
9,20,0,8,40.0,34.14213562373095,23.012663913404012,0.6740253207069082,15,2,1.0
9,20,1,0,40.0,34.14213562373095,22.837386603910403,0.6688915671706538,15,2,1.0
9,20,1,1,40.0,34.14213562373095,23.03896664690921,0.6747957099349012,15,2,1.0
9,20,1,2,40.0,34.14213562373095,23.07857346296092,0.6759557667189351,15,2,1.0
9,20,1,3,40.0,36.48528137423857,21.466124552706027,0.5883502536960774,17,2,1.0
9,20,1,4,40.0,36.48528137423857,23.153103556933658,0.6345875017228603,17,2,1.0
9,20,1,5,40.0,35.31370849898476,22.765802538261358,0.6446732304797684,16,2,1.0
9,20,1,6,40.0,35.31370849898476,21.37446456632629,0.6052738575145906,16,2,1.0
9,20,1,7,40.0,35.31370849898476,23.971456360041767,0.678814471177133,16,2,1.0
9,20,1,8,40.0,32.97056274847714,23.356262609977534,0.7083974510279271,14,2,1.0
9,20,2,0,40.0,36.48528137423857,21.482378096623805,0.5887957359098792,17,2,1.0
9,20,2,1,40.0,34.14213562373095,23.92283116231126,0.7006835022260112,15,2,1.0
9,20,2,2,40.0,35.31370849898476,22.536624746237212,0.6381834620083904,16,2,1.0
9,20,2,3,40.0,32.97056274847714,21.915623822380088,0.6647027528637598,14,2,1.0355339059327375
9,20,2,4,40.0,32.97056274847714,21.81530065494305,0.6616599425786466,14,2,1.0
9,20,2,5,40.0,34.14213562373095,23.09865935210599,0.676544068791378,15,2,1.0
9,20,2,6,40.0,32.97056274847714,21.221774459705593,0.6436582420991827,14,2,1.0
9,20,2,7,40.0,36.48528137423857,21.8366530522817,0.5985058146680504,17,2,1.0
9,20,2,8,40.0,34.14213562373095,22.92047852526287,0.6713252732008855,15,2,1.0
9,20,3,0,40.0,34.14213562373095,19.795564511323366,0.5797986607950849,15,2,1.0
9,20,3,1,40.0,32.97056274847714,23.300337921730474,0.7067012504300273,14,2,1.0
9,20,3,2,40.0,35.31370849898476,23.77081164730658,0.6731326914586151,16,2,1.0
9,20,3,3,40.0,35.31370849898476,22.379048101392986,0.6337212672533774,16,2,1.0
9,20,3,4,40.0,36.48528137423857,20.043685408991095,0.5493635968816589,17,2,1.0
9,20,3,5,40.0,34.14213562373095,20.63783924740214,0.6044683166526212,15,2,1.0
9,20,3,6,40.0,36.48528137423857,22.96171963066168,0.6293419912303165,17,2,1.0
9,20,3,7,40.0,34.14213562373095,21.255957930392235,0.6225725937195913,15,2,1.0
9,20,3,8,40.0,34.14213562373095,21.961590346640584,0.6432400886890006,15,2,1.0
9,20,4,0,40.0,38.82842712474619,18.82842712474619,0.4849134646699719,19,2,1.0
9,20,4,1,40.0,32.97056274847714,22.035755377530865,0.6683463532495715,14,2,1.0
9,20,4,2,40.0,32.97056274847714,20.35897945700288,0.6174895955618237,14,2,1.0
9,20,4,3,40.0,36.48528137423857,22.026386721860455,0.6037060944091496,17,2,1.0
9,20,4,4,40.0,34.14213562373095,20.908592899558794,0.6123985075211873,15,2,1.0
9,20,4,5,40.0,34.14213562373095,22.468956496671506,0.6581004991689552,15,2,1.0
9,20,4,6,40.0,37.65685424949238,20.95899330460569,0.556578442950747,18,2,1.0
9,20,4,7,40.0,35.31370849898476,22.13814811941938,0.6268995543205504,16,2,1.0
9,20,4,8,40.0,36.48528137423857,23.21701948265718,0.6363393294001068,17,2,1.0
9,20,5,0,40.0,35.31370849898476,19.81564850586326,0.5611319045246392,16,2,1.0
9,20,5,1,40.0,34.14213562373095,22.439118465197446,0.6572265634608058,15,2,1.0
9,20,5,2,40.0,32.97056274847714,24.45983227382891,0.7418688137180391,14,2,1.0
9,20,5,3,40.0,37.65685424949238,20.88963333016455,0.55473654787418,18,2,1.0
9,20,5,4,40.0,37.65685424949238,24.837788396302642,0.659582136939584,18,2,1.0
9,20,5,5,40.0,32.97056274847714,22.7229791215892,0.6891899084324468,14,2,1.0
9,20,5,6,40.0,32.97056274847714,23.240337918911404,0.70488144519113,14,2,1.0
9,20,5,7,40.0,37.65685424949238,21.30446063237567,0.565752531829258,18,2,1.0
9,20,5,8,40.0,32.97056274847714,23.424441125724748,0.7104653112663867,14,2,1.0355339059327375
10,20,0,0,40.0,31.798989873223334,22.261800780020017,0.7000788663027877,13,2,1.0
10,20,0,1,40.0,36.48528137423857,23.414279618844105,0.641745896891353,17,2,1.0
10,20,0,2,40.0,36.48528137423857,23.021250137699536,0.6309736219810085,17,2,1.0
10,20,0,3,40.0,35.31370849898476,22.314519969100978,0.6318939844491978,16,2,1.0
10,20,0,4,40.0,35.31370849898476,21.017419059494053,0.5951631803297659,16,2,1.0
10,20,0,5,40.0,34.14213562373095,23.052415673721534,0.6751896228101982,15,2,1.0
10,20,0,6,40.0,38.82842712474619,22.47213595499958,0.5787547325263043,19,2,1.0
10,20,0,7,40.0,36.48528137423857,20.70828647349232,0.5675791906627304,17,2,1.0
10,20,0,8,40.0,35.31370849898476,22.571882959405173,0.6391818905129745,16,2,1.0
10,20,0,9,40.0,34.14213562373095,24.797669243190974,0.7263069163709555,15,2,1.0
10,20,1,0,40.0,36.48528137423857,25.113444321030972,0.6883171343379856,17,2,1.0
10,20,1,1,40.0,34.14213562373095,20.744543840472794,0.6075936218252855,15,2,1.0
10,20,1,2,40.0,34.14213562373095,20.793991431231124,0.6090419082272633,15,2,1.0
10,20,1,3,40.0,36.48528137423857,23.981207136119053,0.657284423549811,17,2,1.0
10,20,1,4,40.0,35.31370849898476,22.494834134548885,0.6370000515577567,16,2,1.033176149576233
10,20,1,5,40.0,32.97056274847714,24.33984464072057,0.7382295785001362,14,2,1.0
10,20,1,6,40.0,36.48528137423857,19.367147418269987,0.5308208320943549,17,2,1.0
10,20,1,7,40.0,34.14213562373095,22.49296210912767,0.6588036072791427,15,2,1.0
10,20,1,8,40.0,34.14213562373095,22.486200482612276,0.6586055638236917,15,2,1.0
10,20,1,9,40.0,36.48528137423857,21.322063671277263,0.5844017880134067,17,2,1.0
10,20,2,0,40.0,35.31370849898476,21.221439379157605,0.6009405491855296,16,2,1.0
10,20,2,1,40.0,35.31370849898476,23.8349122603656,0.674947867937768,16,2,1.0
10,20,2,2,40.0,32.97056274847714,23.87244457627839,0.724053294400655,14,2,1.0
10,20,2,3,40.0,36.48528137423857,20.365348349186867,0.5581798353230292,17,2,1.0
10,20,2,4,40.0,34.14213562373095,22.36767478098697,0.6551340263975759,15,2,1.0
10,20,2,5,40.0,34.14213562373095,21.013288918709065,0.615464982925775,15,2,1.0
10,20,2,6,40.0,37.65685424949238,21.089724298507353,0.560050081687098,18,2,1.0
10,20,2,7,40.0,35.31370849898476,22.105595950358026,0.6259777545310355,16,2,1.0000000000000002
10,20,2,8,40.0,35.31370849898476,22.580245469368414,0.6394186968501928,16,2,1.0
10,20,2,9,40.0,34.14213562373095,21.161412091490632,0.6198034102114605,15,2,1.0
10,20,3,0,40.0,35.31370849898476,23.01572180477593,0.6517503480394197,16,2,1.0
10,20,3,1,40.0,35.31370849898476,22.274078552015688,0.6307487799718359,16,2,1.0
10,20,3,2,40.0,36.48528137423857,23.011615881197223,0.6307095632663862,17,2,1.0
10,20,3,3,40.0,37.65685424949238,21.04862717754106,0.5589587233730443,18,2,1.0
10,20,3,4,40.0,36.48528137423857,22.170115129884195,0.6076454475567786,17,2,1.0
10,20,3,5,40.0,36.48528137423857,22.28469515504083,0.610785892712768,17,2,1.0
10,20,3,6,40.0,35.31370849898476,21.150973087487863,0.5989451118705342,16,2,1.0
10,20,3,7,40.0,36.48528137423857,22.524082380940975,0.6173470926510305,17,2,1.0
10,20,3,8,40.0,32.97056274847714,22.730732075126895,0.6894250561791455,14,2,1.0
10,20,3,9,40.0,35.31370849898476,24.26329461339852,0.6870786344655949,16,2,1.0
10,20,4,0,40.0,36.48528137423857,23.22094030466227,0.6364467925155718,17,2,1.0
10,20,4,1,40.0,36.48528137423857,21.466124552705963,0.5883502536960756,17,2,1.0
10,20,4,2,40.0,34.14213562373095,20.660628200355173,0.6051357896310015,15,2,1.0
10,20,4,3,40.0,36.48528137423857,20.320811466692085,0.5569591545219698,17,2,1.0
10,20,4,4,40.0,34.14213562373095,23.176602972942725,0.6788269845906626,15,2,1.0
10,20,4,5,40.0,37.65685424949238,23.152982445082948,0.614841120070327,18,2,1.0
10,20,4,6,40.0,36.48528137423857,21.58789377247195,0.5916877425458112,17,2,1.0
10,20,4,7,40.0,35.31370849898476,20.56800772842655,0.5824369232990034,16,2,1.0
10,20,4,8,40.0,32.97056274847714,22.366471619394357,0.6783770052704796,14,2,1.0
10,20,4,9,40.0,35.31370849898476,23.76692213062809,0.6730225496229423,16,2,1.0
10,20,5,0,40.0,34.14213562373095,23.627128653021828,0.6920225762503115,15,2,1.0
10,20,5,1,40.0,35.31370849898476,21.745008082646628,0.6157667661347938,16,2,1.0
10,20,5,2,40.0,36.48528137423857,21.46143063139094,0.5882216012329939,17,2,1.0
10,20,5,3,40.0,34.14213562373095,21.299653823395147,0.6238524167946464,15,2,1.0
10,20,5,4,40.0,35.31370849898476,22.561933269147488,0.6389001390153097,16,2,1.0
10,20,5,5,40.0,36.48528137423857,21.305156587239416,0.5839383933676473,17,2,1.0
10,20,5,6,40.0,35.31370849898476,22.152203033326746,0.6272975559608418,16,2,1.0
10,20,5,7,40.0,36.48528137423857,23.596067937579946,0.646728407972224,17,2,1.0
10,20,5,8,40.0,32.97056274847714,22.16618623953883,0.6723023324969681,14,2,1.0
10,20,5,9,40.0,35.31370849898476,24.09812735543759,0.6824014916510508,16,2,1.0
1,21,0,0,42.0,38.48528137423857,19.719786109044932,0.512398127410991,18,2,1.0
1,21,1,0,42.0,36.14213562373095,21.52940953138082,0.5956872542209319,16,2,1.0
1,21,2,0,42.0,38.48528137423857,21.753899343685767,0.5652524437107918,18,2,1.0
1,21,3,0,42.0,38.48528137423857,20.113412446982103,0.5226260983100334,18,2,1.0
1,21,4,0,42.0,34.97056274847714,22.94467134487884,0.656113872399094,15,2,1.0
1,21,5,0,42.0,38.48528137423857,23.403194778957655,0.6081076698226605,18,2,1.0
2,21,0,0,42.0,36.14213562373095,22.082399597114467,0.6109876800588161,16,2,1.0
2,21,0,1,42.0,38.48528137423857,23.265515911469386,0.6045302276792746,18,2,1.0
2,21,1,0,42.0,36.14213562373095,24.9080078129518,0.6891681242155814,16,2,1.0
2,21,1,1,42.0,36.14213562373095,23.986700472543482,0.6636768984064627,16,2,1.0
2,21,2,0,42.0,38.48528137423857,21.760461278989624,0.5654229487732348,18,2,1.0
2,21,2,1,42.0,38.48528137423857,21.075095113532264,0.5476144219550801,18,2,1.0
2,21,3,0,42.0,37.31370849898476,22.322363189110206,0.5982349138445341,17,2,1.0
2,21,3,1,42.0,36.14213562373095,24.274298385814653,0.6716343117775291,16,2,1.0
2,21,4,0,42.0,37.31370849898476,24.23623717521579,0.6495263577426301,17,2,1.0
2,21,4,1,42.0,38.48528137423857,25.23072685687422,0.6555941896728151,18,2,1.0
2,21,5,0,42.0,36.14213562373095,20.944817096428515,0.5795124370756922,16,2,1.0
2,21,5,1,42.0,37.31370849898476,20.198578067851297,0.5413178930848127,17,2,1.0
3,21,0,0,42.0,36.14213562373095,23.078423636861345,0.6385462075934449,16,2,1.0
3,21,0,1,42.0,37.31370849898476,23.348971425367598,0.6257478113171968,17,2,1.0
3,21,0,2,42.0,38.48528137423857,24.044782528550833,0.6247786600475793,18,2,1.0
3,21,1,0,42.0,36.14213562373095,21.112968276035552,0.5841649341322477,16,2,1.0
3,21,1,1,42.0,36.14213562373095,23.083088281708502,0.6386752714898267,16,2,1.0
3,21,1,2,42.0,37.31370849898476,19.39959515530166,0.5199053092197868,17,2,1.0
3,21,2,0,42.0,33.798989873223334,23.16736645960486,0.6854455280025633,14,2,1.0
3,21,2,1,42.0,37.31370849898476,24.347309341331496,0.6525030698032586,17,2,1.0
3,21,2,2,42.0,34.97056274847714,25.138774365849496,0.7188552997175949,15,2,1.0
3,21,3,0,42.0,39.65685424949238,25.0746383759815,0.632290151362736,19,2,1.0
3,21,3,1,42.0,36.14213562373095,22.09547234523723,0.6113493838678787,16,2,1.0
3,21,3,2,42.0,37.31370849898476,23.90627963387614,0.6406835609633008,17,2,1.0
3,21,4,0,42.0,36.14213562373095,25.125908341915377,0.6951971129624583,16,2,1.0
3,21,4,1,42.0,36.14213562373095,21.646417160608802,0.5989246840852357,16,2,1.0
3,21,4,2,42.0,38.48528137423857,24.34321024889761,0.6325329939043285,18,2,1.0
3,21,5,0,42.0,38.48528137423857,22.738068210366933,0.5908250478736901,18,2,1.0
3,21,5,1,42.0,38.48528137423857,25.677034402960302,0.6671910269609748,18,2,1.0
3,21,5,2,42.0,37.31370849898476,20.2348625184815,0.5422903091777129,17,2,1.0
4,21,0,0,42.0,38.48528137423857,22.142313526890803,0.5753449821913609,18,2,1.0
4,21,0,1,42.0,40.82842712474619,19.23606797749979,0.47114398795541085,20,2,1.0
4,21,0,2,42.0,37.31370849898476,20.822115537043196,0.5580285738044432,17,2,1.0
4,21,0,3,42.0,37.31370849898476,24.721144761132898,0.6625217850379443,17,2,1.0
4,21,1,0,42.0,37.31370849898476,21.857591703364918,0.585779130047061,17,2,1.0
4,21,1,1,42.0,34.97056274847714,22.267431540285862,0.6367478756473697,15,2,1.0
4,21,1,2,42.0,37.31370849898476,20.945790182402256,0.561343029813618,17,2,1.0
4,21,1,3,42.0,37.31370849898476,21.867234158105475,0.5860375459249901,17,2,1.0
4,21,2,0,42.0,38.48528137423857,23.49536181875211,0.610502534469698,18,2,1.0
4,21,2,1,42.0,34.97056274847714,23.08584569031028,0.6601508204587184,15,2,1.0
4,21,2,2,42.0,38.48528137423857,21.237167049198753,0.5518256925987963,18,2,1.0
4,21,2,3,42.0,37.31370849898476,24.220996458513554,0.6491179095525326,17,2,1.0
4,21,3,0,42.0,36.14213562373095,22.64309605583263,0.6265013305125543,16,2,1.0
4,21,3,1,42.0,38.48528137423857,19.97508673029151,0.5190318484630467,18,2,1.0
4,21,3,2,42.0,36.14213562373095,24.344734466955778,0.6735831750620461,16,2,1.0
4,21,3,3,42.0,39.65685424949238,21.139363336122575,0.5330569894205152,19,2,1.0
4,21,4,0,42.0,38.48528137423857,23.55189662075132,0.6119715324860944,18,2,1.0
4,21,4,1,42.0,36.14213562373095,20.883237872634403,0.5778086300722765,16,2,1.0
4,21,4,2,42.0,37.31370849898476,24.600328885223178,0.6592839434840015,17,2,1.0
4,21,4,3,42.0,34.97056274847714,25.397049398632518,0.7262407980477374,15,2,1.0
4,21,5,0,42.0,37.31370849898476,22.810350709889974,0.6113128827843688,17,2,1.0
4,21,5,1,42.0,34.97056274847714,23.192469835100628,0.6631997889742448,15,2,1.0
4,21,5,2,42.0,37.31370849898476,19.829594082121016,0.5314291953226934,17,2,1.0
4,21,5,3,42.0,37.31370849898476,21.911486302791957,0.5872234946410682,17,2,1.0
5,21,0,0,42.0,37.31370849898476,24.464013439883907,0.6556307165381198,17,2,1.0
5,21,0,1,42.0,36.14213562373095,23.342474811549174,0.6458521171677107,16,2,1.0
5,21,0,2,42.0,36.14213562373095,22.556429544616854,0.6241033949805193,16,2,1.0
5,21,0,3,42.0,36.14213562373095,24.84945922073984,0.687548170352824,16,2,1.0
5,21,0,4,42.0,34.97056274847714,23.26074000556254,0.6651520072142811,15,2,1.0
5,21,1,0,42.0,34.97056274847714,23.106559362754655,0.660743137848443,15,2,1.0
5,21,1,1,42.0,37.31370849898476,23.388293754302666,0.6268016419471953,17,2,1.0
5,21,1,2,42.0,36.14213562373095,22.13307350616742,0.6123897529628778,16,2,1.0
5,21,1,3,42.0,37.31370849898476,21.502630480808513,0.5762662395616228,17,2,1.0
5,21,1,4,42.0,37.31370849898476,23.565661885862283,0.6315550727557263,17,2,1.0000000000000002
5,21,2,0,42.0,38.48528137423857,23.57831346112247,0.6126579466015134,18,2,1.0
5,21,2,1,42.0,37.31370849898476,20.810657219835086,0.5577214931719078,17,2,1.0
5,21,2,2,42.0,37.31370849898476,25.567483772103955,0.6852035029645901,17,2,1.0
5,21,2,3,42.0,37.31370849898476,22.791329740927488,0.6108031245821519,17,2,1.0
5,21,2,4,42.0,36.14213562373095,21.404495091678292,0.5922310544821288,16,2,1.0
5,21,3,0,42.0,34.97056274847714,22.955596932654867,0.6564262948171891,15,2,1.0
5,21,3,1,42.0,38.48528137423857,25.367944245992312,0.6591596407808313,18,2,1.0
5,21,3,2,42.0,37.31370849898476,22.403859998835735,0.6004190122095557,17,2,1.0
5,21,3,3,42.0,37.31370849898476,25.931542482057715,0.6949602043110581,17,2,1.0
5,21,3,4,42.0,38.48528137423857,24.186906847991587,0.6284716126353156,18,2,1.0
5,21,4,0,42.0,39.65685424949238,24.683728923454204,0.622432852796693,19,2,1.0
5,21,4,1,42.0,37.31370849898476,25.414664665724125,0.6811079811703952,17,2,1.0
5,21,4,2,42.0,36.14213562373095,24.753621267475374,0.6848964744413756,16,2,1.0
5,21,4,3,42.0,36.14213562373095,22.270538938566613,0.6161932203016737,16,2,1.0
5,21,4,4,42.0,36.14213562373095,23.87717195129998,0.6606464045146855,16,2,1.0
5,21,5,0,42.0,37.31370849898476,23.491278639356942,0.6295616164765853,17,2,1.0
5,21,5,1,42.0,36.14213562373095,22.438551849355214,0.6208418916623745,16,2,1.0
5,21,5,2,42.0,37.31370849898476,22.753690484020744,0.6097943999492795,17,2,1.0
5,21,5,3,42.0,37.31370849898476,22.666824704426382,0.60746641425478,17,2,1.0
5,21,5,4,42.0,38.48528137423857,21.311079861718383,0.5537462401400989,18,2,1.0
6,21,0,0,42.0,37.31370849898476,25.329769746474728,0.6788328141429284,17,2,1.0
6,21,0,1,42.0,39.65685424949238,21.467561249999505,0.541332933644738,19,2,1.0
6,21,0,2,42.0,34.97056274847714,22.63249330503949,0.6471869917513713,15,2,1.0
6,21,0,3,42.0,38.48528137423857,23.68775186072373,0.6155015895656133,18,2,1.0
6,21,0,4,42.0,37.31370849898476,22.111786773032733,0.592591507585861,17,2,1.0
6,21,0,5,42.0,37.31370849898476,21.761516393561067,0.5832043307663498,17,2,1.0
6,21,1,0,42.0,36.14213562373095,24.818464174289197,0.6866905827776645,16,2,1.0
6,21,1,1,42.0,38.48528137423857,25.380552832951388,0.6594872617961609,18,2,1.0
6,21,1,2,42.0,38.48528137423857,21.76409195040511,0.5655172879929532,18,2,1.0
6,21,1,3,42.0,36.14213562373095,20.87040807321743,0.5774536482983563,16,2,1.0
6,21,1,4,42.0,36.14213562373095,23.10580451263194,0.6393037963550957,16,2,1.0
6,21,1,5,42.0,38.48528137423857,24.944831025955377,0.648165483925838,18,2,1.0
6,21,2,0,42.0,37.31370849898476,21.164067811094874,0.5671928270456074,17,2,1.0
6,21,2,1,42.0,36.14213562373095,22.312643454363204,0.6173581906353289,16,2,1.0
6,21,2,2,42.0,40.82842712474619,22.82842712474619,0.559130702120774,20,2,1.0
6,21,2,3,42.0,39.65685424949238,22.40790509276668,0.5650449466261814,19,2,1.0
6,21,2,4,42.0,37.31370849898476,25.4861836751138,0.6830246764619291,17,2,1.0
6,21,2,5,42.0,37.31370849898476,22.569992757104707,0.6048713372383985,17,2,1.0
6,21,3,0,42.0,36.14213562373095,22.097895682205163,0.6114164340553154,16,2,1.0
6,21,3,1,42.0,38.48528137423857,24.16449849389801,0.6278893548657627,18,2,1.0
6,21,3,2,42.0,38.48528137423857,22.363315124077644,0.5810874787847411,18,2,1.0
6,21,3,3,42.0,36.14213562373095,25.125865709079175,0.6951959333742723,16,2,1.0
6,21,3,4,42.0,37.31370849898476,22.084606560563117,0.5918630832731085,17,2,1.0
6,21,3,5,42.0,37.31370849898476,23.811573447587172,0.6381454539217146,17,2,1.0
6,21,4,0,42.0,36.14213562373095,22.13088307464914,0.6123291469283842,16,2,1.0
6,21,4,1,42.0,34.97056274847714,21.054403501824737,0.602060757593659,15,2,1.0
6,21,4,2,42.0,37.31370849898476,22.582424826233783,0.6052045142296218,17,2,1.0
6,21,4,3,42.0,36.14213562373095,23.51252646162853,0.6505571974609654,16,2,1.0
6,21,4,4,42.0,36.14213562373095,26.525786137204282,0.7339296828875667,16,2,1.0
6,21,4,5,42.0,36.14213562373095,26.15730590263685,0.7237343740545853,16,2,1.0
6,21,5,0,42.0,36.14213562373095,23.210526169156694,0.6422012913347779,16,2,1.0
6,21,5,1,42.0,38.48528137423857,23.297579962555396,0.6053633786902861,18,2,1.0
6,21,5,2,42.0,34.97056274847714,26.060050673753068,0.7451996372259666,15,2,1.0
6,21,5,3,42.0,37.31370849898476,20.917339985313,0.5605805701645047,17,2,1.0
6,21,5,4,42.0,37.31370849898476,22.779710303448077,0.610491725958246,17,2,1.0
6,21,5,5,42.0,37.31370849898476,23.972751324484893,0.642464989110829,17,2,1.0
7,21,0,0,42.0,37.31370849898476,23.99147514193327,0.6429667837113011,17,2,1.0
7,21,0,1,42.0,34.97056274847714,21.737045979736635,0.6215812463779472,15,2,1.0335016877961114
7,21,0,2,42.0,40.82842712474619,26.35917360311745,0.64560835328239,20,2,1.0
7,21,0,3,42.0,37.31370849898476,26.047374893799557,0.698064490011982,17,2,1.0
7,21,0,4,42.0,37.31370849898476,20.209399225850404,0.5416078979766985,17,2,1.0
7,21,0,5,42.0,37.31370849898476,22.506266688609582,0.6031634912199075,17,2,1.0
7,21,0,6,42.0,37.31370849898476,20.242950069653688,0.5425070539478665,17,2,1.0
7,21,1,0,42.0,39.65685424949238,24.844273994930617,0.6264812089892035,19,2,1.0
7,21,1,1,42.0,34.97056274847714,24.700409812522196,0.7063200552469754,15,2,1.0
7,21,1,2,42.0,34.97056274847714,20.99596636646212,0.6003897197043656,15,2,1.0
7,21,1,3,42.0,36.14213562373095,22.96420836662339,0.6353860382158788,16,2,1.0
7,21,1,4,42.0,36.14213562373095,22.168055410521113,0.6133576510615923,16,2,1.0
7,21,1,5,42.0,37.31370849898476,21.2855840510486,0.5704494382172638,17,2,1.0
7,21,1,6,42.0,39.65685424949238,22.745265082666236,0.5735519247081324,19,2,1.0
7,21,2,0,42.0,37.31370849898476,20.8829396117617,0.5596586469642889,17,2,1.0
7,21,2,1,42.0,37.31370849898476,24.269043673399167,0.6504055653985582,17,2,1.0
7,21,2,2,42.0,37.31370849898476,21.952735652818156,0.5883289690547765,17,2,1.0
7,21,2,3,42.0,36.14213562373095,23.030571026245777,0.6372221958882776,16,2,1.0
7,21,2,4,42.0,37.31370849898476,22.32066704513023,0.5981894575216916,17,2,1.0
7,21,2,5,42.0,38.48528137423857,23.86516997381174,0.6201116146648912,18,2,1.0
7,21,2,6,42.0,36.14213562373095,26.18559093465544,0.7245169794964181,16,2,1.0
7,21,3,0,42.0,37.31370849898476,25.866353164325055,0.6932131435027111,17,2,1.0
7,21,3,1,42.0,38.48528137423857,21.913183749322336,0.5693912832865676,18,2,1.0
7,21,3,2,42.0,36.14213562373095,24.2125712752169,0.6699264129626836,16,2,1.0
7,21,3,3,42.0,37.31370849898476,20.648950191881127,0.5533877768392533,17,2,1.0
7,21,3,4,42.0,37.31370849898476,21.807917219431193,0.5844478637127304,17,2,1.0
7,21,3,5,42.0,36.14213562373095,24.623894893736107,0.6813071355298673,16,2,1.0324157069037323
7,21,3,6,42.0,37.31370849898476,20.02539937390071,0.5366767383747334,17,2,1.0
7,21,4,0,42.0,39.65685424949238,21.388316036725787,0.5393346608423829,19,2,1.0
7,21,4,1,42.0,36.14213562373095,22.880815411622898,0.6330786771935895,16,2,1.0
7,21,4,2,42.0,37.31370849898476,21.082371301437483,0.5650033767619506,17,2,1.0
7,21,4,3,42.0,39.65685424949238,24.656991753840842,0.6217586397225761,19,2,1.0
7,21,4,4,42.0,36.14213562373095,24.43389519820215,0.676050122012127,16,2,1.0
7,21,4,5,42.0,37.31370849898476,24.78518367506667,0.6642380152522506,17,2,1.0
7,21,4,6,42.0,37.31370849898476,21.799238464953184,0.5842152748110336,17,2,1.0
7,21,5,0,42.0,34.97056274847714,21.36568282378189,0.6109619389728664,15,2,1.0
7,21,5,1,42.0,38.48528137423857,22.133278719214765,0.5751102221128732,18,2,1.0
7,21,5,2,42.0,34.97056274847714,24.96912359932238,0.7140040547505833,15,2,1.0
7,21,5,3,42.0,37.31370849898476,21.13970085420204,0.5665397974253139,17,2,1.0
7,21,5,4,42.0,33.798989873223334,23.91054804648287,0.7074338060447655,14,2,1.0
7,21,5,5,42.0,37.31370849898476,23.47968578024583,0.6292509301476874,17,2,1.0
7,21,5,6,42.0,37.31370849898476,22.48628063789738,0.6026278690178756,17,2,1.0
8,21,0,0,42.0,37.31370849898476,22.682698318614698,0.6078918239721965,17,2,1.0
8,21,0,1,42.0,37.31370849898476,21.0314032974629,0.5636374443466301,17,2,1.0
8,21,0,2,42.0,34.97056274847714,23.713637885146873,0.6781028391137208,15,2,1.0335016877961114
8,21,0,3,42.0,38.48528137423857,23.200005968869682,0.6028280199712764,18,2,1.0
8,21,0,4,42.0,38.48528137423857,25.063064485220654,0.6512376573657447,18,2,1.0
8,21,0,5,42.0,39.65685424949238,21.780823356230705,0.5492322517363945,19,2,1.0
8,21,0,6,42.0,36.14213562373095,22.46205808130305,0.6214922746998505,16,2,1.0
8,21,0,7,42.0,37.31370849898476,24.235280143156864,0.6495007094729344,17,2,1.0
8,21,1,0,42.0,34.97056274847714,22.81691068491306,0.6524604951033185,15,2,1.0
8,21,1,1,42.0,39.65685424949238,25.595241580617234,0.6454178493228534,19,2,1.0
8,21,1,2,42.0,37.31370849898476,23.50717933411961,0.6299877519480327,17,2,1.0
8,21,1,3,42.0,36.14213562373095,23.075890119321386,0.6384761088708256,16,2,1.0
8,21,1,4,42.0,37.31370849898476,21.708411873713693,0.5817811401486491,17,2,1.0
8,21,1,5,42.0,38.48528137423857,24.114997172106335,0.6266031145155802,18,2,1.0
8,21,1,6,42.0,38.48528137423857,22.429927992772726,0.5828183448799458,18,2,1.0
8,21,1,7,42.0,38.48528137423857,21.56260863279615,0.5602819535894004,18,2,1.0
8,21,2,0,42.0,38.48528137423857,23.093471816822408,0.6000598408585577,18,2,1.0
8,21,2,1,42.0,37.31370849898476,24.37479760722915,0.6532397498868907,17,2,1.0
8,21,2,2,42.0,37.31370849898476,19.940861090098906,0.5344111291066516,17,2,1.0
8,21,2,3,42.0,38.48528137423857,22.659267594929684,0.588777495858389,18,2,1.0
8,21,2,4,42.0,37.31370849898476,23.71023188120059,0.6354295200072569,17,2,1.0
8,21,2,5,42.0,38.48528137423857,23.24239388244357,0.6039294258090485,18,2,1.0
8,21,2,6,42.0,36.14213562373095,24.445267014657478,0.6763647635312037,16,2,1.0
8,21,2,7,42.0,37.31370849898476,23.834866041010912,0.6387696908137506,17,2,1.0
8,21,3,0,42.0,37.31370849898476,22.51329331039132,0.6033518032924512,17,2,1.0
8,21,3,1,42.0,37.31370849898476,22.794201757131184,0.610880094047778,17,2,1.0
8,21,3,2,42.0,37.31370849898476,23.173557854470182,0.6210467623474277,17,2,1.0
8,21,3,3,42.0,38.48528137423857,25.083989269279535,0.6517813661113143,18,2,1.0
8,21,3,4,42.0,36.14213562373095,24.116282106115722,0.6672622325693713,16,2,1.0
8,21,3,5,42.0,38.48528137423857,21.482932011382378,0.5582116394701147,18,2,1.0
8,21,3,6,42.0,36.14213562373095,22.779740925657915,0.6302820940857939,16,2,1.0
8,21,3,7,42.0,37.31370849898476,23.7963466053091,0.6377373775634377,17,2,1.0
8,21,4,0,42.0,37.31370849898476,20.160333513649476,0.5402929466042756,17,2,1.0
8,21,4,1,42.0,38.48528137423857,25.4420215760612,0.6610844631395025,18,2,1.0
8,21,4,2,42.0,39.65685424949238,26.790052866820552,0.6755465952563161,19,2,1.0
8,21,4,3,42.0,34.97056274847714,21.376211098191003,0.6112630000248386,15,2,1.0
8,21,4,4,42.0,34.97056274847714,23.2136542107295,0.6638055663470952,15,2,1.0
8,21,4,5,42.0,38.48528137423857,23.113614904051673,0.6005832380252144,18,2,1.0
8,21,4,6,42.0,34.97056274847714,24.784695026720176,0.7087302313371971,15,2,1.0
8,21,4,7,42.0,39.65685424949238,23.03865721729472,0.5809501952008617,19,2,1.0
8,21,5,0,42.0,36.14213562373095,22.376025932981797,0.6191118910607397,16,2,1.0
8,21,5,1,42.0,34.97056274847714,22.21702889281477,0.6353065877895331,15,2,1.0
8,21,5,2,42.0,36.14213562373095,22.1956728925569,0.6141217863723362,16,2,1.0
8,21,5,3,42.0,36.14213562373095,23.36086066323876,0.6463608267769324,16,2,1.0
8,21,5,4,42.0,36.14213562373095,22.029841366498882,0.609533470734753,16,2,1.0
8,21,5,5,42.0,38.48528137423857,23.326012499435606,0.6061021685825497,18,2,1.0
8,21,5,6,42.0,36.14213562373095,22.246799647117875,0.6155363888488817,16,2,1.0
8,21,5,7,42.0,38.48528137423857,23.657424143819618,0.6147135553919977,18,2,1.0
9,21,0,0,42.0,36.14213562373095,21.578535397467153,0.5970464950416121,16,2,1.0
9,21,0,1,42.0,37.31370849898476,22.485214845489594,0.6025993059923641,17,2,1.0
9,21,0,2,42.0,36.14213562373095,22.28987978747779,0.6167283532864128,16,2,1.0
9,21,0,3,42.0,34.97056274847714,22.79893087574924,0.6519463538441932,15,2,1.0
9,21,0,4,42.0,38.48528137423857,23.280644162295197,0.6049233195389573,18,2,1.0
9,21,0,5,42.0,34.97056274847714,23.086483945387453,0.6601690716685077,15,2,1.0
9,21,0,6,42.0,34.97056274847714,21.601789326523512,0.6177135175631168,15,2,1.0
9,21,0,7,42.0,38.48528137423857,22.217943878317683,0.5773101581944006,18,2,1.0
9,21,0,8,42.0,38.48528137423857,21.92067619896197,0.5695859667960054,18,2,1.0
9,21,1,0,42.0,36.14213562373095,21.80696486036651,0.603366803981778,16,2,1.0
9,21,1,1,42.0,34.97056274847714,23.44970094661358,0.6705554358754132,15,2,1.0
9,21,1,2,42.0,37.31370849898476,24.244471704509003,0.6497470414973268,17,2,1.0
9,21,1,3,42.0,37.31370849898476,24.432635739029998,0.6547898003677326,17,2,1.0
9,21,1,4,42.0,39.65685424949238,23.349874592501514,0.5887979526969263,19,2,1.0
9,21,1,5,42.0,37.31370849898476,26.245252650832178,0.7033675747224714,17,2,1.0
9,21,1,6,42.0,37.31370849898476,23.619244113220876,0.632991065840146,17,2,1.0
9,21,1,7,42.0,38.48528137423857,27.34413203537528,0.7105088246458555,18,2,1.0
9,21,1,8,42.0,37.31370849898476,22.535592522050834,0.6039494177498864,17,2,1.0
9,21,2,0,42.0,34.97056274847714,24.040790162514668,0.6874579152593582,15,2,1.0
9,21,2,1,42.0,37.31370849898476,22.1340852631038,0.5931891027048686,17,2,1.0
9,21,2,2,42.0,38.48528137423857,23.060535853983897,0.5992040341277133,18,2,1.0
9,21,2,3,42.0,37.31370849898476,25.005670381664288,0.6701470153347167,17,2,1.0
9,21,2,4,42.0,38.48528137423857,24.775273925464983,0.6437597190610422,18,2,1.0
9,21,2,5,42.0,38.48528137423857,24.161434520115066,0.6278097406944865,18,2,1.0
9,21,2,6,42.0,37.31370849898476,23.16303835567777,0.6207648418625555,17,2,1.0
9,21,2,7,42.0,37.31370849898476,22.67943261923011,0.6078043038752682,17,2,1.0
9,21,2,8,42.0,36.14213562373095,23.230145227251107,0.6427441219604682,16,2,1.0
9,21,3,0,42.0,36.14213562373095,24.75532060269586,0.6849434925600107,16,2,1.0
9,21,3,1,42.0,38.48528137423857,25.56949610549615,0.6643967561742179,18,2,1.0
9,21,3,2,42.0,38.48528137423857,25.050662258034695,0.650915398394442,18,2,1.0
9,21,3,3,42.0,37.31370849898476,20.875829327294866,0.5594680927483491,17,2,1.0
9,21,3,4,42.0,37.31370849898476,21.940859912514576,0.5880107015659285,17,2,1.0
9,21,3,5,42.0,39.65685424949238,26.712060802807855,0.6735799222690432,19,2,1.0
9,21,3,6,42.0,39.65685424949238,24.958993304605727,0.6293740080234732,19,2,1.0
9,21,3,7,42.0,36.14213562373095,21.11820966364735,0.5843099556568848,16,2,1.0
9,21,3,8,42.0,37.31370849898476,25.517597379032594,0.6838665575073269,17,2,1.0
9,21,4,0,42.0,34.97056274847714,23.11364073351995,0.660945633038933,15,2,1.0
9,21,4,1,42.0,39.65685424949238,21.670687188805154,0.5464550226921376,19,2,1.0
9,21,4,2,42.0,38.48528137423857,23.545788465395002,0.6118128184235175,18,2,1.0
9,21,4,3,42.0,34.97056274847714,22.156538579962017,0.6335768383060082,15,2,1.0
9,21,4,4,42.0,36.14213562373095,22.892061618599982,0.6333898432822281,16,2,1.0
9,21,4,5,42.0,38.48528137423857,25.06307322509751,0.6512378844623528,18,2,1.0
9,21,4,6,42.0,37.31370849898476,22.571386330702225,0.6049086847348972,17,2,1.0
9,21,4,7,42.0,37.31370849898476,21.389245317439297,0.5732275396325525,17,2,1.0
9,21,4,8,42.0,36.14213562373095,22.689334500514388,0.6277806806086067,16,2,1.0
9,21,5,0,42.0,36.14213562373095,23.225891682879837,0.6426264326126235,16,2,1.0
9,21,5,1,42.0,34.97056274847714,21.336121576186265,0.6101166209318546,15,2,1.0
9,21,5,2,42.0,39.65685424949238,24.828548236596852,0.6260846632058483,19,2,1.0
9,21,5,3,42.0,34.97056274847714,23.303580290372693,0.6663770456878761,15,2,1.0
9,21,5,4,42.0,37.31370849898476,25.59375230891773,0.6859074945502693,17,2,1.0
9,21,5,5,42.0,37.31370849898476,24.215341959522828,0.6489663700991202,17,2,1.0
9,21,5,6,42.0,39.65685424949238,22.831309558117056,0.575721649893834,19,2,1.0
9,21,5,7,42.0,37.31370849898476,20.265050877609912,0.5430993512253356,17,2,1.0
9,21,5,8,42.0,37.31370849898476,25.981530681679835,0.696299878163725,17,2,1.0
10,21,0,0,42.0,34.97056274847714,21.06177591385672,0.6022715752486395,15,2,1.0
10,21,0,1,42.0,36.14213562373095,22.467654653105832,0.6216471236512531,16,2,1.0
10,21,0,2,42.0,36.14213562373095,23.11715094935898,0.639617735654233,16,2,1.0
10,21,0,3,42.0,36.14213562373095,24.98873275535646,0.6914016652338839,16,2,1.0
10,21,0,4,42.0,38.48528137423857,23.526686658037193,0.6113164778310697,18,2,1.0
10,21,0,5,42.0,38.48528137423857,23.399337474203215,0.6080074417713978,18,2,1.0
10,21,0,6,42.0,36.14213562373095,23.760557741018467,0.6574198599768761,16,2,1.0
10,21,0,7,42.0,38.48528137423857,23.64021696439449,0.6142664447353858,18,2,1.0
10,21,0,8,42.0,38.48528137423857,23.963841321709396,0.6226754869915128,18,2,1.0
10,21,0,9,42.0,34.97056274847714,23.395701178959236,0.6690112866421644,15,2,1.0
10,21,1,0,42.0,38.48528137423857,21.291832824935383,0.5532461259121206,18,2,1.0
10,21,1,1,42.0,37.31370849898476,23.666276958020163,0.6342515367686941,17,2,1.0
10,21,1,2,42.0,36.14213562373095,22.887260377215505,0.6332569999595629,16,2,1.0
10,21,1,3,42.0,37.31370849898476,24.77017786001234,0.6638358623798085,17,2,1.0
10,21,1,4,42.0,33.798989873223334,22.48729211319081,0.665324383880655,14,2,1.0
10,21,1,5,42.0,38.48528137423857,25.914644639317117,0.6733650817651022,18,2,1.0
10,21,1,6,42.0,37.31370849898476,22.16456119223767,0.5940058515717013,17,2,1.0
10,21,1,7,42.0,36.14213562373095,25.970844062426366,0.7185752478161221,16,2,1.0
10,21,1,8,42.0,36.14213562373095,21.172125468750785,0.5858017270802657,16,2,1.0
10,21,1,9,42.0,38.48528137423857,23.625118400082492,0.6138741242488815,18,2,1.0
10,21,2,0,42.0,38.48528137423857,20.370938535453096,0.5293176458127464,18,2,1.0
10,21,2,1,42.0,36.14213562373095,23.085223912706674,0.6387343612741274,16,2,1.0
10,21,2,2,42.0,36.14213562373095,24.221446875486663,0.6701719878330279,16,2,1.0
10,21,2,3,42.0,37.31370849898476,21.334393950146847,0.5717575338491836,17,2,1.0
10,21,2,4,42.0,38.48528137423857,27.145248653614424,0.7053410468705841,18,2,1.0
10,21,2,5,42.0,36.14213562373095,21.69960141679034,0.6003962146205429,16,2,1.0
10,21,2,6,42.0,38.48528137423857,23.696137793003988,0.6157194892919713,18,2,1.0
10,21,2,7,42.0,36.14213562373095,21.478771314454917,0.5942861688657917,16,2,1.0
10,21,2,8,42.0,34.97056274847714,21.83462233486099,0.6243714890121926,15,2,1.0
10,21,2,9,42.0,36.14213562373095,22.512756849140096,0.6228950354100881,16,2,1.0
10,21,3,0,42.0,36.14213562373095,21.80825799372368,0.6034025830893169,16,2,1.0
10,21,3,1,42.0,38.48528137423857,22.923115106624863,0.5956332989673613,18,2,1.0
10,21,3,2,42.0,34.97056274847714,23.334660846926603,0.6672658090966167,15,2,1.0335016877961114
10,21,3,3,42.0,36.14213562373095,22.651191411492682,0.6267253171564078,16,2,1.0
10,21,3,4,42.0,36.14213562373095,21.761863885777245,0.6021189260185386,16,2,1.0
10,21,3,5,42.0,38.48528137423857,21.78800739041124,0.5661387058221117,18,2,1.0
10,21,3,6,42.0,34.97056274847714,24.815540918253596,0.7096122843872232,15,2,1.0
10,21,3,7,42.0,36.14213562373095,21.735765091219218,0.6013968105677602,16,2,1.0
10,21,3,8,42.0,37.31370849898476,18.188953201756462,0.48746034456080267,17,2,1.0
10,21,3,9,42.0,37.31370849898476,21.510458160685886,0.5764760198325274,17,2,1.0
10,21,4,0,42.0,37.31370849898476,21.202972943456256,0.5682354768900323,17,2,1.0
10,21,4,1,42.0,36.14213562373095,22.41204278581204,0.6201084246691908,16,2,1.0
10,21,4,2,42.0,37.31370849898476,20.04115178204733,0.5370988997942302,17,2,1.0
10,21,4,3,42.0,36.14213562373095,21.46782142121726,0.5939832013446785,16,2,1.0
10,21,4,4,42.0,33.798989873223334,22.83852556932658,0.6757162168156986,14,2,1.0
10,21,4,5,42.0,37.31370849898476,22.09293581102066,0.5920863055362554,17,2,1.0
10,21,4,6,42.0,37.31370849898476,24.026902837262995,0.6439162389317782,17,2,1.0
10,21,4,7,42.0,37.31370849898476,22.91331319052059,0.6140722568796404,17,2,1.0
10,21,4,8,42.0,39.65685424949238,20.06449510224597,0.5059527660972454,19,2,1.0
10,21,4,9,42.0,37.31370849898476,22.78853599926802,0.6107282528588135,17,2,1.0
10,21,5,0,42.0,38.48528137423857,24.029501236828967,0.6243815915794221,18,2,1.0
10,21,5,1,42.0,36.14213562373095,23.704849278803493,0.6558784883547079,16,2,1.0
10,21,5,2,42.0,38.48528137423857,26.947435477785906,0.7002010772831218,18,2,1.0
10,21,5,3,42.0,36.14213562373095,21.993725744602273,0.6085342043307805,16,2,1.0
10,21,5,4,42.0,37.31370849898476,22.480532022189994,0.602473807255091,17,2,1.0
10,21,5,5,42.0,38.48528137423857,23.48227922873511,0.6101625969780169,18,2,1.0
10,21,5,6,42.0,37.31370849898476,27.58835464154084,0.7393624421515612,17,2,1.0
10,21,5,7,42.0,37.31370849898476,24.075129033141366,0.6452086914329732,17,2,1.0
10,21,5,8,42.0,37.31370849898476,22.983766063674622,0.6159603799311444,17,2,1.0
10,21,5,9,42.0,37.31370849898476,24.277522723191886,0.6506328022542288,17,2,1.0
1,22,0,0,44.0,39.31370849898476,23.01160994446078,0.5853329747575209,18,2,1.0
1,22,1,0,44.0,39.31370849898476,24.17933179143266,0.6150356380664792,18,2,1.0
1,22,2,0,44.0,40.48528137423857,27.097105830848953,0.6693075831774081,19,2,1.0
1,22,3,0,44.0,38.14213562373095,24.311855858405725,0.637401536669058,17,2,1.0
1,22,4,0,44.0,38.14213562373095,23.065129546861023,0.6047152098245531,17,2,1.0
1,22,5,0,44.0,41.65685424949238,22.837788396302606,0.5482360300065361,20,2,1.0
2,22,0,0,44.0,40.48528137423857,26.958202597600458,0.6658766268265186,19,2,1.0
2,22,0,1,44.0,38.14213562373095,24.21530021663184,0.6348700674632851,17,2,1.0
2,22,1,0,44.0,35.798989873223334,22.790446463743056,0.6366226126617525,15,2,1.0
2,22,1,1,44.0,39.31370849898476,23.863423021985973,0.6070000499342926,18,2,1.0
2,22,2,0,44.0,38.14213562373095,23.73692101149102,0.622328053301834,17,2,1.0
2,22,2,1,44.0,38.14213562373095,20.942971374165623,0.5490770517090685,17,2,1.0
2,22,3,0,44.0,38.14213562373095,21.561960624120623,0.5653055412740283,17,2,1.0
2,22,3,1,44.0,40.48528137423857,23.24985446567525,0.5742791868174961,19,2,1.0
2,22,4,0,44.0,38.14213562373095,22.917235438458206,0.6008377628493291,17,2,1.0
2,22,4,1,44.0,40.48528137423857,23.691428294897516,0.58518620819004,19,2,1.0
2,22,5,0,44.0,39.31370849898476,21.032505829372703,0.5349916513196878,18,2,1.0
2,22,5,1,44.0,38.14213562373095,21.284243500741727,0.5580244302707391,17,2,1.0
3,22,0,0,44.0,36.97056274847714,22.153858716579418,0.5992296862587508,16,2,1.0
3,22,0,1,44.0,39.31370849898476,25.906790596612062,0.6589760057177277,18,2,1.0
3,22,0,2,44.0,39.31370849898476,23.81409639632635,0.6057453571682592,18,2,1.0
3,22,1,0,44.0,38.14213562373095,24.301666454136587,0.6371343936760788,17,2,1.0
3,22,1,1,44.0,38.14213562373095,23.919228595524054,0.6271077432969482,17,2,1.0
3,22,1,2,44.0,39.31370849898476,23.695939389474944,0.6027398659194634,18,2,1.0
3,22,2,0,44.0,39.31370849898476,24.562845103445554,0.6247908437353313,18,2,1.0
3,22,2,1,44.0,39.31370849898476,23.84835431939066,0.6066167560866592,18,2,1.0
3,22,2,2,44.0,36.97056274847714,24.50854401084834,0.6629205018486735,16,2,1.0
3,22,3,0,44.0,40.48528137423857,23.590130291032448,0.58268411359105,19,2,1.0
3,22,3,1,44.0,38.14213562373095,22.342770834194802,0.5857766081743405,17,2,1.0
3,22,3,2,44.0,38.14213562373095,22.32374293678548,0.5852777400040569,17,2,1.0
3,22,4,0,44.0,39.31370849898476,21.793709003253184,0.5543539349338155,18,2,1.0
3,22,4,1,44.0,39.31370849898476,24.015623857645203,0.610871494310067,18,2,1.0
3,22,4,2,44.0,39.31370849898476,23.99023397661648,0.6102256666332052,18,2,1.0000000000000002
3,22,5,0,44.0,36.97056274847714,22.69955432296632,0.6139899594550083,16,2,1.0
3,22,5,1,44.0,38.14213562373095,22.72015663472953,0.5956708050871093,17,2,1.0
3,22,5,2,44.0,38.14213562373095,24.006306397475605,0.6293907251103046,17,2,1.0
4,22,0,0,44.0,38.14213562373095,25.143641356319048,0.659209059617401,17,2,1.0
4,22,0,1,44.0,40.48528137423857,25.466124552705992,0.6290217997326429,19,2,1.0
4,22,0,2,44.0,40.48528137423857,24.06939044411245,0.5945219997761505,19,2,1.0
4,22,0,3,44.0,38.14213562373095,21.16958510399867,0.5550183480242139,17,2,1.0
4,22,1,0,44.0,38.14213562373095,24.02760122208819,0.6299490269532496,17,2,1.0
4,22,1,1,44.0,36.97056274847714,22.224012558180185,0.6011272457327044,16,2,1.0
4,22,1,2,44.0,38.14213562373095,25.11311655118483,0.6584087686888765,17,2,1.0
4,22,1,3,44.0,38.14213562373095,22.901890234591008,0.6004354465234009,17,2,1.0
4,22,2,0,44.0,39.31370849898476,26.379321550481357,0.6709955015096726,18,2,1.0
4,22,2,1,44.0,35.798989873223334,24.277693722924504,0.678167004401528,15,2,1.0
4,22,2,2,44.0,38.14213562373095,23.350137375072308,0.6121874665178558,17,2,1.0
4,22,2,3,44.0,38.14213562373095,20.910345607299824,0.5482216783448801,17,2,1.0
4,22,3,0,44.0,38.14213562373095,23.57287391853722,0.6180271118293347,17,2,1.0
4,22,3,1,44.0,38.14213562373095,24.84107015462227,0.6512763312384339,17,2,1.0
4,22,3,2,44.0,40.48528137423857,25.086946947327014,0.6196559859724784,19,2,1.0
4,22,3,3,44.0,38.14213562373095,22.924965709146996,0.6010404329558237,17,2,1.0
4,22,4,0,44.0,36.97056274847714,23.62457366039795,0.6390103883763866,16,2,1.0
4,22,4,1,44.0,38.14213562373095,24.761776399858654,0.6491974294290062,17,2,1.0
4,22,4,2,44.0,39.31370849898476,23.47115330500536,0.5970221126712449,18,2,1.0
4,22,4,3,44.0,38.14213562373095,22.59487911241667,0.5923863135329732,17,2,1.0
4,22,5,0,44.0,40.48528137423857,21.626843809581107,0.5341902804050317,19,2,1.0
4,22,5,1,44.0,38.14213562373095,22.75396401835348,0.5965571577538151,17,2,1.0
4,22,5,2,44.0,40.48528137423857,22.02657812249561,0.5440638517214672,19,2,1.0
4,22,5,3,44.0,39.31370849898476,23.753135115402884,0.6041947204247161,18,2,1.0
5,22,0,0,44.0,39.31370849898476,23.856202345758945,0.6068163817813069,18,2,1.0
5,22,0,1,44.0,38.14213562373095,21.378464942405373,0.5604947020613156,17,2,1.0
5,22,0,2,44.0,40.48528137423857,25.02508808747854,0.618128051430622,19,2,1.0
5,22,0,3,44.0,39.31370849898476,24.107828198008537,0.6132168426347033,18,2,1.0
5,22,0,4,44.0,40.48528137423857,25.263760245998437,0.6240233336274692,19,2,1.0
5,22,1,0,44.0,38.14213562373095,27.867195363771145,0.7306144479868341,17,2,1.0
5,22,1,1,44.0,41.65685424949238,22.82854823659685,0.5480142139363543,20,2,1.0
5,22,1,2,44.0,39.31370849898476,24.30980319749758,0.6183543635453612,18,2,1.0
5,22,1,3,44.0,39.31370849898476,27.50810831762714,0.6997077957765677,18,2,1.0
5,22,1,4,44.0,40.48528137423857,24.953963296214376,0.6163712452815749,19,2,1.0
5,22,2,0,44.0,36.97056274847714,23.237723111481188,0.6285466431651321,16,2,1.0
5,22,2,1,44.0,39.31370849898476,24.134845457560505,0.6139040649951344,18,2,1.0
5,22,2,2,44.0,38.14213562373095,22.596583716059893,0.592431004361511,17,2,1.0
5,22,2,3,44.0,39.31370849898476,21.295416168258917,0.5416791491143312,18,2,1.0
5,22,2,4,44.0,39.31370849898476,22.04177914671331,0.5606639512851482,18,2,1.0
5,22,3,0,44.0,40.48528137423857,25.402157515876404,0.6274417925137653,19,2,1.0
5,22,3,1,44.0,39.31370849898476,22.5841699154401,0.5744604306669089,18,2,1.0
5,22,3,2,44.0,38.14213562373095,23.235901982263208,0.6091924744718933,17,2,1.0
5,22,3,3,44.0,38.14213562373095,23.472675093729407,0.6154001266548215,17,2,1.0
5,22,3,4,44.0,38.14213562373095,21.997672424398566,0.5767289131737091,17,2,1.0
5,22,4,0,44.0,39.31370849898476,25.09003183963499,0.6382005869602181,18,2,1.0
5,22,4,1,44.0,40.48528137423857,23.252183873265043,0.5743367239645957,19,2,1.0
5,22,4,2,44.0,41.65685424949238,24.857845879539738,0.5967288295621278,20,2,1.0
5,22,4,3,44.0,39.31370849898476,27.368854987002752,0.6961656895764369,18,2,1.0
5,22,4,4,44.0,38.14213562373095,24.210123774367545,0.6347343529266016,17,2,1.0
5,22,5,0,44.0,41.65685424949238,24.78432090761502,0.5949638145784144,20,2,1.0
5,22,5,1,44.0,39.31370849898476,23.902218021089226,0.6079868558242598,18,2,1.0
5,22,5,2,44.0,40.48528137423857,22.3730227033518,0.5526211488204726,19,2,1.0
5,22,5,3,44.0,39.31370849898476,24.143885872363214,0.6141340207827686,18,2,1.0
5,22,5,4,44.0,38.14213562373095,23.14382886413314,0.6067785268356528,17,2,1.0
6,22,0,0,44.0,38.14213562373095,22.333961224952418,0.5855456402671082,17,2,1.0
6,22,0,1,44.0,40.48528137423857,21.66560027718507,0.5351475781262877,19,2,1.0
6,22,0,2,44.0,40.48528137423857,23.899788256592444,0.5903327689800931,19,2,1.0
6,22,0,3,44.0,39.31370849898476,19.5803671098894,0.49805444099467355,18,2,1.0
6,22,0,4,44.0,39.31370849898476,24.35798680046851,0.6195799819062486,18,2,1.0
6,22,0,5,44.0,39.31370849898476,25.729408223425672,0.6544640331778955,18,2,1.0
6,22,1,0,44.0,38.14213562373095,24.84612728389244,0.6514089176599196,17,2,1.0
6,22,1,1,44.0,39.31370849898476,23.65004052578286,0.6015723631463972,18,2,1.0
6,22,1,2,44.0,38.14213562373095,24.59166931427714,0.6447376087398972,17,2,1.0
6,22,1,3,44.0,38.14213562373095,20.704195895942416,0.5428169020263474,17,2,1.0
6,22,1,4,44.0,38.14213562373095,25.250340345325426,0.6620064643054592,17,2,1.0
6,22,1,5,44.0,38.14213562373095,24.353960919948122,0.6385054355686308,17,2,1.0
6,22,2,0,44.0,36.97056274847714,22.719546761739338,0.6145307258725776,16,2,1.031689343849711
6,22,2,1,44.0,38.14213562373095,26.852545650036078,0.7040126414245454,17,2,1.0
6,22,2,2,44.0,39.31370849898476,21.903832888086875,0.5571550923172898,18,2,1.0
6,22,2,3,44.0,38.14213562373095,23.2972135415545,0.6107999240362313,17,2,1.0
6,22,2,4,44.0,36.97056274847714,23.50070777711135,0.6356599962244116,16,2,1.0
6,22,2,5,44.0,39.31370849898476,22.58635764159743,0.5745160785882284,18,2,1.0
6,22,3,0,44.0,41.65685424949238,23.69959684815913,0.5689243048987052,20,2,1.0
6,22,3,1,44.0,36.97056274847714,21.732961760688582,0.5878450352120698,16,2,1.0
6,22,3,2,44.0,40.48528137423857,23.491877246608496,0.580257230509376,19,2,1.0
6,22,3,3,44.0,40.48528137423857,22.029860791922566,0.5441449347549927,19,2,1.0
6,22,3,4,44.0,39.31370849898476,21.695033468798098,0.5518439825985471,18,2,1.0
6,22,3,5,44.0,40.48528137423857,20.061379862065202,0.49552279695481083,19,2,1.0
6,22,4,0,44.0,40.48528137423857,25.270596573708794,0.6241921932099718,19,2,1.0
6,22,4,1,44.0,38.14213562373095,19.444348286987925,0.5097865646225169,17,2,1.0
6,22,4,2,44.0,36.97056274847714,25.404036811302774,0.6871422808501663,16,2,1.0
6,22,4,3,44.0,38.14213562373095,23.394569884390556,0.613352385801783,17,2,1.0
6,22,4,4,44.0,39.31370849898476,25.540562744074172,0.6496604802554746,18,2,1.0
6,22,4,5,44.0,40.48528137423857,22.958202597600426,0.5670752880628143,19,2,1.0
6,22,5,0,44.0,39.31370849898476,23.992518805537735,0.6102837845012082,18,2,1.0
6,22,5,1,44.0,39.31370849898476,22.91143186214908,0.5827848029839451,18,2,1.0
6,22,5,2,44.0,36.97056274847714,25.70690390690526,0.6953343956865833,16,2,1.0
6,22,5,3,44.0,38.14213562373095,23.507034821077553,0.6163009605170652,17,2,1.0
6,22,5,4,44.0,36.97056274847714,21.49133903558574,0.581309491602775,16,2,1.0
6,22,5,5,44.0,39.31370849898476,22.03899260773789,0.5605930717095037,18,2,1.0
7,22,0,0,44.0,38.14213562373095,22.44812447291209,0.5885387408392914,17,2,1.0
7,22,0,1,44.0,40.48528137423857,23.22870583629964,0.5737568085936643,19,2,1.0
7,22,0,2,44.0,39.31370849898476,24.201234826935668,0.6155927728761748,18,2,1.0
7,22,0,3,44.0,40.48528137423857,23.48633071044611,0.5801202292097898,19,2,1.0
7,22,0,4,44.0,36.97056274847714,22.439111764034788,0.6069453666879625,16,2,1.0
7,22,0,5,44.0,39.31370849898476,24.19667747829343,0.6154768502421564,18,2,1.0
7,22,0,6,44.0,38.14213562373095,23.868843297331473,0.6257867554348728,17,2,1.0
7,22,1,0,44.0,40.48528137423857,25.241733671631515,0.6234792698685117,19,2,1.0
7,22,1,1,44.0,39.31370849898476,24.5415234138279,0.6242484962837241,18,2,1.0
7,22,1,2,44.0,39.31370849898476,23.491278639356928,0.5975340291278695,18,2,1.0
7,22,1,3,44.0,39.31370849898476,23.223650199044478,0.5907265197238822,18,2,1.0
7,22,1,4,44.0,39.31370849898476,24.00856492984573,0.6106919404580142,18,2,1.0
7,22,1,5,44.0,40.48528137423857,23.354284602114937,0.5768586461393755,19,2,1.0
7,22,1,6,44.0,39.31370849898476,24.689325462996848,0.6280080512789687,18,2,1.0
7,22,2,0,44.0,38.14213562373095,24.116058432368362,0.6322681737140077,17,2,1.0
7,22,2,1,44.0,39.31370849898476,25.308689199230407,0.6437624473886502,18,2,1.0
7,22,2,2,44.0,39.31370849898476,24.208984008665237,0.6157898843170801,18,2,1.0
7,22,2,3,44.0,39.31370849898476,25.325990619926237,0.6442025335915653,18,2,1.0
7,22,2,4,44.0,35.798989873223334,24.502817259564317,0.6844555487832844,15,2,1.0
7,22,2,5,44.0,36.97056274847714,21.811968134856784,0.5899820428282564,16,2,1.031689343849711
7,22,2,6,44.0,39.31370849898476,22.16664893431423,0.5638401916442624,18,2,1.0
7,22,3,0,44.0,39.31370849898476,25.351434063803204,0.64484972371553,18,2,1.0
7,22,3,1,44.0,38.14213562373095,23.343313944793298,0.6120085717033042,17,2,1.0
7,22,3,2,44.0,39.31370849898476,21.72320995578167,0.5525606915547703,18,2,1.0
7,22,3,3,44.0,38.14213562373095,24.573586620524644,0.6442635216585948,17,2,1.0
7,22,3,4,44.0,39.31370849898476,27.064515318350246,0.6884243779507385,18,2,1.0
7,22,3,5,44.0,40.48528137423857,25.964736944529374,0.6413376926917236,19,2,1.0
7,22,3,6,44.0,40.48528137423857,24.921138168732575,0.6155604536465021,19,2,1.0
7,22,4,0,44.0,39.31370849898476,22.634570004884942,0.5757424285086068,18,2,1.0
7,22,4,1,44.0,40.48528137423857,23.278112660018422,0.5749771736755338,19,2,1.0
7,22,4,2,44.0,40.48528137423857,23.434864182406262,0.5788489887418256,19,2,1.0
7,22,4,3,44.0,38.14213562373095,25.861688642156686,0.6780346254672295,17,2,1.0
7,22,4,4,44.0,40.48528137423857,24.165568269924414,0.5968976242635515,19,2,1.0
7,22,4,5,44.0,39.31370849898476,22.711272278850082,0.5776934597619194,18,2,1.0
7,22,4,6,44.0,40.48528137423857,22.32587826978745,0.5514566655326191,19,2,1.0
7,22,5,0,44.0,41.65685424949238,24.7202062060598,0.5934246992824964,20,2,1.0
7,22,5,1,44.0,41.65685424949238,23.63633870158355,0.5674057517646469,20,2,1.0
7,22,5,2,44.0,36.97056274847714,21.332396843173647,0.5770103362587401,16,2,1.0
7,22,5,3,44.0,38.14213562373095,26.80300187374904,0.7027137163518703,17,2,1.0
7,22,5,4,44.0,36.97056274847714,23.1595647703384,0.6264325736099964,16,2,1.0
7,22,5,5,44.0,36.97056274847714,23.26511923089939,0.629287668385781,16,2,1.0
7,22,5,6,44.0,39.31370849898476,22.62955040696345,0.5756147479077899,18,2,1.0
8,22,0,0,44.0,39.31370849898476,26.038198415683656,0.6623185501911139,18,2,1.0000000000000002
8,22,0,1,44.0,38.14213562373095,23.40498204186897,0.6136253688770131,17,2,1.0
8,22,0,2,44.0,36.97056274847714,23.537420194251542,0.6366530137608217,16,2,1.0
8,22,0,3,44.0,38.14213562373095,20.903941146873738,0.5480537679664664,17,2,1.0
8,22,0,4,44.0,36.97056274847714,23.387815365968933,0.6326064205482591,16,2,1.0
8,22,0,5,44.0,39.31370849898476,22.081250845238152,0.5616679699857972,18,2,1.0
8,22,0,6,44.0,35.798989873223334,21.606297257120403,0.6035448858650987,15,2,1.0
8,22,0,7,44.0,36.97056274847714,24.606345393558236,0.6655658871346717,16,2,1.0
8,22,1,0,44.0,39.31370849898476,25.738100739679176,0.6546851396719249,18,2,1.0
8,22,1,1,44.0,38.14213562373095,21.64512037468596,0.5674858006959365,17,2,1.0
8,22,1,2,44.0,36.97056274847714,24.784411288563,0.670382310844968,16,2,1.0
8,22,1,3,44.0,39.31370849898476,22.12135910165324,0.5626881804402784,18,2,1.0
8,22,1,4,44.0,39.31370849898476,27.207481561314744,0.692060927348468,18,2,1.0
8,22,1,5,44.0,38.14213562373095,21.748756581708175,0.5702029062100213,17,2,1.0
8,22,1,6,44.0,40.48528137423857,22.137114520378034,0.5467941377446924,19,2,1.0
8,22,1,7,44.0,41.65685424949238,26.86017972654669,0.6447961616514526,20,2,1.0
8,22,2,0,44.0,38.14213562373095,25.392568964582168,0.6657353750476319,17,2,1.0
8,22,2,1,44.0,39.31370849898476,24.112695887519223,0.6133406592293859,18,2,1.0
8,22,2,2,44.0,39.31370849898476,24.123401510906387,0.6136129719619138,18,2,1.0
8,22,2,3,44.0,40.48528137423857,23.845691681589262,0.5889965654718817,19,2,1.0
8,22,2,4,44.0,38.14213562373095,22.92272123801324,0.6009815880302039,17,2,1.0
8,22,2,5,44.0,36.97056274847714,23.818327580423595,0.6442511503670497,16,2,1.0
8,22,2,6,44.0,39.31370849898476,25.80116195569329,0.6562891912463455,18,2,1.0
8,22,2,7,44.0,39.31370849898476,26.202602277155563,0.6665003958563772,18,2,1.0
8,22,3,0,44.0,38.14213562373095,23.17923534418881,0.6077068041719025,17,2,1.0
8,22,3,1,44.0,38.14213562373095,27.801773032875083,0.7288992233454702,17,2,1.0
8,22,3,2,44.0,40.48528137423857,23.277867937694857,0.5749711289522353,19,2,1.0
8,22,3,3,44.0,36.97056274847714,21.98635563123056,0.5946989712007076,16,2,1.0
8,22,3,4,44.0,40.48528137423857,23.700969574274133,0.585421880984022,19,2,1.0
8,22,3,5,44.0,40.48528137423857,25.361769285164122,0.6264441896975976,19,2,1.0
8,22,3,6,44.0,40.48528137423857,23.798572976208497,0.5878327176787738,19,2,1.0
8,22,3,7,44.0,40.48528137423857,27.770811097584833,0.6859483287488238,19,2,1.0
8,22,4,0,44.0,39.31370849898476,22.03057626175148,0.5603789899983717,18,2,1.0
8,22,4,1,44.0,39.31370849898476,24.376127907962292,0.6200414267352006,18,2,1.0
8,22,4,2,44.0,38.14213562373095,24.86242204207603,0.6518361291392226,17,2,1.0
8,22,4,3,44.0,39.31370849898476,21.79669276649796,0.5544298311888037,18,2,1.0
8,22,4,4,44.0,39.31370849898476,24.178453439717366,0.6150132959433667,18,2,1.0
8,22,4,5,44.0,36.97056274847714,20.320376666648304,0.5496366610617882,16,2,1.0
8,22,4,6,44.0,40.48528137423857,25.947704378881156,0.6409169826195674,19,2,1.0
8,22,4,7,44.0,36.97056274847714,23.509066001882566,0.6358860740590412,16,2,1.0
8,22,5,0,44.0,38.14213562373095,22.03361175206994,0.5776711605618972,17,2,1.0
8,22,5,1,44.0,40.48528137423857,25.670078505708467,0.6340595306333414,19,2,1.0
8,22,5,2,44.0,40.48528137423857,25.291510095542222,0.6247087641988235,19,2,1.0
8,22,5,3,44.0,36.97056274847714,22.47082409304426,0.6078031391061219,16,2,1.0
8,22,5,4,44.0,36.97056274847714,21.632324434785705,0.5851229417836428,16,2,1.0
8,22,5,5,44.0,38.14213562373095,23.961027440678976,0.6282036138996661,17,2,1.0
8,22,5,6,44.0,39.31370849898476,20.536431116281804,0.5223732865804848,18,2,1.0
8,22,5,7,44.0,36.97056274847714,23.84283964882742,0.6449141661986071,16,2,1.0
9,22,0,0,44.0,38.14213562373095,24.339093343425407,0.6381156415447885,17,2,1.0
9,22,0,1,44.0,38.14213562373095,20.974386640488937,0.5499006885036419,17,2,1.0
9,22,0,2,44.0,38.14213562373095,22.612061387936464,0.5928367936972014,17,2,1.0
9,22,0,3,44.0,39.31370849898476,25.754571360897398,0.6551040933104157,18,2,1.0
9,22,0,4,44.0,38.14213562373095,21.632451412764098,0.567153649343772,17,2,1.0
9,22,0,5,44.0,36.97056274847714,24.11968410201057,0.6524024063713795,16,2,1.0
9,22,0,6,44.0,38.14213562373095,23.17376511326452,0.6075633871650978,17,2,1.0
9,22,0,7,44.0,38.14213562373095,22.447997375256573,0.5885354086279865,17,2,1.0
9,22,0,8,44.0,38.14213562373095,23.189408510992706,0.6079735214554928,17,2,1.0
9,22,1,0,44.0,39.31370849898476,23.87860341624176,0.6073861848179091,18,2,1.0
9,22,1,1,44.0,38.14213562373095,23.33684933257807,0.6118390842818603,17,2,1.0
9,22,1,2,44.0,38.14213562373095,22.809108657231377,0.5980029246983276,17,2,1.0
9,22,1,3,44.0,38.14213562373095,25.695845524660935,0.6736865963182647,17,2,1.0
9,22,1,4,44.0,40.48528137423857,23.90950272422698,0.5905727195820103,19,2,1.0
9,22,1,5,44.0,36.97056274847714,23.344022759057516,0.6314218941668417,16,2,1.0
9,22,1,6,44.0,39.31370849898476,22.79612485340976,0.5798518054840451,18,2,1.0
9,22,1,7,44.0,39.31370849898476,22.365902331538166,0.5689084847367107,18,2,1.029800619681658
9,22,1,8,44.0,38.14213562373095,23.13906941272105,0.6066537448502117,17,2,1.0
9,22,2,0,44.0,39.31370849898476,23.75754060612671,0.604306780336946,18,2,1.0
9,22,2,1,44.0,35.798989873223334,21.498394994610642,0.6005307711403012,15,2,1.0
9,22,2,2,44.0,38.14213562373095,21.496147964890362,0.563580083111971,17,2,1.0
9,22,2,3,44.0,39.31370849898476,21.146373679489137,0.5378880417764512,18,2,1.0
9,22,2,4,44.0,36.97056274847714,21.78974522856278,0.5893809455053621,16,2,1.0
9,22,2,5,44.0,40.48528137423857,26.07777022665458,0.64412965259143,19,2,1.0
9,22,2,6,44.0,39.31370849898476,23.091924122610102,0.5873758799225576,18,2,1.0
9,22,2,7,44.0,40.48528137423857,21.544502266390978,0.5321564167292682,19,2,1.0
9,22,2,8,44.0,40.48528137423857,23.423072563870505,0.5785577318174446,19,2,1.0
9,22,3,0,44.0,38.14213562373095,24.679128590721486,0.6470305919463732,17,2,1.0
9,22,3,1,44.0,39.31370849898476,22.06415991845428,0.561233237994428,18,2,1.0
9,22,3,2,44.0,39.31370849898476,22.077895974972023,0.5615826340967596,18,2,1.0
9,22,3,3,44.0,39.31370849898476,22.883550226336116,0.5820755939859263,18,2,1.0
9,22,3,4,44.0,36.97056274847714,25.451914875125397,0.6884373129044077,16,2,1.0
9,22,3,5,44.0,39.31370849898476,22.41842331162883,0.5702444304435885,18,2,1.0
9,22,3,6,44.0,38.14213562373095,24.296135761474684,0.6369893915001005,17,2,1.0
9,22,3,7,44.0,38.14213562373095,24.832358579068195,0.6510479335514241,17,2,1.0
9,22,3,8,44.0,38.14213562373095,22.10123359431355,0.5794440513855965,17,2,1.0
9,22,4,0,44.0,40.48528137423857,25.338601264314143,0.6258719318284768,19,2,1.0
9,22,4,1,44.0,40.48528137423857,21.68173091721564,0.5355460103338214,19,2,1.0
9,22,4,2,44.0,40.48528137423857,23.790906602283858,0.5876433556769693,19,2,1.0
9,22,4,3,44.0,39.31370849898476,22.655632903485284,0.5762781932432129,18,2,1.0
9,22,4,4,44.0,40.48528137423857,21.49454278251916,0.5309224007566484,19,2,1.0
9,22,4,5,44.0,39.31370849898476,20.260025153251444,0.5153425084223393,18,2,1.0
9,22,4,6,44.0,39.31370849898476,24.386365586486534,0.620301836625672,18,2,1.0
9,22,4,7,44.0,40.48528137423857,23.130490331469396,0.571330852752519,19,2,1.0
9,22,4,8,44.0,38.14213562373095,23.96059183280612,0.6281921932525069,17,2,1.0
9,22,5,0,44.0,39.31370849898476,23.487446117728105,0.5974365434981705,18,2,1.0
9,22,5,1,44.0,36.97056274847714,22.877410917347866,0.6188007218875837,16,2,1.0
9,22,5,2,44.0,38.14213562373095,25.185416121801516,0.6603042989059026,17,2,1.0
9,22,5,3,44.0,36.97056274847714,21.76910071060736,0.5888225412934526,16,2,1.0
9,22,5,4,44.0,36.97056274847714,22.97347827189175,0.6213992042314274,16,2,1.0
9,22,5,5,44.0,36.97056274847714,23.322215591498555,0.6308320419726157,16,2,1.0
9,22,5,6,44.0,40.48528137423857,23.070003361681458,0.569836804354317,19,2,1.0
9,22,5,7,44.0,39.31370849898476,22.670528676617636,0.5766570883844011,18,2,1.0
9,22,5,8,44.0,38.14213562373095,22.994901279959368,0.6028739844774867,17,2,1.0
10,22,0,0,44.0,38.14213562373095,21.92873191807704,0.5749214499786323,17,2,1.0
10,22,0,1,44.0,36.97056274847714,25.088359850104872,0.678603677763555,16,2,1.0
10,22,0,2,44.0,39.31370849898476,20.794596095871885,0.5289400794231581,18,2,1.0
10,22,0,3,44.0,36.97056274847714,24.443714993666127,0.6611669711376787,16,2,1.0
10,22,0,4,44.0,40.48528137423857,22.22379299508983,0.5489351250805727,19,2,1.0
10,22,0,5,44.0,38.14213562373095,22.63704757974018,0.593491874787841,17,2,1.0
10,22,0,6,44.0,39.31370849898476,25.265376456211428,0.6426607262671209,18,2,1.0
10,22,0,7,44.0,41.65685424949238,21.685608925433414,0.5205772091083346,20,2,1.0
10,22,0,8,44.0,40.48528137423857,25.019393756360053,0.6179873995461544,19,2,1.0
10,22,0,9,44.0,38.14213562373095,22.859109236290834,0.5993138261001973,17,2,1.0
10,22,1,0,44.0,36.97056274847714,22.059241275475745,0.596670421966579,16,2,1.0
10,22,1,1,44.0,40.48528137423857,23.699104404447365,0.5853758106650454,19,2,1.0
10,22,1,2,44.0,38.14213562373095,23.046535323853995,0.6042277116102303,17,2,1.0
10,22,1,3,44.0,39.31370849898476,25.892803869263787,0.6586202334468763,18,2,1.0
10,22,1,4,44.0,40.48528137423857,23.558032870225087,0.5818912965543928,19,2,1.0
10,22,1,5,44.0,36.97056274847714,25.244037655826887,0.6828145361911407,16,2,1.0
10,22,1,6,44.0,36.97056274847714,24.549686054321207,0.664033334340642,16,2,1.0
10,22,1,7,44.0,39.31370849898476,24.696640792495707,0.6281941270723284,18,2,1.0
10,22,1,8,44.0,36.97056274847714,22.667944597273873,0.6131349623074804,16,2,1.0
10,22,1,9,44.0,40.48528137423857,24.08209893022334,0.5948359036365044,19,2,1.0
10,22,2,0,44.0,36.97056274847714,22.228807537722574,0.6012569429616865,16,2,1.0
10,22,2,1,44.0,40.48528137423857,24.11997513969751,0.59577145868734,19,2,1.0
10,22,2,2,44.0,42.82842712474619,22.576491222541478,0.5271379954436108,21,2,1.0
10,22,2,3,44.0,36.97056274847714,23.641151705376842,0.6394588004033195,16,2,1.0
10,22,2,4,44.0,39.31370849898476,24.05599234802485,0.6118983241849615,18,2,1.0
10,22,2,5,44.0,38.14213562373095,23.198060511599166,0.6082003572229446,17,2,1.0
10,22,2,6,44.0,41.65685424949238,24.828997019073487,0.5960362938201471,20,2,1.0
10,22,2,7,44.0,39.31370849898476,20.902045952200158,0.5316732190945541,18,2,1.0
10,22,2,8,44.0,38.14213562373095,23.541655845562282,0.6172086449956236,17,2,1.0
10,22,2,9,44.0,40.48528137423857,23.269192738518626,0.5747568486290721,19,2,1.0
10,22,3,0,44.0,38.14213562373095,24.030413180673243,0.6300227501084706,17,2,1.0
10,22,3,1,44.0,39.31370849898476,21.23990112845669,0.5402670452472117,18,2,1.0
10,22,3,2,44.0,38.14213562373095,24.266572133726683,0.6362143004553923,17,2,1.0
10,22,3,3,44.0,36.97056274847714,22.87099814585917,0.6186272657372858,16,2,1.0
10,22,3,4,44.0,40.48528137423857,23.53109686115375,0.5812259681150929,19,2,1.0
10,22,3,5,44.0,38.14213562373095,22.8737042687596,0.5996964746391451,17,2,1.0
10,22,3,6,44.0,40.48528137423857,27.166974391022894,0.6710333599980776,19,2,1.0
10,22,3,7,44.0,36.97056274847714,24.569158310564973,0.6645600305766782,16,2,1.0
10,22,3,8,44.0,39.31370849898476,23.025356875288743,0.5856826474633741,18,2,1.0
10,22,3,9,44.0,36.97056274847714,24.909231324650722,0.6737585114437231,16,2,1.0
10,22,4,0,44.0,40.48528137423857,25.140951930172406,0.6209899271237372,19,2,1.0
10,22,4,1,44.0,39.31370849898476,24.489393805660704,0.6229225056774566,18,2,1.0
10,22,4,2,44.0,41.65685424949238,24.407905092766676,0.5859277070366902,20,2,1.0
10,22,4,3,44.0,36.97056274847714,23.562270567896576,0.6373251802575586,16,2,1.0
10,22,4,4,44.0,39.31370849898476,24.246435322555683,0.6167425116656655,18,2,1.0
10,22,4,5,44.0,38.14213562373095,24.445214565287312,0.6408978984930827,17,2,1.0
10,22,4,6,44.0,39.31370849898476,22.815638223944454,0.5803481557720165,18,2,1.0
10,22,4,7,44.0,36.97056274847714,24.38980810396542,0.6597088681039908,16,2,1.0
10,22,4,8,44.0,40.48528137423857,21.42021185626413,0.5290864020002626,19,2,1.0
10,22,4,9,44.0,39.31370849898476,24.040409879000773,0.611501961958679,18,2,1.0
10,22,5,0,44.0,39.31370849898476,29.524840091364855,0.7510062321423405,18,2,1.0
10,22,5,1,44.0,38.14213562373095,25.815281727008248,0.6768179417553829,17,2,1.0
10,22,5,2,44.0,40.48528137423857,23.68006707832715,0.5849055823382557,19,2,1.0
10,22,5,3,44.0,36.97056274847714,22.618830746318963,0.611806504007047,16,2,1.0
10,22,5,4,44.0,36.97056274847714,25.32844082651783,0.6850975193111211,16,2,1.0
10,22,5,5,44.0,38.14213562373095,22.992147847861226,0.6028017957535698,17,2,1.0
10,22,5,6,44.0,36.97056274847714,24.259956848530543,0.6561965803328172,16,2,1.0
10,22,5,7,44.0,36.97056274847714,22.71576305029371,0.6144283819761277,16,2,1.0
10,22,5,8,44.0,36.97056274847714,24.725483308384185,0.668788394610051,16,2,1.0
10,22,5,9,44.0,38.14213562373095,23.079528290822637,0.6050927121255164,17,2,1.0
1,23,0,0,46.0,38.97056274847714,23.781828186525992,0.6102510846460721,17,2,1.0
1,23,1,0,46.0,40.14213562373095,22.804913749935615,0.5681041478135499,18,2,1.0
1,23,2,0,46.0,40.14213562373095,22.58840544190678,0.5627106054754377,18,2,1.0
1,23,3,0,46.0,41.31370849898476,24.6000209220177,0.5954445102071197,19,2,1.0
1,23,4,0,46.0,42.48528137423857,23.2705965737088,0.5477331400662252,20,2,1.0
1,23,5,0,46.0,38.97056274847714,23.396821734377546,0.6003716673373373,17,2,1.0
2,23,0,0,46.0,40.14213562373095,22.802218892923115,0.5680370149375674,18,2,1.0
2,23,0,1,46.0,40.14213562373095,24.21327594065384,0.6031885340534698,18,2,1.0
2,23,1,0,46.0,38.97056274847714,23.341655125724635,0.5989560704159131,17,2,1.0
2,23,1,1,46.0,40.14213562373095,24.12505756018659,0.6009908836520522,18,2,1.0
2,23,2,0,46.0,41.31370849898476,23.645165001384807,0.5723321836858548,19,2,1.0
2,23,2,1,46.0,38.97056274847714,21.99227808652347,0.5643305237459745,17,2,1.0
2,23,3,0,46.0,43.65685424949238,24.96929724285353,0.5719444900944474,21,2,1.0
2,23,3,1,46.0,40.14213562373095,25.021380019208905,0.6233196024682089,18,2,1.0
2,23,4,0,46.0,40.14213562373095,25.213574136986974,0.6281074423474716,18,2,1.0
2,23,4,1,46.0,41.31370849898476,24.871204269221707,0.602008514191673,19,2,1.0
2,23,5,0,46.0,41.31370849898476,22.730616282822005,0.5501954946354086,19,2,1.0
2,23,5,1,46.0,43.65685424949238,27.341660200712063,0.6262856238898609,21,2,1.0
3,23,0,0,46.0,41.31370849898476,22.836234749713753,0.5527519939362241,19,2,1.0
3,23,0,1,46.0,42.48528137423857,27.03632912411846,0.6363693083721047,20,2,1.0
3,23,0,2,46.0,41.31370849898476,22.14806590263195,0.5360948389122757,19,2,1.0
3,23,1,0,46.0,42.48528137423857,24.275525067972037,0.5713867081198567,20,2,1.0
3,23,1,1,46.0,40.14213562373095,23.634133514523423,0.5887612392139784,18,2,1.0
3,23,1,2,46.0,40.14213562373095,26.18342194038336,0.6522677862934733,18,2,1.0
3,23,2,0,46.0,40.14213562373095,24.266446707197268,0.604513096529214,18,2,1.0
3,23,2,1,46.0,40.14213562373095,24.528315136797602,0.6110366266187672,18,2,1.0
3,23,2,2,46.0,38.97056274847714,24.770878136178347,0.6356304961787169,17,2,1.0
3,23,3,0,46.0,40.14213562373095,23.81185281013527,0.593188489853498,18,2,1.0
3,23,3,1,46.0,40.14213562373095,22.75908936117102,0.5669625944793146,18,2,1.0
3,23,3,2,46.0,42.48528137423857,25.23226095639081,0.5939059396624516,20,2,1.0
3,23,4,0,46.0,42.48528137423857,23.220940304662275,0.5465643524899085,20,2,1.0
3,23,4,1,46.0,38.97056274847714,25.566752372825185,0.6560529427772829,17,2,1.0
3,23,4,2,46.0,41.31370849898476,23.2961772814037,0.5638849216834693,19,2,1.0
3,23,5,0,46.0,40.14213562373095,21.842981727824753,0.544140997693002,18,2,1.0
3,23,5,1,46.0,42.48528137423857,22.357739412375814,0.526246706840282,20,2,1.0
3,23,5,2,46.0,40.14213562373095,23.74419392195498,0.5915030068285169,18,2,1.0
4,23,0,0,46.0,41.31370849898476,22.560707191945973,0.5460828381577117,19,2,1.0
4,23,0,1,46.0,41.31370849898476,29.497970100155236,0.7139995699219333,19,2,1.0
4,23,0,2,46.0,40.14213562373095,23.43470885955425,0.583793275953666,18,2,1.0
4,23,0,3,46.0,40.14213562373095,22.205959353356654,0.5531833074727864,18,2,1.0
4,23,1,0,46.0,41.31370849898476,24.06457276523092,0.5824839657234422,19,2,1.0
4,23,1,1,46.0,41.31370849898476,25.308234581185566,0.6125868507255283,19,2,1.0
4,23,1,2,46.0,38.97056274847714,26.915067769787107,0.6906512472889264,17,2,1.0
4,23,1,3,46.0,41.31370849898476,24.09422194923021,0.5832016254319629,19,2,1.0
4,23,2,0,46.0,40.14213562373095,21.90839618888208,0.545770568717087,18,2,1.0
4,23,2,1,46.0,40.14213562373095,26.649299874908184,0.6638734950403046,18,2,1.0
4,23,2,2,46.0,38.97056274847714,25.377621368277126,0.6511997666564056,17,2,1.0
4,23,2,3,46.0,38.97056274847714,22.370580695905552,0.5740379178070691,17,2,1.0
4,23,3,0,46.0,37.798989873223334,24.258176057547953,0.6417678392705504,16,2,1.0
4,23,3,1,46.0,41.31370849898476,24.615854193017846,0.5958277551777458,19,2,1.0
4,23,3,2,46.0,42.48528137423857,27.6787523380467,0.6514903854404039,20,2,1.0
4,23,3,3,46.0,42.48528137423857,26.492750045986625,0.6235747814077278,20,2,1.0
4,23,4,0,46.0,42.48528137423857,25.238553733506276,0.5940540563021893,20,2,1.0
4,23,4,1,46.0,40.14213562373095,25.367203153790527,0.6319345684935138,18,2,1.0
4,23,4,2,46.0,40.14213562373095,22.30534753920307,0.5556592142550768,18,2,1.0
4,23,4,3,46.0,41.31370849898476,27.493965867964707,0.6654925657095233,19,2,1.0
4,23,5,0,46.0,38.97056274847714,23.474037660845823,0.6023530584444311,17,2,1.0
4,23,5,1,46.0,41.31370849898476,22.03539189688219,0.5333675600055048,19,2,1.0
4,23,5,2,46.0,43.65685424949238,25.497471560157997,0.5840428037815956,21,2,1.0
4,23,5,3,46.0,40.14213562373095,24.235348582295288,0.6037383962194578,18,2,1.0
5,23,0,0,46.0,42.48528137423857,25.073007487072722,0.5901575010463748,20,2,1.0
5,23,0,1,46.0,41.31370849898476,25.55953764819924,0.6186696517168712,19,2,1.0
5,23,0,2,46.0,41.31370849898476,26.434553321436407,0.6398494417920872,19,2,1.0
5,23,0,3,46.0,40.14213562373095,26.0502491077622,0.6489502539661092,18,2,1.0
5,23,0,4,46.0,42.48528137423857,25.371808469206723,0.5971905480798159,20,2,1.0
5,23,1,0,46.0,41.31370849898476,24.92039057957541,0.6031990708408035,19,2,1.0
5,23,1,1,46.0,41.31370849898476,25.623136020621896,0.6202090529164564,19,2,1.0
5,23,1,2,46.0,40.14213562373095,23.76394561858636,0.5919950508198112,18,2,1.0
5,23,1,3,46.0,41.31370849898476,22.88049481652096,0.5538233106592991,19,2,1.0
5,23,1,4,46.0,41.31370849898476,23.745027506343845,0.5747493596932204,19,2,1.0
5,23,2,0,46.0,42.48528137423857,23.226289665177095,0.5466902634016829,20,2,1.0
5,23,2,1,46.0,41.31370849898476,26.275530193670804,0.6360002804956737,19,2,1.0
5,23,2,2,46.0,40.14213562373095,26.37462560582543,0.6570309525393926,18,2,1.0
5,23,2,3,46.0,41.31370849898476,26.256376690713882,0.6355366691750537,19,2,1.0
5,23,2,4,46.0,40.14213562373095,25.76978087626857,0.6419633752877405,18,2,1.0
5,23,3,0,46.0,41.31370849898476,24.35124229266141,0.5894228133322821,19,2,1.0
5,23,3,1,46.0,38.97056274847714,24.26355908777985,0.6226124894418672,17,2,1.0
5,23,3,2,46.0,40.14213562373095,26.763549181684148,0.6667196143361704,18,2,1.0
5,23,3,3,46.0,41.31370849898476,23.789751286183154,0.5758319006091589,19,2,1.0
5,23,3,4,46.0,42.48528137423857,22.26741460296896,0.5241206809205943,20,2,1.0
5,23,4,0,46.0,41.31370849898476,27.09060322716858,0.6557291565300729,19,2,1.0
5,23,4,1,46.0,42.48528137423857,25.19483331476775,0.5930249841782835,20,2,1.0
5,23,4,2,46.0,42.48528137423857,20.985663154478857,0.4939513750567685,20,2,1.0
5,23,4,3,46.0,40.14213562373095,22.97658319208054,0.5723806876507438,18,2,1.0
5,23,4,4,46.0,38.97056274847714,22.68813311042289,0.5821864379238268,17,2,1.0
5,23,5,0,46.0,37.798989873223334,24.750491482131583,0.6547924049066914,16,2,1.0
5,23,5,1,46.0,42.48528137423857,23.617652115707024,0.5559019818573652,20,2,1.0
5,23,5,2,46.0,41.31370849898476,23.541217908522587,0.5698161400616235,19,2,1.0
5,23,5,3,46.0,38.97056274847714,22.458825657611655,0.5763023183053543,17,2,1.0
5,23,5,4,46.0,40.14213562373095,24.108927532158923,0.6005890607849567,18,2,1.0
6,23,0,0,46.0,40.14213562373095,22.00650996521712,0.5482147280726006,18,2,1.0
6,23,0,1,46.0,41.31370849898476,22.036795077022067,0.5334015240380465,19,2,1.0
6,23,0,2,46.0,40.14213562373095,25.052514188120472,0.6240952006875813,18,2,1.0
6,23,0,3,46.0,38.97056274847714,24.99584485424662,0.6414032308328261,17,2,1.0
6,23,0,4,46.0,40.14213562373095,25.160024319611765,0.6267734371545951,18,2,1.0
6,23,0,5,46.0,38.97056274847714,23.459834878506047,0.6019886094517019,17,2,1.0
6,23,1,0,46.0,44.82842712474619,24.246211251235323,0.5408668741324393,22,2,1.0
6,23,1,1,46.0,38.97056274847714,25.598743216244802,0.6568738404283148,17,2,1.0
6,23,1,2,46.0,40.14213562373095,24.904957971445455,0.6204193569791616,18,2,1.0
6,23,1,3,46.0,41.31370849898476,24.222358509449982,0.586303176100621,19,2,1.0
6,23,1,4,46.0,38.97056274847714,24.675821975824384,0.633191317638559,17,2,1.0
6,23,1,5,46.0,40.14213562373095,24.38480493856791,0.6074615752170462,18,2,1.0
6,23,2,0,46.0,40.14213562373095,22.590446852769574,0.5627614600408731,18,2,1.0
6,23,2,1,46.0,42.48528137423857,23.50658300598637,0.5532876856557635,20,2,1.0
6,23,2,2,46.0,40.14213562373095,23.321604625497358,0.5809756821136903,18,2,1.0
6,23,2,3,46.0,41.31370849898476,23.719942564948266,0.5741421776631638,19,2,1.0
6,23,2,4,46.0,41.31370849898476,23.5560961893675,0.5701762694565744,19,2,1.0
6,23,2,5,46.0,40.14213562373095,24.599208853707573,0.6128026940142463,18,2,1.0
6,23,3,0,46.0,38.97056274847714,24.97516081549478,0.6408724702460382,17,2,1.0
6,23,3,1,46.0,42.48528137423857,23.265515911469354,0.5476135536571182,20,2,1.0
6,23,3,2,46.0,41.31370849898476,23.846011549997204,0.5771936825904456,19,2,1.0
6,23,3,3,46.0,38.97056274847714,23.651880631633894,0.6069165791699567,17,2,1.0
6,23,3,4,46.0,40.14213562373095,21.973630901083524,0.5473956619311829,18,2,1.0
6,23,3,5,46.0,40.14213562373095,23.201277591246658,0.5779781576327166,18,2,1.0
6,23,4,0,46.0,41.31370849898476,22.439181803005134,0.5431413111596252,19,2,1.0
6,23,4,1,46.0,40.14213562373095,22.736946925596637,0.5664109936431774,18,2,1.0
6,23,4,2,46.0,40.14213562373095,26.128369428705305,0.6508963467618528,18,2,1.0
6,23,4,3,46.0,41.31370849898476,26.25557431915196,0.6355172477386571,19,2,1.0
6,23,4,4,46.0,41.31370849898476,24.016540526380805,0.5813213434221473,19,2,1.0
6,23,4,5,46.0,42.48528137423857,23.260663846679265,0.5474993478749474,20,2,1.0
6,23,5,0,46.0,41.31370849898476,24.00871709417919,0.5811319769264766,19,2,1.0
6,23,5,1,46.0,40.14213562373095,25.708239440298748,0.6404302870498182,18,2,1.0
6,23,5,2,46.0,41.31370849898476,25.961268671288963,0.6283935675231608,19,2,1.0
6,23,5,3,46.0,38.97056274847714,23.7142079418647,0.6085159225161916,17,2,1.0
6,23,5,4,46.0,40.14213562373095,24.529691018528453,0.6110709018686878,18,2,1.0
6,23,5,5,46.0,41.31370849898476,25.216510620380156,0.6103666685114899,19,2,1.0
7,23,0,0,46.0,40.14213562373095,22.23250940179239,0.5538447084676066,18,2,1.0
7,23,0,1,46.0,42.48528137423857,25.21835719760378,0.5935786790597841,20,2,1.0
7,23,0,2,46.0,42.48528137423857,25.798572976208504,0.6072355446809342,20,2,1.0
7,23,0,3,46.0,38.97056274847714,22.34913509508707,0.5734876152374887,17,2,1.0
7,23,0,4,46.0,44.82842712474619,25.12310562561766,0.5604279970766407,22,2,1.0
7,23,0,5,46.0,40.14213562373095,27.837415957313326,0.6934712248059018,18,2,1.0
7,23,0,6,46.0,37.798989873223334,23.56717463443741,0.6234868898211566,16,2,1.0
7,23,1,0,46.0,40.14213562373095,24.391714383164004,0.6076336997064072,18,2,1.0
7,23,1,1,46.0,40.14213562373095,26.092293669462983,0.6499976462148646,18,2,1.0
7,23,1,2,46.0,40.14213562373095,22.687542590566675,0.5651802585499315,18,2,1.0
7,23,1,3,46.0,41.31370849898476,25.75011030475089,0.6232824706449113,19,2,1.0
7,23,1,4,46.0,40.14213562373095,23.962909339988684,0.5969515315428923,18,2,1.0
7,23,1,5,46.0,41.31370849898476,21.473188767154838,0.5197594103100794,19,2,1.0
7,23,1,6,46.0,38.97056274847714,23.24237798924428,0.5964085799646947,17,2,1.0
7,23,2,0,46.0,40.14213562373095,22.763324269477643,0.567068092311974,18,2,1.0
7,23,2,1,46.0,40.14213562373095,21.72586145406337,0.5412233583611238,18,2,1.0
7,23,2,2,46.0,38.97056274847714,24.572606728327422,0.6305427737064856,17,2,1.0
7,23,2,3,46.0,42.48528137423857,22.921676902933218,0.539520421225974,20,2,1.0
7,23,2,4,46.0,41.31370849898476,27.549106757045365,0.6668272531797128,19,2,1.0
7,23,2,5,46.0,41.31370849898476,21.31337844955722,0.5158911950516613,19,2,1.0
7,23,2,6,46.0,40.14213562373095,22.64684064392248,0.5641663128290134,18,2,1.0
7,23,3,0,46.0,40.14213562373095,22.62479620102914,0.5636171531355688,18,2,1.0
7,23,3,1,46.0,38.97056274847714,23.878275028205135,0.6127259486171579,17,2,1.0
7,23,3,2,46.0,38.97056274847714,24.193363092681608,0.6208112325405671,17,2,1.0
7,23,3,3,46.0,41.31370849898476,22.398460533014728,0.5421556511578994,19,2,1.0
7,23,3,4,46.0,40.14213562373095,25.22592971525246,0.628415238085628,18,2,1.0
7,23,3,5,46.0,40.14213562373095,21.498684964950712,0.5355640558456304,18,2,1.0
7,23,3,6,46.0,42.48528137423857,23.948128780307634,0.563680597272185,20,2,1.0
7,23,4,0,46.0,40.14213562373095,21.504468577074494,0.5357081341821194,18,2,1.0
7,23,4,1,46.0,41.31370849898476,25.458190902645907,0.6162165496053571,19,2,1.0
7,23,4,2,46.0,40.14213562373095,24.293358495008643,0.6051835089871767,18,2,1.0
7,23,4,3,46.0,40.14213562373095,24.420310733534663,0.6083460771105071,18,2,1.0
7,23,4,4,46.0,40.14213562373095,26.534490286695664,0.6610134183047597,18,2,1.0
7,23,4,5,46.0,40.14213562373095,24.07562880393089,0.5997595401899352,18,2,1.0
7,23,4,6,46.0,40.14213562373095,21.71438383721716,0.5409374339411129,18,2,1.0
7,23,5,0,46.0,42.48528137423857,23.293220755501828,0.548265658177468,20,2,1.0
7,23,5,1,46.0,38.97056274847714,23.68647887528514,0.6078043837386141,17,2,1.0
7,23,5,2,46.0,41.31370849898476,23.715753005708038,0.5740407692108015,19,2,1.0
7,23,5,3,46.0,41.31370849898476,26.097523936154374,0.6316916317690457,19,2,1.0
7,23,5,4,46.0,42.48528137423857,23.891134024751615,0.562339079605067,20,2,1.0
7,23,5,5,46.0,38.97056274847714,24.04435147476763,0.6169875356933924,17,2,1.0
7,23,5,6,46.0,40.14213562373095,25.993285707054344,0.6475312113610571,18,2,1.0
8,23,0,0,46.0,41.31370849898476,27.82503165371996,0.6735060265626779,19,2,1.0
8,23,0,1,46.0,40.14213562373095,26.165619610236675,0.6518243039059503,18,2,1.0
8,23,0,2,46.0,40.14213562373095,21.194863233556397,0.527995406926645,18,2,1.0
8,23,0,3,46.0,38.97056274847714,21.731706944705717,0.5576441655453109,17,2,1.0
8,23,0,4,46.0,41.31370849898476,27.513301243099544,0.665960579253631,19,2,1.0
8,23,0,5,46.0,38.97056274847714,23.770656240510686,0.6099644081080039,17,2,1.0
8,23,0,6,46.0,42.48528137423857,24.15493857371039,0.5685483958770957,20,2,1.0
8,23,0,7,46.0,38.97056274847714,23.055423193503522,0.5916112462195445,17,2,1.0
8,23,1,0,46.0,40.14213562373095,24.7749792438022,0.6171813945333765,18,2,1.0
8,23,1,1,46.0,41.31370849898476,24.331023081550782,0.5889334065023161,19,2,1.0
8,23,1,2,46.0,40.14213562373095,22.03501666827794,0.548924872229554,18,2,1.0
8,23,1,3,46.0,41.31370849898476,25.599455127860715,0.6196358559408869,19,2,1.0
8,23,1,4,46.0,42.48528137423857,26.96609780241321,0.63471623419127,20,2,1.0
8,23,1,5,46.0,40.14213562373095,24.491413544074554,0.6101173533377205,18,2,1.0
8,23,1,6,46.0,40.14213562373095,24.17399329446098,0.6022099452070498,18,2,1.0
8,23,1,7,46.0,37.798989873223334,22.88901700622062,0.6055457323856983,16,2,1.0
8,23,2,0,46.0,40.14213562373095,22.466087256863588,0.5596634784817538,18,2,1.0
8,23,2,1,46.0,42.48528137423857,21.911429994160734,0.5157416706541333,20,2,1.0
8,23,2,2,46.0,40.14213562373095,22.579047764823017,0.5624774918919583,18,2,1.0
8,23,2,3,46.0,38.97056274847714,24.98305273177468,0.6410749799283036,17,2,1.0
8,23,2,4,46.0,40.14213562373095,22.804878797621804,0.568103277099691,18,2,1.0
8,23,2,5,46.0,41.31370849898476,22.074682669706952,0.5343185947649656,19,2,1.0
8,23,2,6,46.0,41.31370849898476,24.132731795021172,0.5841337578207052,19,2,1.0
8,23,2,7,46.0,41.31370849898476,25.68400173526976,0.6216823100230985,19,2,1.0
8,23,3,0,46.0,41.31370849898476,23.200337491713263,0.5615651156633249,19,2,1.0
8,23,3,1,46.0,38.97056274847714,24.74258762187732,0.6349045504313172,17,2,1.0
8,23,3,2,46.0,38.97056274847714,23.489953237660533,0.6027614584184687,17,2,1.0
8,23,3,3,46.0,42.48528137423857,25.304264566751073,0.5956007291997035,20,2,1.0
8,23,3,4,46.0,38.97056274847714,24.84489127853002,0.6375297025830321,17,2,1.0
8,23,3,5,46.0,37.798989873223334,22.833291719397934,0.6040714790522208,16,2,1.0
8,23,3,6,46.0,41.31370849898476,26.26694919383474,0.635792577044499,19,2,1.0
8,23,3,7,46.0,43.65685424949238,22.246211251235323,0.5095697258465202,21,2,1.0
8,23,4,0,46.0,37.798989873223334,25.140626824723252,0.6651137215318227,16,2,1.0
8,23,4,1,46.0,41.31370849898476,24.610481783034338,0.5956977157748768,19,2,1.0
8,23,4,2,46.0,42.48528137423857,26.045215897628687,0.6130409180583066,20,2,1.0
8,23,4,3,46.0,43.65685424949238,22.562485869305466,0.516814283969345,21,2,1.0
8,23,4,4,46.0,40.14213562373095,26.689143767945033,0.6648660653761314,18,2,1.0
8,23,4,5,46.0,40.14213562373095,21.71282461143115,0.540898591319469,18,2,1.0
8,23,4,6,46.0,40.14213562373095,21.04999541814734,0.5243865352720085,18,2,1.0
8,23,4,7,46.0,38.97056274847714,25.157898301336427,0.6455615861569647,17,2,1.0
8,23,5,0,46.0,38.97056274847714,25.31728659010619,0.6496515524681643,17,2,1.0
8,23,5,1,46.0,43.65685424949238,25.04862717754103,0.5737616144853652,21,2,1.0
8,23,5,2,46.0,41.31370849898476,26.220956721489383,0.6346793273746832,19,2,1.0
8,23,5,3,46.0,42.48528137423857,25.504620621822255,0.6003166225300621,20,2,1.0
8,23,5,4,46.0,41.31370849898476,25.835013939333834,0.6253375665844353,19,2,1.0
8,23,5,5,46.0,40.14213562373095,23.975883501351177,0.5972747371013634,18,2,1.0
8,23,5,6,46.0,40.14213562373095,24.870888343437926,0.6195706321298692,18,2,1.0
8,23,5,7,46.0,40.14213562373095,24.214038037999728,0.6032075190260938,18,2,1.0
9,23,0,0,46.0,40.14213562373095,24.815349485815858,0.6181870770010973,18,2,1.0
9,23,0,1,46.0,38.97056274847714,23.569047720547484,0.6047910540236808,17,2,1.0
9,23,0,2,46.0,41.31370849898476,25.108471081860735,0.6077515670731363,19,2,1.0
9,23,0,3,46.0,40.14213562373095,25.03825519591846,0.623739988091628,18,2,1.0
9,23,0,4,46.0,41.31370849898476,21.62460182791316,0.5234243696240574,19,2,1.0
9,23,0,5,46.0,42.48528137423857,21.68058348688755,0.5103081063747836,20,2,1.0
9,23,0,6,46.0,40.14213562373095,24.959766699516155,0.6217847235003763,18,2,1.0
9,23,0,7,46.0,41.31370849898476,24.640191726993287,0.5964168461807003,19,2,1.0
9,23,0,8,46.0,40.14213562373095,22.525598848584885,0.5611460002957182,18,2,1.0
9,23,1,0,46.0,40.14213562373095,24.19443981441933,0.6027192982756061,18,2,1.0
9,23,1,1,46.0,40.14213562373095,23.35974055302787,0.5819257045013375,18,2,1.0
9,23,1,2,46.0,40.14213562373095,23.06530662700314,0.5745909197060146,18,2,1.0
9,23,1,3,46.0,40.14213562373095,23.438588216966473,0.5838899164874081,18,2,1.0
9,23,1,4,46.0,40.14213562373095,27.722804586335556,0.6906160859549929,18,2,1.0
9,23,1,5,46.0,41.31370849898476,23.955438065841406,0.5798423558715404,19,2,1.0
9,23,1,6,46.0,41.31370849898476,22.958315284730183,0.5557069582677227,19,2,1.0
9,23,1,7,46.0,38.97056274847714,25.26432392862232,0.6482925096997625,17,2,1.0
9,23,1,8,46.0,40.14213562373095,22.418812853993842,0.5584858031504543,18,2,1.0
9,23,2,0,46.0,41.31370849898476,26.30901878254734,0.6368108731559128,19,2,1.0
9,23,2,1,46.0,40.14213562373095,24.089525736720642,0.6001057333501599,18,2,1.0
9,23,2,2,46.0,41.31370849898476,21.135856234092245,0.5115942625826397,19,2,1.0
9,23,2,3,46.0,40.14213562373095,22.181028754416914,0.552562249361344,18,2,1.0
9,23,2,4,46.0,40.14213562373095,20.696189931969556,0.5155727170563025,18,2,1.0
9,23,2,5,46.0,41.31370849898476,23.315394267528927,0.5643500696167685,19,2,1.0
9,23,2,6,46.0,41.31370849898476,23.96806156861109,0.5801479082711755,19,2,1.0
9,23,2,7,46.0,38.97056274847714,23.170454539901755,0.5945629959066268,17,2,1.0
9,23,2,8,46.0,41.31370849898476,22.913757076230127,0.5546284250128067,19,2,1.0
9,23,3,0,46.0,40.14213562373095,23.70291659756196,0.5904747275964419,18,2,1.0
9,23,3,1,46.0,40.14213562373095,24.319284552081662,0.6058293654337801,18,2,1.0
9,23,3,2,46.0,41.31370849898476,25.616388145272133,0.6200457203182723,19,2,1.0
9,23,3,3,46.0,41.31370849898476,22.404338081922845,0.5422979174690504,19,2,1.0
9,23,3,4,46.0,40.14213562373095,24.599631732759157,0.6128132285571901,18,2,1.0
9,23,3,5,46.0,43.65685424949238,23.045389797762937,0.5278756381772719,21,2,1.0
9,23,3,6,46.0,40.14213562373095,23.22354255066245,0.5785328107190519,18,2,1.0
9,23,3,7,46.0,40.14213562373095,24.336024560065624,0.6062463838042245,18,2,1.0
9,23,3,8,46.0,42.48528137423857,22.128746731701547,0.5208567771218661,20,2,1.0
9,23,4,0,46.0,41.31370849898476,23.98368161088841,0.5805259920318648,19,2,1.0
9,23,4,1,46.0,38.97056274847714,24.950474075561896,0.6402389987693182,17,2,1.0
9,23,4,2,46.0,40.14213562373095,24.815005783383505,0.6181785148649027,18,2,1.0
9,23,4,3,46.0,38.97056274847714,23.834101006316907,0.6115924258047384,17,2,1.0
9,23,4,4,46.0,38.97056274847714,24.717830575138876,0.6342692748542559,17,2,1.0
9,23,4,5,46.0,41.31370849898476,25.42613452957315,0.6154406237870892,19,2,1.0
9,23,4,6,46.0,38.97056274847714,22.366920455179258,0.5739439945873837,17,2,1.0
9,23,4,7,46.0,41.31370849898476,24.83729005806169,0.601187619326695,19,2,1.0
9,23,4,8,46.0,41.31370849898476,23.038656132736186,0.55765161177197,19,2,1.0
9,23,5,0,46.0,41.31370849898476,25.606615185383447,0.6198091654253867,19,2,1.0
9,23,5,1,46.0,41.31370849898476,24.31030475961935,0.5884319186745666,19,2,1.0
9,23,5,2,46.0,41.31370849898476,24.408374925036114,0.590805711030176,19,2,1.0
9,23,5,3,46.0,41.31370849898476,24.65044476608275,0.5966650214102301,19,2,1.0
9,23,5,4,46.0,40.14213562373095,24.795959020099172,0.6177040318064311,18,2,1.0
9,23,5,5,46.0,40.14213562373095,26.178203565837368,0.6521377888614754,18,2,1.0
9,23,5,6,46.0,40.14213562373095,22.310125463895616,0.5557782394294555,18,2,1.0
9,23,5,7,46.0,42.48528137423857,21.784242165760862,0.5127479790911773,20,2,1.0
9,23,5,8,46.0,40.14213562373095,22.505945534765193,0.560656407165848,18,2,1.0
10,23,0,0,46.0,40.14213562373095,22.736299453348778,0.5663948641513654,18,2,1.0
10,23,0,1,46.0,40.14213562373095,25.052362220588392,0.6240914149514784,18,2,1.0
10,23,0,2,46.0,41.31370849898476,24.063495406985,0.5824578882231386,19,2,1.0
10,23,0,3,46.0,42.48528137423857,24.086259725534095,0.5669318631402327,20,2,1.0
10,23,0,4,46.0,41.31370849898476,23.695218742729573,0.573543736537519,19,2,1.0
10,23,0,5,46.0,41.31370849898476,24.341310564960445,0.5891824154580217,19,2,1.0
10,23,0,6,46.0,40.14213562373095,24.412938996896337,0.6081624362422826,18,2,1.0
10,23,0,7,46.0,41.31370849898476,23.61559223644633,0.5716163737038193,19,2,1.0
10,23,0,8,46.0,42.48528137423857,23.133133784949727,0.5444976009733282,20,2,1.0
10,23,0,9,46.0,40.14213562373095,22.84394712397402,0.5690765269217338,18,2,1.0
10,23,1,0,46.0,40.14213562373095,25.925554616995143,0.6458439296804291,18,2,1.0
10,23,1,1,46.0,41.31370849898476,23.97215820515768,0.5802470675259465,19,2,1.0
10,23,1,2,46.0,42.48528137423857,25.8677333573105,0.6088634115295207,20,2,1.0
10,23,1,3,46.0,38.97056274847714,25.03775248547678,0.6424785971676835,17,2,1.0
10,23,1,4,46.0,41.31370849898476,24.173704149677086,0.5851254953370049,19,2,1.0
10,23,1,5,46.0,40.14213562373095,23.20122781782937,0.5779769177032382,18,2,1.0
10,23,1,6,46.0,40.14213562373095,23.266533470782342,0.5796037781564315,18,2,1.0
10,23,1,7,46.0,42.48528137423857,23.21795578244823,0.5464941041093516,20,2,1.0
10,23,1,8,46.0,38.97056274847714,22.61846494871968,0.5803987254354839,17,2,1.0
10,23,1,9,46.0,41.31370849898476,25.54217057134134,0.6182492809128721,19,2,1.0
10,23,2,0,46.0,37.798989873223334,23.702198881398317,0.6270590553053077,16,2,1.0
10,23,2,1,46.0,38.97056274847714,22.05167869144391,0.5658547666804126,17,2,1.0
10,23,2,2,46.0,38.97056274847714,24.4293018281791,0.6268655134864257,17,2,1.0
10,23,2,3,46.0,42.48528137423857,21.724110398645195,0.5113326238158765,20,2,1.0
10,23,2,4,46.0,41.31370849898476,25.521906346681625,0.6177587845281137,19,2,1.0
10,23,2,5,46.0,40.14213562373095,23.046063996419555,0.5741115573032777,18,2,1.0
10,23,2,6,46.0,38.97056274847714,24.575470186031882,0.6306162511597865,17,2,1.0
10,23,2,7,46.0,42.48528137423857,23.20251618249199,0.5461306935479331,20,2,1.0
10,23,2,8,46.0,38.97056274847714,22.709759796652698,0.5827413872164351,17,2,1.0
10,23,2,9,46.0,40.14213562373095,22.252451148371577,0.5543414868843333,18,2,1.0
10,23,3,0,46.0,42.48528137423857,23.606295811729865,0.555634682133559,20,2,1.0
10,23,3,1,46.0,40.14213562373095,22.85110320659189,0.5692547955291879,18,2,1.0
10,23,3,2,46.0,38.97056274847714,23.880032892885446,0.6127710561177002,17,2,1.0
10,23,3,3,46.0,40.14213562373095,23.870083213559347,0.5946390953710992,18,2,1.0
10,23,3,4,46.0,40.14213562373095,23.046696941527813,0.5741273249025451,18,2,1.0
10,23,3,5,46.0,38.97056274847714,24.282123706022716,0.6230888648630457,17,2,1.0
10,23,3,6,46.0,41.31370849898476,24.116193027248833,0.5837334362719209,19,2,1.0
10,23,3,7,46.0,40.14213562373095,24.090174528182395,0.6001218957055422,18,2,1.0
10,23,3,8,46.0,38.97056274847714,22.99897352463106,0.5901627254671808,17,2,1.0
10,23,3,9,46.0,41.31370849898476,24.681807287067365,0.5974241525103924,19,2,1.0
10,23,4,0,46.0,41.31370849898476,24.42380924343491,0.5911792993368072,19,2,1.0
10,23,4,1,46.0,40.14213562373095,24.618443922572503,0.6132818680433818,18,2,1.0
10,23,4,2,46.0,41.31370849898476,25.691286417515002,0.6218586360540918,19,2,1.0
10,23,4,3,46.0,40.14213562373095,27.90210896912194,0.6950828234616139,18,2,1.0
10,23,4,4,46.0,40.14213562373095,25.041851889964363,0.6238295870626348,18,2,1.0
10,23,4,5,46.0,38.97056274847714,25.41256730187767,0.6520964930862005,17,2,1.0
10,23,4,6,46.0,40.14213562373095,24.72343720282387,0.6158974060216178,18,2,1.0
10,23,4,7,46.0,42.48528137423857,23.429580223975293,0.5514752277992935,20,2,1.0
10,23,4,8,46.0,42.48528137423857,23.32514911405081,0.5490171739381319,20,2,1.0
10,23,4,9,46.0,41.31370849898476,25.209117914472547,0.6101877277633412,19,2,1.0
10,23,5,0,46.0,40.14213562373095,22.400909936784686,0.5580398149903582,18,2,1.0
10,23,5,1,46.0,40.14213562373095,25.801876432885386,0.6427629230974948,18,2,1.0
10,23,5,2,46.0,40.14213562373095,26.923128718047472,0.6706949767299187,18,2,1.0
10,23,5,3,46.0,40.14213562373095,23.059655656531024,0.5744501456693494,18,2,1.0
10,23,5,4,46.0,43.65685424949238,23.234577766919806,0.5322091608831382,21,2,1.0
10,23,5,5,46.0,41.31370849898476,24.361574023658676,0.5896728933026513,19,2,1.0
10,23,5,6,46.0,38.97056274847714,23.032312613398144,0.5910182196252267,17,2,1.0
10,23,5,7,46.0,38.97056274847714,21.937217017827493,0.5629176350214429,17,2,1.0
10,23,5,8,46.0,42.48528137423857,23.393858591446048,0.5506344276121748,20,2,1.0
10,23,5,9,46.0,40.14213562373095,22.67789654014561,0.5649399611598902,18,2,1.0
1,24,0,0,48.0,40.97056274847714,26.463217108605885,0.6459080699249002,18,2,1.0
1,24,1,0,48.0,42.14213562373095,26.01759153158777,0.6173771487018997,19,2,1.0
1,24,2,0,48.0,43.31370849898476,24.440489112718062,0.5642668328270928,20,2,1.0
1,24,3,0,48.0,40.97056274847714,23.423755955180482,0.5717216065344656,18,2,1.0
1,24,4,0,48.0,39.798989873223334,25.714843073799056,0.646117983288313,17,2,1.0
1,24,5,0,48.0,43.31370849898476,28.053783650792,0.6476883329315835,20,2,1.0
2,24,0,0,48.0,42.14213562373095,24.09474080102091,0.5717494010306576,19,2,1.0
2,24,0,1,48.0,44.48528137423857,23.07380850872495,0.5186841084495646,21,2,1.0
2,24,1,0,48.0,43.31370849898476,25.92472343962197,0.5985339131196681,20,2,1.0
2,24,1,1,48.0,43.31370849898476,24.25876131176482,0.5600712142284798,20,2,1.0
2,24,2,0,48.0,43.31370849898476,25.468815080140995,0.5880081840772874,20,2,1.0
2,24,2,1,48.0,40.97056274847714,25.60965350285666,0.6250744872624079,18,2,1.0
2,24,3,0,48.0,44.48528137423857,23.0563928968961,0.518292616897958,21,2,1.0
2,24,3,1,48.0,40.97056274847714,26.28076334369317,0.641454780717407,18,2,1.0
2,24,4,0,48.0,43.31370849898476,23.720493417098787,0.5476440193906458,20,2,1.0
2,24,4,1,48.0,44.48528137423857,24.036233483895735,0.5403187917749155,21,2,1.0
2,24,5,0,48.0,43.31370849898476,25.898554893818737,0.5979297499872536,20,2,1.0
2,24,5,1,48.0,42.14213562373095,23.292861349128085,0.5527214272456443,19,2,1.0
3,24,0,0,48.0,43.31370849898476,23.375940831679195,0.5396892032975451,20,2,1.0
3,24,0,1,48.0,40.97056274847714,25.105395946880748,0.6127666857056755,18,2,1.0
3,24,0,2,48.0,39.798989873223334,26.97906776462039,0.677883228960337,17,2,1.0
3,24,1,0,48.0,40.97056274847714,23.62467075685202,0.5766254884485358,18,2,1.0
3,24,1,1,48.0,43.31370849898476,24.050208737479895,0.5552562819238536,20,2,1.0
3,24,1,2,48.0,40.97056274847714,25.22567402413576,0.6157024051390015,18,2,1.0
3,24,2,0,48.0,44.48528137423857,23.614159706927012,0.5308308496077531,21,2,1.0
3,24,2,1,48.0,43.31370849898476,27.68884901120498,0.6392629486310087,20,2,1.0
3,24,2,2,48.0,40.97056274847714,26.579592332798143,0.6487485294252174,18,2,1.0
3,24,3,0,48.0,43.31370849898476,24.750233997815485,0.5714180303539609,20,2,1.0
3,24,3,1,48.0,42.14213562373095,27.19875441258133,0.6454052223510298,19,2,1.0
3,24,3,2,48.0,42.14213562373095,22.83473939721027,0.5418505507431295,19,2,1.0
3,24,4,0,48.0,42.14213562373095,23.95090516725334,0.5683362936586958,19,2,1.0
3,24,4,1,48.0,43.31370849898476,22.17026586640788,0.5118533285351804,20,2,1.0
3,24,4,2,48.0,43.31370849898476,21.926700358743204,0.5062300393709569,20,2,1.0
3,24,5,0,48.0,43.31370849898476,23.570303233790796,0.5441765217204448,20,2,1.0
3,24,5,1,48.0,39.798989873223334,26.847037405490386,0.6745657990569507,17,2,1.0
3,24,5,2,48.0,42.14213562373095,25.252340628172572,0.5992183417954867,19,2,1.0
4,24,0,0,48.0,43.31370849898476,23.749029603189577,0.5483028451314954,20,2,1.0
4,24,0,1,48.0,42.14213562373095,28.236409063101682,0.6700279576529407,19,2,1.0
4,24,0,2,48.0,42.14213562373095,25.6851636000222,0.6094888932386817,19,2,1.0
4,24,0,3,48.0,39.798989873223334,24.389348040584593,0.6128132427047775,17,2,1.0
4,24,1,0,48.0,44.48528137423857,25.371567565805982,0.5703362276696459,21,2,1.0
4,24,1,1,48.0,44.48528137423857,27.300838147493835,0.6137049672187475,21,2,1.0
4,24,1,2,48.0,40.97056274847714,26.31248309703729,0.6422289891054843,18,2,1.0
4,24,1,3,48.0,43.31370849898476,26.319823817469693,0.6076557452494886,20,2,1.0
4,24,2,0,48.0,40.97056274847714,23.782078580929742,0.5804674621369147,18,2,1.0
4,24,2,1,48.0,42.14213562373095,22.547952287240612,0.5350453163684348,19,2,1.0
4,24,2,2,48.0,42.14213562373095,24.997169442745353,0.5931633286441473,19,2,1.0
4,24,2,3,48.0,43.31370849898476,25.414122067604367,0.5867454657732679,20,2,1.0
4,24,3,0,48.0,43.31370849898476,26.02672463044926,0.6008888532613019,20,2,1.0
4,24,3,1,48.0,43.31370849898476,21.87918214387488,0.5051329683392894,20,2,1.0
4,24,3,2,48.0,42.14213562373095,23.253821323573572,0.55179503789739,19,2,1.0
4,24,3,3,48.0,43.31370849898476,25.565005974056014,0.5902289796925433,20,2,1.0
4,24,4,0,48.0,42.14213562373095,22.151619337762455,0.5256406446874159,19,2,1.0
4,24,4,1,48.0,42.14213562373095,22.703218120396244,0.5387296534542895,19,2,1.0
4,24,4,2,48.0,43.31370849898476,25.414362203671494,0.586751009885639,20,2,1.0
4,24,4,3,48.0,39.798989873223334,24.190067463352996,0.607806065943096,17,2,1.0
4,24,5,0,48.0,40.97056274847714,25.19699368547545,0.6150023820800952,18,2,1.0
4,24,5,1,48.0,40.97056274847714,25.56255507738732,0.6239249198093445,18,2,1.0
4,24,5,2,48.0,40.97056274847714,24.46972983218312,0.5972514945036397,18,2,1.0
4,24,5,3,48.0,44.48528137423857,24.152085297718592,0.5429230646994416,21,2,1.0
5,24,0,0,48.0,43.31370849898476,25.27732839946528,0.58358725852481,20,2,1.0
5,24,0,1,48.0,44.48528137423857,25.879543793969667,0.5817552006978316,21,2,1.0
5,24,0,2,48.0,43.31370849898476,22.283688418554835,0.5144719579732395,20,2,1.0
5,24,0,3,48.0,42.14213562373095,26.039096580891037,0.6178874467441081,19,2,1.0
5,24,0,4,48.0,44.48528137423857,25.02678780883381,0.5625858044662572,21,2,1.0
5,24,1,0,48.0,42.14213562373095,24.506503927402022,0.5815202187713049,19,2,1.0
5,24,1,1,48.0,42.14213562373095,28.168083261100332,0.6684066396777103,19,2,1.0
5,24,1,2,48.0,42.14213562373095,26.002282501363567,0.6170138773584422,19,2,1.0
5,24,1,3,48.0,42.14213562373095,25.823175636132458,0.6127638111816761,19,2,1.0
5,24,1,4,48.0,44.48528137423857,25.391102545958255,0.5707753612335752,21,2,1.0
5,24,2,0,48.0,40.97056274847714,24.26829195872495,0.5923348455746313,18,2,1.0
5,24,2,1,48.0,40.97056274847714,22.736826965969193,0.5549552029722684,18,2,1.0
5,24,2,2,48.0,43.31370849898476,22.527615974877133,0.5201036058920044,20,2,1.0
5,24,2,3,48.0,42.14213562373095,26.153758642835808,0.6206082880172827,19,2,1.0
5,24,2,4,48.0,40.97056274847714,26.279131449602005,0.6414149498246466,18,2,1.0
5,24,3,0,48.0,40.97056274847714,24.20365983068228,0.5907573195728663,18,2,1.0
5,24,3,1,48.0,40.97056274847714,23.441740033844194,0.5721605577583997,18,2,1.0
5,24,3,2,48.0,45.65685424949238,23.685608925433414,0.5187744384666351,22,2,1.0
5,24,3,3,48.0,43.31370849898476,24.227920381586095,0.5593591779875875,20,2,1.0
5,24,3,4,48.0,44.48528137423857,24.1889009565031,0.5437506566050607,21,2,1.0
5,24,4,0,48.0,44.48528137423857,23.43464718669236,0.5267955256828692,21,2,1.0
5,24,4,1,48.0,43.31370849898476,23.739680210181646,0.5480869921525673,20,2,1.0
5,24,4,2,48.0,43.31370849898476,25.5759754328179,0.5904822357433878,20,2,1.0
5,24,4,3,48.0,42.14213562373095,23.28487579832565,0.5525319363552507,19,2,1.0
5,24,4,4,48.0,43.31370849898476,23.580810818210317,0.5444191143033397,20,2,1.0
5,24,5,0,48.0,42.14213562373095,27.255731613729612,0.6467572468819413,19,2,1.0
5,24,5,1,48.0,42.14213562373095,24.70068567073838,0.586128000044426,19,2,1.0
5,24,5,2,48.0,42.14213562373095,24.832518114528114,0.5892562810828339,19,2,1.0
5,24,5,3,48.0,42.14213562373095,23.419791375235178,0.5557333777371999,19,2,1.0
5,24,5,4,48.0,40.97056274847714,22.8395959610598,0.5574635647861278,18,2,1.0
6,24,0,0,48.0,42.14213562373095,22.855591073065487,0.5423453447431629,19,2,1.0
6,24,0,1,48.0,42.14213562373095,26.033875115468245,0.6177635454432957,19,2,1.0
6,24,0,2,48.0,43.31370849898476,24.158609589441703,0.557758973466979,20,2,1.0
6,24,0,3,48.0,43.31370849898476,23.9846723320069,0.5537432180984707,20,2,1.0
6,24,0,4,48.0,42.14213562373095,24.499112708584022,0.5813448309152173,19,2,1.0
6,24,0,5,48.0,43.31370849898476,23.28558405104865,0.5376031020662765,20,2,1.0
6,24,1,0,48.0,43.31370849898476,22.393182116300284,0.5169998804610592,20,2,1.0
6,24,1,1,48.0,42.14213562373095,23.505106991491026,0.5577578507496165,19,2,1.0
6,24,1,2,48.0,40.97056274847714,22.274714679652586,0.5436760733895589,18,2,1.0
6,24,1,3,48.0,42.14213562373095,26.16506901704667,0.6208766743732056,19,2,1.0
6,24,1,4,48.0,43.31370849898476,25.652580426323052,0.5922508442546389,20,2,1.0
6,24,1,5,48.0,43.31370849898476,25.30502238215562,0.5842266399966364,20,2,1.0
6,24,2,0,48.0,42.14213562373095,24.772033876244755,0.587821037296819,19,2,1.0
6,24,2,1,48.0,44.48528137423857,24.98127509620771,0.5615627084843926,21,2,1.0
6,24,2,2,48.0,42.14213562373095,24.360666024544607,0.5780595991159666,19,2,1.0
6,24,2,3,48.0,45.65685424949238,24.77455116278861,0.5426250137034804,22,2,1.0
6,24,2,4,48.0,43.31370849898476,23.334130940166176,0.5387239224901075,20,2,1.0
6,24,2,5,48.0,44.48528137423857,27.118461785385136,0.6096052660035425,21,2,1.0
6,24,3,0,48.0,40.97056274847714,22.944601782095198,0.5600265225292284,18,2,1.0
6,24,3,1,48.0,43.31370849898476,25.85885512120026,0.5970131862942738,20,2,1.0
6,24,3,2,48.0,43.31370849898476,23.95062489610139,0.5529571520448954,20,2,1.0
6,24,3,3,48.0,42.14213562373095,24.55346035061612,0.5826344580598248,19,2,1.0
6,24,3,4,48.0,43.31370849898476,22.551217056977272,0.5206484930170746,20,2,1.0
6,24,3,5,48.0,42.14213562373095,27.823660309918175,0.6602337517572365,19,2,1.0
6,24,4,0,48.0,42.14213562373095,25.217108317602303,0.5983823065531145,19,2,1.0
6,24,4,1,48.0,43.31370849898476,24.32772246733575,0.5616633465570369,20,2,1.0
6,24,4,2,48.0,42.14213562373095,23.164764906587273,0.5496817986021287,19,2,1.0
6,24,4,3,48.0,40.97056274847714,25.097034855117084,0.6125626101157209,18,2,1.0
6,24,4,4,48.0,42.14213562373095,23.25837695315659,0.5519031394331948,19,2,1.0
6,24,4,5,48.0,40.97056274847714,25.20996273351666,0.6153189275989065,18,2,1.0
6,24,5,0,48.0,42.14213562373095,24.143975417184045,0.572917700060463,19,2,1.0
6,24,5,1,48.0,45.65685424949238,25.038657217294713,0.5484096008995866,22,2,1.0
6,24,5,2,48.0,42.14213562373095,28.06486062013665,0.6659572469396365,19,2,1.0
6,24,5,3,48.0,42.14213562373095,25.06648061111239,0.5948080285944747,19,2,1.0
6,24,5,4,48.0,43.31370849898476,24.308164485545948,0.561211804020792,20,2,1.0
6,24,5,5,48.0,42.14213562373095,21.91339418301321,0.519987747623151,19,2,1.0
7,24,0,0,48.0,42.14213562373095,21.90204565804855,0.5197184559796049,19,2,1.0
7,24,0,1,48.0,40.97056274847714,23.9963133418615,0.5856964545295008,18,2,1.0
7,24,0,2,48.0,42.14213562373095,22.7283915843717,0.5393270001146538,19,2,1.0
7,24,0,3,48.0,40.97056274847714,24.6041409974391,0.6005321710733306,18,2,1.0
7,24,0,4,48.0,40.97056274847714,22.118633670702277,0.5398664842972999,18,2,1.0
7,24,0,5,48.0,42.14213562373095,25.890503895779993,0.6143614582551107,19,2,1.0
7,24,0,6,48.0,43.31370849898476,26.360664493668637,0.6085986494157274,20,2,1.0
7,24,1,0,48.0,40.97056274847714,27.008463987606675,0.659216329378111,18,2,1.0
7,24,1,1,48.0,45.65685424949238,21.708203932499373,0.47546429313492894,22,2,1.0
7,24,1,2,48.0,43.31370849898476,22.56931510913227,0.5210663296046626,20,2,1.0
7,24,1,3,48.0,42.14213562373095,24.67548169290184,0.5855299293139443,19,2,1.0
7,24,1,4,48.0,42.14213562373095,22.873407520735825,0.5427681151463862,19,2,1.0
7,24,1,5,48.0,42.14213562373095,23.111462837601202,0.5484169820901708,19,2,1.0
7,24,1,6,48.0,42.14213562373095,25.0609313726846,0.5946763494959748,19,2,1.0
7,24,2,0,48.0,43.31370849898476,25.4894299135537,0.588484126547399,20,2,1.0
7,24,2,1,48.0,43.31370849898476,23.607864038080194,0.5450437022411402,20,2,1.0
7,24,2,2,48.0,42.14213562373095,25.060643331971626,0.594669514514579,19,2,1.0
7,24,2,3,48.0,43.31370849898476,26.529816163659984,0.6125039181136342,20,2,1.0
7,24,2,4,48.0,40.97056274847714,25.028829016049684,0.6108978578035273,18,2,1.0
7,24,2,5,48.0,42.14213562373095,25.057041371154064,0.5945840427945474,19,2,1.0
7,24,2,6,48.0,40.97056274847714,23.714398551013595,0.5788155436526204,18,2,1.0
7,24,3,0,48.0,43.31370849898476,27.442658514877365,0.6335790553588964,20,2,1.0
7,24,3,1,48.0,40.97056274847714,22.583399380443606,0.551210378023988,18,2,1.0
7,24,3,2,48.0,43.31370849898476,23.775775122442084,0.5489203290685527,20,2,1.0
7,24,3,3,48.0,42.14213562373095,22.541300504445584,0.5348874747522808,19,2,1.0
7,24,3,4,48.0,45.65685424949238,21.636338701583533,0.47389026373458676,22,2,1.0
7,24,3,5,48.0,42.14213562373095,24.348581750119664,0.5777728487117432,19,2,1.0
7,24,3,6,48.0,42.14213562373095,23.958333546068943,0.5685125632925352,19,2,1.0
7,24,4,0,48.0,42.14213562373095,25.959186021265644,0.6159912315086278,19,2,1.0
7,24,4,1,48.0,42.14213562373095,24.494579093679405,0.5812372517705555,19,2,1.0
7,24,4,2,48.0,42.14213562373095,23.569900246068052,0.5592953441304821,19,2,1.0
7,24,4,3,48.0,43.31370849898476,23.631124828667105,0.5455807329271055,20,2,1.0
7,24,4,4,48.0,39.798989873223334,24.414713586284133,0.6134505841493805,17,2,1.0
7,24,4,5,48.0,44.48528137423857,25.01762689193113,0.5623798730520977,21,2,1.0
7,24,4,6,48.0,39.798989873223334,24.810430863985317,0.6233934816691846,17,2,1.0
7,24,5,0,48.0,45.65685424949238,24.01883273876161,0.5260728785104298,22,2,1.0
7,24,5,1,48.0,42.14213562373095,24.411968329405198,0.5792769627853982,19,2,1.0
7,24,5,2,48.0,42.14213562373095,24.721763684455365,0.5866281648653354,19,2,1.0
7,24,5,3,48.0,43.31370849898476,26.122161234500396,0.6030922343006644,20,2,1.0
7,24,5,4,48.0,40.97056274847714,24.96117950733847,0.6092466842737294,18,2,1.0
7,24,5,5,48.0,42.14213562373095,26.265878352975715,0.6232688012656139,19,2,1.0
7,24,5,6,48.0,43.31370849898476,22.83547535779492,0.5272112721156206,20,2,1.0
8,24,0,0,48.0,42.14213562373095,23.067084444494476,0.5473639174447773,19,2,1.0
8,24,0,1,48.0,45.65685424949238,26.630182915290305,0.5832680186367939,22,2,1.0
8,24,0,2,48.0,42.14213562373095,23.163262923657047,0.5496461577190079,19,2,1.0
8,24,0,3,48.0,42.14213562373095,25.365839451987263,0.601911580335367,19,2,1.0
8,24,0,4,48.0,44.48528137423857,25.58339659318178,0.5750980055168793,21,2,1.0
8,24,0,5,48.0,43.31370849898476,23.685845082225512,0.5468440801549166,20,2,1.0
8,24,0,6,48.0,42.14213562373095,24.92415827767499,0.5914308306587048,19,2,1.0
8,24,0,7,48.0,43.31370849898476,27.24320795930899,0.6289742648092013,20,2,1.0
8,24,1,0,48.0,42.14213562373095,24.351863767333995,0.5778507284196829,19,2,1.0
8,24,1,1,48.0,42.14213562373095,25.0060153505178,0.5933732351342083,19,2,1.0
8,24,1,2,48.0,43.31370849898476,25.635562881234634,0.5918579537431091,20,2,1.0
8,24,1,3,48.0,40.97056274847714,24.418098997706977,0.5959913010619945,18,2,1.0
8,24,1,4,48.0,39.798989873223334,23.65088624459414,0.5942584553008066,17,2,1.0
8,24,1,5,48.0,40.97056274847714,24.79832034721577,0.6052716556385966,18,2,1.0
8,24,1,6,48.0,42.14213562373095,24.59553737386839,0.5836329129940492,19,2,1.0
8,24,1,7,48.0,44.48528137423857,25.243069649160603,0.5674476786332944,21,2,1.0
8,24,2,0,48.0,42.14213562373095,24.441417624647226,0.5799757715858104,19,2,1.0
8,24,2,1,48.0,42.14213562373095,24.647498602781397,0.5848659124171669,19,2,1.0
8,24,2,2,48.0,43.31370849898476,23.91831113818082,0.5522111120718617,20,2,1.0
8,24,2,3,48.0,43.31370849898476,20.92541683037942,0.4831130271579007,20,2,1.0
8,24,2,4,48.0,44.48528137423857,25.197277668929978,0.5664183048985214,21,2,1.0
8,24,2,5,48.0,43.31370849898476,22.593415831091356,0.5216227521044735,20,2,1.0
8,24,2,6,48.0,42.14213562373095,22.91073391120446,0.5436538412709924,19,2,1.0
8,24,2,7,48.0,42.14213562373095,26.134842469285253,0.6201594219769033,19,2,1.0
8,24,3,0,48.0,43.31370849898476,24.47173334859029,0.5649881803393466,20,2,1.0
8,24,3,1,48.0,42.14213562373095,24.794164315075392,0.5883461753445969,19,2,1.0
8,24,3,2,48.0,40.97056274847714,28.29335521865379,0.6905776567519918,18,2,1.0
8,24,3,3,48.0,42.14213562373095,24.81307705733129,0.5887949599630311,19,2,1.0
8,24,3,4,48.0,42.14213562373095,27.86959726247774,0.6613237998024926,19,2,1.0
8,24,3,5,48.0,42.14213562373095,22.931037759539166,0.5441356357513668,19,2,1.0
8,24,3,6,48.0,43.31370849898476,26.912240059615197,0.6213330835027899,20,2,1.0
8,24,3,7,48.0,45.65685424949238,23.501166783616295,0.5147346914264813,22,2,1.0
8,24,4,0,48.0,44.48528137423857,27.319561197157952,0.6141258491168882,21,2,1.0
8,24,4,1,48.0,43.31370849898476,24.38447792387504,0.5629736812872209,20,2,1.0
8,24,4,2,48.0,43.31370849898476,25.178744707047883,0.5813112194638806,20,2,1.0
8,24,4,3,48.0,42.14213562373095,22.692675985656237,0.5384794968216468,19,2,1.0
8,24,4,4,48.0,40.97056274847714,24.65710590067279,0.6018249261560188,18,2,1.0
8,24,4,5,48.0,40.97056274847714,25.30547264460173,0.6176501113727642,18,2,1.0
8,24,4,6,48.0,43.31370849898476,25.72493771092582,0.5939213843009723,20,2,1.0
8,24,4,7,48.0,42.14213562373095,26.287408375224402,0.6237796918963338,19,2,1.0
8,24,5,0,48.0,40.97056274847714,22.384057919055707,0.5463448978349147,18,2,1.0
8,24,5,1,48.0,43.31370849898476,24.083340898883762,0.5560212166882053,20,2,1.0
8,24,5,2,48.0,40.97056274847714,26.09671488448491,0.6369625685811434,18,2,1.0
8,24,5,3,48.0,43.31370849898476,24.216686667922357,0.5590998209836957,20,2,1.0
8,24,5,4,48.0,42.14213562373095,22.70664727542849,0.5388110246278547,19,2,1.0
8,24,5,5,48.0,42.14213562373095,26.33122369464875,0.6248193952425418,19,2,1.0
8,24,5,6,48.0,44.48528137423857,24.529021747518332,0.551396349304044,21,2,1.0
8,24,5,7,48.0,42.14213562373095,25.99262918468741,0.6167848116850186,19,2,1.0
9,24,0,0,48.0,43.31370849898476,24.42074740366136,0.5638110485098213,20,2,1.0
9,24,0,1,48.0,39.798989873223334,26.009161807043828,0.6535131140235981,17,2,1.0
9,24,0,2,48.0,40.97056274847714,23.227412352643178,0.5669292973894172,18,2,1.0
9,24,0,3,48.0,42.14213562373095,27.083055522450397,0.6426597779539077,19,2,1.0
9,24,0,4,48.0,42.14213562373095,22.86114247510379,0.5424770751824521,19,2,1.0
9,24,0,5,48.0,40.97056274847714,24.029588728181054,0.5865086324467004,18,2,1.0
9,24,0,6,48.0,42.14213562373095,26.631150199399595,0.6319364172043322,19,2,1.0
9,24,0,7,48.0,43.31370849898476,23.95994333795256,0.5531722904427396,20,2,1.0
9,24,0,8,48.0,40.97056274847714,24.968376691352947,0.6094223514730954,18,2,1.0
9,24,1,0,48.0,40.97056274847714,25.38986872526253,0.6197100313494293,18,2,1.0
9,24,1,1,48.0,42.14213562373095,24.115635683410943,0.5722452202880535,19,2,1.0
9,24,1,2,48.0,40.97056274847714,25.394171272785844,0.619815046932196,18,2,1.0
9,24,1,3,48.0,40.97056274847714,26.590714632322676,0.6490199999342465,18,2,1.0
9,24,1,4,48.0,42.14213562373095,25.973051522624083,0.6163202490383097,19,2,1.0
9,24,1,5,48.0,40.97056274847714,23.09280534249948,0.563643840683097,18,2,1.0
9,24,1,6,48.0,40.97056274847714,24.84786391388284,0.6064809035313147,18,2,1.0
9,24,1,7,48.0,42.14213562373095,22.390548296006187,0.5313102424595134,19,2,1.0
9,24,1,8,48.0,43.31370849898476,23.485418878587048,0.542216764448547,20,2,1.0
9,24,2,0,48.0,44.48528137423857,23.66890663820969,0.5320615247792129,21,2,1.0
9,24,2,1,48.0,42.14213562373095,25.921314411529917,0.6150925677561814,19,2,1.0
9,24,2,2,48.0,42.14213562373095,22.73518876940966,0.539488292012593,19,2,1.0
9,24,2,3,48.0,42.14213562373095,23.898621935152185,0.5670956533511431,19,2,1.0
9,24,2,4,48.0,42.14213562373095,27.34990098543416,0.6489918126036538,19,2,1.0
9,24,2,5,48.0,43.31370849898476,23.511688194158104,0.5428232540907736,20,2,1.0
9,24,2,6,48.0,40.97056274847714,24.426321804856634,0.5961920014331399,18,2,1.0
9,24,2,7,48.0,44.48528137423857,23.618516123461298,0.5309287789992216,21,2,1.0
9,24,2,8,48.0,39.798989873223334,23.7634319121341,0.597086307663353,17,2,1.0
9,24,3,0,48.0,43.31370849898476,22.78283798577018,0.5259960131629965,20,2,1.0
9,24,3,1,48.0,42.14213562373095,25.09138595147227,0.5953990128906254,19,2,1.0
9,24,3,2,48.0,43.31370849898476,25.40196695730485,0.586464836136122,20,2,1.0
9,24,3,3,48.0,42.14213562373095,25.068520177878874,0.594856425922619,19,2,1.0
9,24,3,4,48.0,40.97056274847714,26.584900631118067,0.6488780931403295,18,2,1.0
9,24,3,5,48.0,40.97056274847714,24.855401012866473,0.6066648672964673,18,2,1.0
9,24,3,6,48.0,40.97056274847714,26.55547341569251,0.6481598404864372,18,2,1.0
9,24,3,7,48.0,43.31370849898476,23.860451437101823,0.5508752832295829,20,2,1.0
9,24,3,8,48.0,43.31370849898476,23.819321564700374,0.5499257022810383,20,2,1.0
9,24,4,0,48.0,42.14213562373095,23.200835244576815,0.5505377195813501,19,2,1.0
9,24,4,1,48.0,44.48528137423857,23.39110254595824,0.5258166706686053,21,2,1.0
9,24,4,2,48.0,43.31370849898476,22.87297296932068,0.5280769936810377,20,2,1.0
9,24,4,3,48.0,42.14213562373095,29.56081007935328,0.7014549605005563,19,2,1.0
9,24,4,4,48.0,42.14213562373095,24.355920950036005,0.5779470021998784,19,2,1.0
9,24,4,5,48.0,42.14213562373095,25.02238965393552,0.5937617845794456,19,2,1.0
9,24,4,6,48.0,40.97056274847714,23.497219565236527,0.5735146893023799,18,2,1.0
9,24,4,7,48.0,45.65685424949238,25.501166783616306,0.5585397242715168,22,2,1.0
9,24,4,8,48.0,43.31370849898476,23.125777347563652,0.5339135841509784,20,2,1.0
9,24,5,0,48.0,43.31370849898476,27.69961745516889,0.6395115637770464,20,2,1.0
9,24,5,1,48.0,42.14213562373095,26.305850459620444,0.6242173081709502,19,2,1.0
9,24,5,2,48.0,43.31370849898476,25.834977905599626,0.5964619239704487,20,2,1.0
9,24,5,3,48.0,43.31370849898476,23.647135362909218,0.5459503741976628,20,2,1.0
9,24,5,4,48.0,42.14213562373095,24.967295715249307,0.5924544483974798,19,2,1.0
9,24,5,5,48.0,40.97056274847714,23.939975532990452,0.5843213743477392,18,2,1.0
9,24,5,6,48.0,40.97056274847714,22.29109427683356,0.5440758628013258,18,2,1.0
9,24,5,7,48.0,42.14213562373095,26.44943937803898,0.6276245611801613,19,2,1.0
9,24,5,8,48.0,40.97056274847714,26.399829054139452,0.6443609089826505,18,2,1.0
10,24,0,0,48.0,42.14213562373095,22.69649404639376,0.5385700964241826,19,2,1.0
10,24,0,1,48.0,40.97056274847714,23.789032820451688,0.5806371996034132,18,2,1.0
10,24,0,2,48.0,42.14213562373095,23.38051008560069,0.5548012633805566,19,2,1.0
10,24,0,3,48.0,42.14213562373095,22.68195877558754,0.538225185788044,19,2,1.0
10,24,0,4,48.0,42.14213562373095,22.42357140094318,0.5320938549757808,19,2,1.0
10,24,0,5,48.0,40.97056274847714,27.121408882705616,0.6619730622009508,18,2,1.0285954792089682
10,24,0,6,48.0,40.97056274847714,25.18562790777719,0.6147249688122316,18,2,1.0
10,24,0,7,48.0,43.31370849898476,24.843153941817985,0.5735633083091993,20,2,1.0
10,24,0,8,48.0,42.14213562373095,24.60834110391636,0.5839367355189039,19,2,1.0
10,24,0,9,48.0,40.97056274847714,23.87619380937521,0.5827646048201444,18,2,1.0
10,24,1,0,48.0,44.48528137423857,25.182939623319292,0.5660959950205628,21,2,1.0
10,24,1,1,48.0,39.798989873223334,25.08415643999266,0.6302711832610913,17,2,1.0
10,24,1,2,48.0,42.14213562373095,24.839618388377545,0.5894247650418062,19,2,1.0
10,24,1,3,48.0,43.31370849898476,24.382745147648727,0.5629336760259224,20,2,1.0
10,24,1,4,48.0,40.97056274847714,22.998190981990582,0.5613345153001448,18,2,1.0
10,24,1,5,48.0,40.97056274847714,24.998000799191804,0.6101454098313787,18,2,1.0
10,24,1,6,48.0,43.31370849898476,25.973846142450057,0.5996680275728148,20,2,1.0
10,24,1,7,48.0,44.48528137423857,27.199653116580848,0.6114303939714355,21,2,1.0
10,24,1,8,48.0,40.97056274847714,25.365137689726254,0.6191064019658618,18,2,1.0
10,24,1,9,48.0,40.97056274847714,22.341004650167765,0.5452940636261622,18,2,1.0
10,24,2,0,48.0,44.48528137423857,25.452308147919524,0.5721512230932849,21,2,1.0
10,24,2,1,48.0,39.798989873223334,24.72632927593321,0.6212803228096255,17,2,1.0
10,24,2,2,48.0,43.31370849898476,22.37431571921153,0.516564304802854,20,2,1.0
10,24,2,3,48.0,42.14213562373095,24.59311016102776,0.5835753171269983,19,2,1.0
10,24,2,4,48.0,40.97056274847714,25.94425667128182,0.6332414038478433,18,2,1.0
10,24,2,5,48.0,40.97056274847714,25.039386820193336,0.6111555502401304,18,2,1.0
10,24,2,6,48.0,40.97056274847714,23.565643313469405,0.5751847602909806,18,2,1.0
10,24,2,7,48.0,40.97056274847714,23.379038893460752,0.5706301628558846,18,2,1.0
10,24,2,8,48.0,40.97056274847714,24.387341398264763,0.5952405767033607,18,2,1.0
10,24,2,9,48.0,42.14213562373095,24.4690067658427,0.5806304403819484,19,2,1.0
10,24,3,0,48.0,42.14213562373095,22.411627168828495,0.5318104276663219,19,2,1.0
10,24,3,1,48.0,42.14213562373095,24.43884517400727,0.5799147293390927,19,2,1.0
10,24,3,2,48.0,45.65685424949238,21.64138954586229,0.4740008899343498,22,2,1.0
10,24,3,3,48.0,42.14213562373095,23.54621480860564,0.5587333071783473,19,2,1.0
10,24,3,4,48.0,43.31370849898476,23.39805303245545,0.5401997160553427,20,2,1.0
10,24,3,5,48.0,40.97056274847714,23.82543846549229,0.58152578014999,18,2,1.0
10,24,3,6,48.0,43.31370849898476,23.034968308304187,0.5318170414533798,20,2,1.0
10,24,3,7,48.0,43.31370849898476,22.205262248673478,0.5126613032729338,20,2,1.0
10,24,3,8,48.0,39.798989873223334,24.15203862617643,0.6068505432703423,17,2,1.0
10,24,3,9,48.0,40.97056274847714,24.83531248142011,0.606174551076754,18,2,1.0
10,24,4,0,48.0,42.14213562373095,26.699735638050008,0.6335638961546821,19,2,1.0
10,24,4,1,48.0,44.48528137423857,22.941755329150464,0.5157156394302597,21,2,1.0
10,24,4,2,48.0,42.14213562373095,25.477598220849636,0.6045635287287806,19,2,1.0
10,24,4,3,48.0,43.31370849898476,22.98545237794133,0.5306738484071409,20,2,1.0
10,24,4,4,48.0,42.14213562373095,25.925641609176335,0.6151952487803481,19,2,1.0
10,24,4,5,48.0,43.31370849898476,24.398997869562805,0.563308908775029,20,2,1.0
10,24,4,6,48.0,40.97056274847714,25.62681287944458,0.6254933093492135,18,2,1.0
10,24,4,7,48.0,42.14213562373095,26.09406634053397,0.6191918362542586,19,2,1.0
10,24,4,8,48.0,40.97056274847714,23.279919878489267,0.5682108889108332,18,2,1.0
10,24,4,9,48.0,42.14213562373095,23.865948795974653,0.5663203452493123,19,2,1.0
10,24,5,0,48.0,44.48528137423857,29.216671925100012,0.6567716562094039,21,2,1.0
10,24,5,1,48.0,43.31370849898476,26.10108276144058,0.6026055876063434,20,2,1.0
10,24,5,2,48.0,42.14213562373095,22.118770535341845,0.5248611682338754,19,2,1.0
10,24,5,3,48.0,43.31370849898476,24.528975843789524,0.5663097595156154,20,2,1.0
10,24,5,4,48.0,40.97056274847714,26.51514427562467,0.6471754961825665,18,2,1.0
10,24,5,5,48.0,43.31370849898476,24.35044248869071,0.5621878922988427,20,2,1.0
10,24,5,6,48.0,40.97056274847714,24.061696311657165,0.5872923069027537,18,2,1.0
10,24,5,7,48.0,44.48528137423857,25.96231230913928,0.5836157827288478,21,2,1.0
10,24,5,8,48.0,40.97056274847714,24.58902190205351,0.6001631476972444,18,2,1.0
10,24,5,9,48.0,39.798989873223334,25.717983312404016,0.6461968857583246,17,2,1.0
1,25,0,0,50.0,45.31370849898476,22.356347093043603,0.4933682947963637,21,2,1.0
1,25,1,0,50.0,45.31370849898476,25.84079110519472,0.5702643187055343,21,2,1.0000000000000002
1,25,2,0,50.0,41.798989873223334,23.640435024842162,0.5655743140335159,18,2,1.0
1,25,3,0,50.0,44.14213562373095,25.156271794074335,0.5698924947471332,20,2,1.0
1,25,4,0,50.0,45.31370849898476,27.77626986595403,0.6129771935699403,21,2,1.0
1,25,5,0,50.0,44.14213562373095,23.7689691752592,0.5384644136356858,20,2,1.0
2,25,0,0,50.0,44.14213562373095,26.757089374426236,0.6061575634333727,20,2,1.0
2,25,0,1,50.0,41.798989873223334,25.465623403660487,0.6092401630014965,18,2,1.0
2,25,1,0,50.0,41.798989873223334,24.08085329247163,0.576110890849493,18,2,1.0
2,25,1,1,50.0,42.97056274847714,25.461713168766202,0.5925385086949683,19,2,1.0
2,25,2,0,50.0,42.97056274847714,26.47011755083042,0.6160058388290135,19,2,1.0
2,25,2,1,50.0,44.14213562373095,23.915177078108627,0.541776620913007,20,2,1.0
2,25,3,0,50.0,44.14213562373095,22.19641080236383,0.5028395316340555,20,2,1.0
2,25,3,1,50.0,45.31370849898476,31.17555575723334,0.6879939159676551,21,2,1.0
2,25,4,0,50.0,42.97056274847714,28.100051353140664,0.6539372434478187,19,2,1.0
2,25,4,1,50.0,42.97056274847714,25.573764305733782,0.595146134236748,19,2,1.0
2,25,5,0,50.0,44.14213562373095,21.613420781065088,0.48963242207623603,20,2,1.0
2,25,5,1,50.0,42.97056274847714,24.39351997610414,0.567679788577324,19,2,1.0
3,25,0,0,50.0,45.31370849898476,25.125847768571255,0.55448667965753,21,2,1.0
3,25,0,1,50.0,45.31370849898476,25.425603805358755,0.5611018088693492,21,2,1.0
3,25,0,2,50.0,42.97056274847714,22.865768500099872,0.5321263450502571,19,2,1.0
3,25,1,0,50.0,46.48528137423857,24.83450798953035,0.5342445448398051,22,2,1.0
3,25,1,1,50.0,45.31370849898476,25.867591796460854,0.5708557664628224,21,2,1.0
3,25,1,2,50.0,42.97056274847714,23.652454170320482,0.5504338937511055,19,2,1.0
3,25,2,0,50.0,45.31370849898476,23.69207660142562,0.5228456770859183,21,2,1.0
3,25,2,1,50.0,42.97056274847714,23.604284764043975,0.5493129075876602,19,2,1.0
3,25,2,2,50.0,42.97056274847714,27.362665614350163,0.6367769902040644,19,2,1.0
3,25,3,0,50.0,45.31370849898476,25.810748686205514,0.5696013312788953,21,2,1.0
3,25,3,1,50.0,45.31370849898476,24.821376281557136,0.5477674881126371,21,2,1.0
3,25,3,2,50.0,44.14213562373095,24.021005919885248,0.5441740772272803,20,2,1.0
3,25,4,0,50.0,46.48528137423857,23.562224725485198,0.506874951144063,22,2,1.0
3,25,4,1,50.0,42.97056274847714,25.056215996252106,0.5831018816978395,19,2,1.0
3,25,4,2,50.0,45.31370849898476,26.964911363553206,0.5950718283002008,21,2,1.0
3,25,5,0,50.0,42.97056274847714,25.034777088697787,0.5826029608975742,19,2,1.0
3,25,5,1,50.0,42.97056274847714,27.327677698811193,0.6359627603382894,19,2,1.0
3,25,5,2,50.0,41.798989873223334,25.62303811004407,0.6130061560759948,18,2,1.0
4,25,0,0,50.0,46.48528137423857,26.879608440522297,0.5782391252861936,22,2,1.0
4,25,0,1,50.0,45.31370849898476,22.131217209850917,0.48840004367214307,21,2,1.0
4,25,0,2,50.0,44.14213562373095,25.397272463539295,0.5753521460770838,20,2,1.0
4,25,0,3,50.0,44.14213562373095,23.961118755756132,0.5428173879035105,20,2,1.0
4,25,1,0,50.0,42.97056274847714,23.417718138430573,0.5449711765587824,19,2,1.0
4,25,1,1,50.0,44.14213562373095,23.801468521875982,0.5392006568227804,20,2,1.0
4,25,1,2,50.0,45.31370849898476,25.459515816777554,0.5618501919203538,21,2,1.0
4,25,1,3,50.0,45.31370849898476,25.760403936685616,0.5684903043692124,21,2,1.0
4,25,2,0,50.0,41.798989873223334,24.59533714331673,0.5884194143905052,18,2,1.0
4,25,2,1,50.0,42.97056274847714,25.199137275776735,0.5864279093405586,19,2,1.0
4,25,2,2,50.0,48.82842712474619,26.261297173761164,0.5378280382996807,24,2,1.0
4,25,2,3,50.0,44.14213562373095,24.625553927561633,0.5578695633911028,20,2,1.0
4,25,3,0,50.0,45.31370849898476,22.693968896634843,0.5008190600233767,21,2,1.0
4,25,3,1,50.0,44.14213562373095,27.00853326962892,0.6118537965596084,20,2,1.0
4,25,3,2,50.0,42.97056274847714,22.176556580806796,0.5160871806733023,19,2,1.0
4,25,3,3,50.0,41.798989873223334,23.951116079578995,0.5730070547690965,18,2,1.0
4,25,4,0,50.0,44.14213562373095,24.064477370032336,0.5451588834568121,20,2,1.0
4,25,4,1,50.0,47.65685424949238,24.969297242853543,0.523939266157491,23,2,1.0
4,25,4,2,50.0,45.31370849898476,24.55563712408346,0.5419030562160593,21,2,1.0
4,25,4,3,50.0,42.97056274847714,26.024347896228626,0.6056320008783436,19,2,1.0
4,25,5,0,50.0,44.14213562373095,24.828215269151762,0.5624606720614586,20,2,1.0
4,25,5,1,50.0,44.14213562373095,23.274657395809754,0.5272662291241121,20,2,1.0
4,25,5,2,50.0,44.14213562373095,25.60720513796774,0.5801079801902749,20,2,1.0
4,25,5,3,50.0,45.31370849898476,25.07728138082627,0.5534148983058431,21,2,1.0
5,25,0,0,50.0,42.97056274847714,24.933147067162384,0.5802378529018917,19,2,1.0
5,25,0,1,50.0,42.97056274847714,23.21968182282358,0.5403625258234831,19,2,1.0
5,25,0,2,50.0,44.14213562373095,25.89406506784791,0.5866065314231689,20,2,1.0
5,25,0,3,50.0,45.31370849898476,27.49789420283863,0.6068338945035742,21,2,1.0
5,25,0,4,50.0,44.14213562373095,24.90476048362781,0.5641947343897638,20,2,1.0
5,25,1,0,50.0,44.14213562373095,28.315693600323037,0.6414663269055888,20,2,1.0
5,25,1,1,50.0,44.14213562373095,24.669616228343415,0.5588677548052512,20,2,1.0
5,25,1,2,50.0,45.31370849898476,25.360228204345134,0.5596590754630759,21,2,1.0
5,25,1,3,50.0,42.97056274847714,23.723766260913777,0.5520934505740104,19,2,1.0
5,25,1,4,50.0,44.14213562373095,27.127330921342406,0.6145450494868823,20,2,1.0
5,25,2,0,50.0,44.14213562373095,26.25851040088707,0.5948627095144534,20,2,1.0
5,25,2,1,50.0,44.14213562373095,24.69956107629484,0.5595461281446537,20,2,1.0
5,25,2,2,50.0,42.97056274847714,27.311715563762824,0.635591293593909,19,2,1.0
5,25,2,3,50.0,44.14213562373095,26.421029567645945,0.5985444336644626,20,2,1.0
5,25,2,4,50.0,42.97056274847714,23.811900123692887,0.5541444793979751,19,2,1.0
5,25,3,0,50.0,44.14213562373095,25.934101108537938,0.5875135115709191,20,2,1.0
5,25,3,1,50.0,44.14213562373095,25.564102392941482,0.5791315266404587,20,2,1.0
5,25,3,2,50.0,44.14213562373095,27.81084776713965,0.6300295029719507,20,2,1.0
5,25,3,3,50.0,41.798989873223334,22.933497499292166,0.5486615243298856,18,2,1.0
5,25,3,4,50.0,41.798989873223334,26.217420939084857,0.6272261846183963,18,2,1.0280287365509837
5,25,4,0,50.0,44.14213562373095,24.16951472049668,0.5475384092541067,20,2,1.0
5,25,4,1,50.0,45.31370849898476,23.200590968674017,0.5119993868785606,21,2,1.0
5,25,4,2,50.0,42.97056274847714,24.81460390286977,0.577479146552466,19,2,1.0
5,25,4,3,50.0,44.14213562373095,24.385899154239716,0.5524404021161536,20,2,1.0
5,25,4,4,50.0,44.14213562373095,24.348824666640805,0.5516005132644919,20,2,1.0
5,25,5,0,50.0,41.798989873223334,25.33510790454897,0.6061177071836078,18,2,1.0
5,25,5,1,50.0,45.31370849898476,24.803761607157274,0.5473787608381908,21,2,1.0
5,25,5,2,50.0,44.14213562373095,26.701171026343083,0.6048907840333047,20,2,1.0
5,25,5,3,50.0,44.14213562373095,23.16606087854612,0.5248060736348237,20,2,1.0
5,25,5,4,50.0,44.14213562373095,25.995646305922246,0.588907762132535,20,2,1.0
6,25,0,0,50.0,41.798989873223334,27.354531069394262,0.65443043366265,18,2,1.0
6,25,0,1,50.0,45.31370849898476,23.889447893940556,0.5272013411675585,21,2,1.0
6,25,0,2,50.0,44.14213562373095,28.11044389718713,0.6368165812547336,20,2,1.0
6,25,0,3,50.0,44.14213562373095,25.13411386416145,0.5693905269651084,20,2,1.0
6,25,0,4,50.0,45.31370849898476,22.456850265153847,0.4955862366828128,21,2,1.0
6,25,0,5,50.0,42.97056274847714,25.20446639050119,0.5865519271421323,19,2,1.0
6,25,1,0,50.0,46.48528137423857,21.57575595463079,0.4641416662820878,22,2,1.0
6,25,1,1,50.0,45.31370849898476,23.14257435054747,0.5107190542805821,21,2,1.0
6,25,1,2,50.0,44.14213562373095,24.924506989529423,0.5646420735504679,20,2,1.0
6,25,1,3,50.0,42.97056274847714,24.845910952916,0.5782077162532978,19,2,1.0
6,25,1,4,50.0,46.48528137423857,24.817753395296812,0.5338841168992134,22,2,1.0
6,25,1,5,50.0,41.798989873223334,26.4757252109945,0.633405861990818,18,2,1.0
6,25,2,0,50.0,44.14213562373095,24.845235023857704,0.5628462391498074,20,2,1.0
6,25,2,1,50.0,45.31370849898476,22.88051583662319,0.504935848213258,21,2,1.0
6,25,2,2,50.0,46.48528137423857,24.48726835996103,0.5267746614852481,22,2,1.0
6,25,2,3,50.0,45.31370849898476,22.377910794519778,0.49384417068890196,21,2,1.0
6,25,2,4,50.0,42.97056274847714,31.673075959529378,0.7370877627301229,19,2,1.0
6,25,2,5,50.0,45.31370849898476,25.747210387090053,0.568199144143475,21,2,1.0
6,25,3,0,50.0,44.14213562373095,26.015111271444844,0.5893487232516009,20,2,1.0
6,25,3,1,50.0,44.14213562373095,25.015120198331168,0.566694833516006,20,2,1.0
6,25,3,2,50.0,42.97056274847714,22.28400210598061,0.5185876255895752,19,2,1.0
6,25,3,3,50.0,44.14213562373095,23.116642249389617,0.5236865394650737,20,2,1.0
6,25,3,4,50.0,44.14213562373095,24.597189784897353,0.5572269994946467,20,2,1.0
6,25,3,5,50.0,42.97056274847714,25.141300089932834,0.5850819370715323,19,2,1.0
6,25,4,0,50.0,45.31370849898476,25.667162049413626,0.5664326072536899,21,2,1.0
6,25,4,1,50.0,44.14213562373095,26.989172321014394,0.6114151918491441,20,2,1.0
6,25,4,2,50.0,44.14213562373095,27.059868947714428,0.6130167597320996,20,2,1.0
6,25,4,3,50.0,45.31370849898476,24.782240832234777,0.5469038322650202,21,2,1.0
6,25,4,4,50.0,42.97056274847714,26.587876369739224,0.6187462920922879,19,2,1.0
6,25,4,5,50.0,42.97056274847714,24.86954358467095,0.5787576888448434,19,2,1.0
6,25,5,0,50.0,44.14213562373095,24.928930405006,0.5647422820114786,20,2,1.0
6,25,5,1,50.0,45.31370849898476,29.910459595706683,0.6600752970014984,21,2,1.0
6,25,5,2,50.0,45.31370849898476,26.081733220447205,0.5755815201272162,21,2,1.0
6,25,5,3,50.0,45.31370849898476,25.550897276582056,0.5638668324212421,21,2,1.0
6,25,5,4,50.0,42.97056274847714,25.240250743545104,0.587384691498824,19,2,1.0
6,25,5,5,50.0,42.97056274847714,25.959733148290006,0.6041283029091818,19,2,1.0
7,25,0,0,50.0,42.97056274847714,24.255154020184136,0.5644597712661729,19,2,1.0
7,25,0,1,50.0,42.97056274847714,25.625574777840136,0.5963518543575111,19,2,1.0
7,25,0,2,50.0,46.48528137423857,25.211928584008923,0.5423636867126933,22,2,1.0
7,25,0,3,50.0,44.14213562373095,26.239388912602287,0.5944295295603212,20,2,1.0
7,25,0,4,50.0,45.31370849898476,27.752599530601685,0.6124548276869344,21,2,1.0
7,25,0,5,50.0,44.14213562373095,25.09280308009631,0.5684546686637051,20,2,1.0
7,25,0,6,50.0,45.31370849898476,27.67878608049824,0.6108258846463289,21,2,1.0
7,25,1,0,50.0,44.14213562373095,23.784412516291866,0.5388142685037035,20,2,1.0
7,25,1,1,50.0,41.798989873223334,23.459788745878555,0.5612525282795656,18,2,1.0
7,25,1,2,50.0,42.97056274847714,24.980009523146585,0.5813284240507617,19,2,1.0
7,25,1,3,50.0,44.14213562373095,25.44939100122849,0.5765328442230334,20,2,1.0
7,25,1,4,50.0,42.97056274847714,25.204384935683173,0.5865500315463382,19,2,1.0
7,25,1,5,50.0,44.14213562373095,25.717414162196462,0.5826046655606463,20,2,1.0
7,25,1,6,50.0,42.97056274847714,22.868499210347373,0.5321898934441538,19,2,1.0
7,25,2,0,50.0,42.97056274847714,23.061324366636,0.5366772714060694,19,2,1.0
7,25,2,1,50.0,44.14213562373095,24.724106974497815,0.5601021931799344,20,2,1.0
7,25,2,2,50.0,45.31370849898476,22.16859836752976,0.48922498515049684,21,2,1.0
7,25,2,3,50.0,42.97056274847714,25.260212692527773,0.5878492408951052,19,2,1.0
7,25,2,4,50.0,44.14213562373095,23.704264758164257,0.5369985938202041,20,2,1.0
7,25,2,5,50.0,44.14213562373095,26.008353806785927,0.5891956390257601,20,2,1.0
7,25,2,6,50.0,44.14213562373095,24.377179422386533,0.5522428645088319,20,2,1.0
7,25,3,0,50.0,44.14213562373095,24.446664661206626,0.5538169894993485,20,2,1.0
7,25,3,1,50.0,44.14213562373095,25.81649070981224,0.5848491547820177,20,2,1.0
7,25,3,2,50.0,45.31370849898476,25.635885818278915,0.5657423915955428,21,2,1.0
7,25,3,3,50.0,45.31370849898476,26.157161638338017,0.5772461028857098,21,2,1.0
7,25,3,4,50.0,44.14213562373095,22.711986058471375,0.5145194209013607,20,2,1.0
7,25,3,5,50.0,42.97056274847714,25.43903073656122,0.5920106489055178,19,2,1.0
7,25,3,6,50.0,44.14213562373095,26.401145730727045,0.598093983394263,20,2,1.0
7,25,4,0,50.0,42.97056274847714,26.32800694596358,0.6126986770006085,19,2,1.0
7,25,4,1,50.0,44.14213562373095,22.943305396712915,0.5197597504634217,20,2,1.0
7,25,4,2,50.0,44.14213562373095,24.97314333436575,0.565743885779285,20,2,1.0
7,25,4,3,50.0,44.14213562373095,24.864361038844024,0.5632795216522525,20,2,1.0
7,25,4,4,50.0,45.31370849898476,22.28504513639352,0.49179477633998575,21,2,1.0
7,25,4,5,50.0,47.65685424949238,23.26308740782607,0.4881372842202202,23,2,1.0
7,25,4,6,50.0,44.14213562373095,23.78219428894736,0.5387640165774393,20,2,1.0
7,25,5,0,50.0,42.97056274847714,26.196955316285866,0.6096488768282252,19,2,1.0
7,25,5,1,50.0,44.14213562373095,24.208071474465804,0.5484118775044374,20,2,1.0
7,25,5,2,50.0,44.14213562373095,25.88949043079066,0.5865028971745623,20,2,1.0
7,25,5,3,50.0,46.48528137423857,21.78134461351945,0.46856432766674266,22,2,1.0
7,25,5,4,50.0,42.97056274847714,24.45413605128404,0.5690904304517325,19,2,1.0
7,25,5,5,50.0,46.48528137423857,23.66086163923159,0.5089968467383329,22,2,1.0
7,25,5,6,50.0,47.65685424949238,26.825884846781822,0.562896676023629,23,2,1.0
8,25,0,0,50.0,44.14213562373095,23.63437866327194,0.5354153877993619,20,2,1.0
8,25,0,1,50.0,44.14213562373095,24.62647250549948,0.5578903729401848,20,2,1.0
8,25,0,2,50.0,41.798989873223334,27.01541012375627,0.646317296319701,18,2,1.0
8,25,0,3,50.0,42.97056274847714,24.32469625261559,0.5660781404003755,19,2,1.0
8,25,0,4,50.0,45.31370849898476,28.079655549844937,0.6196724232022204,21,2,1.0
8,25,0,5,50.0,44.14213562373095,27.79579609583452,0.6296885210259607,20,2,1.0
8,25,0,6,50.0,45.31370849898476,26.328785437600505,0.581033561580827,21,2,1.0
8,25,0,7,50.0,44.14213562373095,22.577878302276936,0.5114813314591647,20,2,1.0
8,25,1,0,50.0,44.14213562373095,23.904940954198423,0.5415447308205689,20,2,1.0
8,25,1,1,50.0,42.97056274847714,23.979088917363477,0.5580352544536616,19,2,1.0
8,25,1,2,50.0,44.14213562373095,28.10758485027716,0.6367518121430997,20,2,1.0
8,25,1,3,50.0,41.798989873223334,26.554224534995576,0.6352838816328995,18,2,1.0
8,25,1,4,50.0,44.14213562373095,28.035010256860453,0.6351077006294354,20,2,1.0
8,25,1,5,50.0,42.97056274847714,23.141811488133406,0.5385503472130707,19,2,1.0
8,25,1,6,50.0,44.14213562373095,25.754774544660638,0.5834510311008784,20,2,1.0
8,25,1,7,50.0,42.97056274847714,26.537455760867985,0.6175729165150033,19,2,1.0
8,25,2,0,50.0,44.14213562373095,25.39024360901712,0.5751929137603221,20,2,1.0
8,25,2,1,50.0,42.97056274847714,28.510411530335276,0.6634870410522067,19,2,1.0
8,25,2,2,50.0,45.31370849898476,22.664007014547778,0.5001578499154524,21,2,1.0
8,25,2,3,50.0,44.14213562373095,25.1193398144851,0.5690558342850287,20,2,1.0
8,25,2,4,50.0,46.48528137423857,27.32915772933485,0.5879099130177633,22,2,1.0
8,25,2,5,50.0,46.48528137423857,23.547157064669747,0.5065508128282348,22,2,1.0
8,25,2,6,50.0,45.31370849898476,25.341980459492405,0.559256377351242,21,2,1.0
8,25,2,7,50.0,42.97056274847714,24.235404110018585,0.5640001563832784,19,2,1.0
8,25,3,0,50.0,45.31370849898476,22.970472497477214,0.5069210457138342,21,2,1.0
8,25,3,1,50.0,42.97056274847714,26.08940913123389,0.6071460893808863,19,2,1.0
8,25,3,2,50.0,46.48528137423857,25.63682979922524,0.5515042405106916,22,2,1.0
8,25,3,3,50.0,45.31370849898476,23.173591383982995,0.5114035498661998,21,2,1.0
8,25,3,4,50.0,42.97056274847714,23.628898416981144,0.5498857102544821,19,2,1.0
8,25,3,5,50.0,45.31370849898476,25.726025359716033,0.5677316249737631,21,2,1.0
8,25,3,6,50.0,44.14213562373095,24.972806303735037,0.5657362506563814,20,2,1.0
8,25,3,7,50.0,42.97056274847714,26.60239890320265,0.6190842567949713,19,2,1.0
8,25,4,0,50.0,46.48528137423857,25.491062371277312,0.548368464548094,22,2,1.0
8,25,4,1,50.0,44.14213562373095,26.821180855384405,0.6076094977372426,20,2,1.0
8,25,4,2,50.0,44.14213562373095,23.473926110079397,0.5317804809031428,20,2,1.0
8,25,4,3,50.0,42.97056274847714,25.329899482653033,0.5894709741391673,19,2,1.0
8,25,4,4,50.0,44.14213562373095,23.739050015758025,0.5377866222447977,20,2,1.0
8,25,4,5,50.0,46.48528137423857,21.01762689193115,0.45213509030363314,22,2,1.0
8,25,4,6,50.0,44.14213562373095,24.936604861701525,0.5649161398592488,20,2,1.0
8,25,4,7,50.0,41.798989873223334,27.520804236956607,0.6584083567671712,18,2,1.0
8,25,5,0,50.0,42.97056274847714,26.749558735453945,0.6225089229580066,19,2,1.0
8,25,5,1,50.0,45.31370849898476,24.581866275538104,0.5424818910173476,21,2,1.0
8,25,5,2,50.0,45.31370849898476,27.108471081860728,0.5982399582781464,21,2,1.0
8,25,5,3,50.0,44.14213562373095,24.52447284874109,0.5555796633354698,20,2,1.0
8,25,5,4,50.0,45.31370849898476,26.233925789293636,0.5789401631049774,21,2,1.0
8,25,5,5,50.0,45.31370849898476,27.51627891208931,0.6072396151973702,21,2,1.0
8,25,5,6,50.0,44.14213562373095,24.22189852094484,0.5487251166869931,20,2,1.0
8,25,5,7,50.0,44.14213562373095,25.137560369663312,0.5694686044177092,20,2,1.0
9,25,0,0,50.0,47.65685424949238,27.045389797762937,0.5675026231520728,23,2,1.0
9,25,0,1,50.0,44.14213562373095,26.27020902502783,0.595127731221615,20,2,1.0
9,25,0,2,50.0,46.48528137423857,25.326777125945753,0.544834329861268,22,2,1.0
9,25,0,3,50.0,45.31370849898476,29.317432122700897,0.6469881431875686,21,2,1.0
9,25,0,4,50.0,42.97056274847714,25.000505155644873,0.5818053931939926,19,2,1.0
9,25,0,5,50.0,42.97056274847714,26.146324936429725,0.6084706195139681,19,2,1.0
9,25,0,6,50.0,44.14213562373095,26.747176187232363,0.6059329891790056,20,2,1.0
9,25,0,7,50.0,45.31370849898476,22.83302551935947,0.5038878139905728,21,2,1.0
9,25,0,8,50.0,45.31370849898476,25.597403470034003,0.5648931486286872,21,2,1.0
9,25,1,0,50.0,46.48528137423857,23.562608632796163,0.5068832098293848,22,2,1.0
9,25,1,1,50.0,44.14213562373095,27.63091986155156,0.6259533996514907,20,2,1.0
9,25,1,2,50.0,44.14213562373095,24.24914518997566,0.5493423652329872,20,2,1.0
9,25,1,3,50.0,41.798989873223334,24.583304010736903,0.5881315334484938,18,2,1.0
9,25,1,4,50.0,42.97056274847714,24.30732884244547,0.5656739704510133,19,2,1.0
9,25,1,5,50.0,47.65685424949238,22.918870596210603,0.4809144656553726,23,2,1.0
9,25,1,6,50.0,44.14213562373095,24.250508010256944,0.5493732386889726,20,2,1.0
9,25,1,7,50.0,46.48528137423857,25.08655966605555,0.5396667272828026,22,2,1.0
9,25,1,8,50.0,44.14213562373095,24.63807118948467,0.5581531305938711,20,2,1.0
9,25,2,0,50.0,44.14213562373095,23.283095753715145,0.5274573924601437,20,2,1.0
9,25,2,1,50.0,47.65685424949238,26.625478461582155,0.5586914806040887,23,2,1.0
9,25,2,2,50.0,44.14213562373095,26.003333764642214,0.5890819145293628,20,2,1.0
9,25,2,3,50.0,42.97056274847714,26.828504709170836,0.6243461335660917,19,2,1.0
9,25,2,4,50.0,42.97056274847714,23.85068737744772,0.5550471264957538,19,2,1.0
9,25,2,5,50.0,44.14213562373095,24.31304233065564,0.5507898969343221,20,2,1.0
9,25,2,6,50.0,45.31370849898476,23.62315169166616,0.5213246161963422,21,2,1.0
9,25,2,7,50.0,45.31370849898476,27.54012600021035,0.607765881727102,21,2,1.0
9,25,2,8,50.0,42.97056274847714,23.86548477417471,0.5553914877463524,19,2,1.0
9,25,3,0,50.0,44.14213562373095,26.87816451729038,0.6089004108546255,20,2,1.0
9,25,3,1,50.0,41.798989873223334,25.847581962971763,0.6183781484042481,18,2,1.0
9,25,3,2,50.0,44.14213562373095,27.85882974079637,0.631116491015885,20,2,1.0
9,25,3,3,50.0,44.14213562373095,25.012281443390368,0.5666305241005078,20,2,1.0
9,25,3,4,50.0,44.14213562373095,29.566582195423507,0.6698040721783388,20,2,1.0
9,25,3,5,50.0,44.14213562373095,25.664588362626578,0.5814079450390075,20,2,1.0
9,25,3,6,50.0,45.31370849898476,24.0668230106965,0.5311157221050603,21,2,1.0
9,25,3,7,50.0,45.31370849898476,27.7915343414823,0.613314055769789,21,2,1.0
9,25,3,8,50.0,42.97056274847714,24.01890985184455,0.5589619571062232,19,2,1.0
9,25,4,0,50.0,42.97056274847714,24.06078658550598,0.5599365017940958,19,2,1.0
9,25,4,1,50.0,42.97056274847714,25.453559683486663,0.5923487628606569,19,2,1.0
9,25,4,2,50.0,42.97056274847714,25.242533238707935,0.5874378091453438,19,2,1.0
9,25,4,3,50.0,44.14213562373095,25.353729245108617,0.5743657140022553,20,2,1.0
9,25,4,4,50.0,42.97056274847714,23.349733846453564,0.5433890634183297,19,2,1.0
9,25,4,5,50.0,44.14213562373095,26.234591556866985,0.5943208498222996,20,2,1.0
9,25,4,6,50.0,45.31370849898476,21.720112400675653,0.4793276277787391,21,2,1.0
9,25,4,7,50.0,42.97056274847714,23.81607183501415,0.5542415624021163,19,2,1.0
9,25,4,8,50.0,42.97056274847714,22.95834220776983,0.5342806968145528,19,2,1.0
9,25,5,0,50.0,42.97056274847714,23.747490950546684,0.5526455655130624,19,2,1.0
9,25,5,1,50.0,42.97056274847714,27.467839417947435,0.6392245681939756,19,2,1.0
9,25,5,2,50.0,42.97056274847714,28.29176455943238,0.6583987443924045,19,2,1.0
9,25,5,3,50.0,42.97056274847714,25.617193695918637,0.5961568119520729,19,2,1.0
9,25,5,4,50.0,44.14213562373095,24.776647802471736,0.5612924579288305,20,2,1.0
9,25,5,5,50.0,42.97056274847714,23.07535128458219,0.5370037022705729,19,2,1.0
9,25,5,6,50.0,44.14213562373095,23.658223188055487,0.5359555638566964,20,2,1.0
9,25,5,7,50.0,44.14213562373095,24.6818489580036,0.5591448761879695,20,2,1.0
9,25,5,8,50.0,46.48528137423857,23.156241241773184,0.4981413590970758,22,2,1.0
10,25,0,0,50.0,42.97056274847714,26.505511076547847,0.6168295079516312,19,2,1.0
10,25,0,1,50.0,42.97056274847714,24.222260200389677,0.5636942746636033,19,2,1.0
10,25,0,2,50.0,45.31370849898476,23.24316635985077,0.5129389566596944,21,2,1.0
10,25,0,3,50.0,46.48528137423857,30.940942934645065,0.6656073066558238,22,2,1.0
10,25,0,4,50.0,42.97056274847714,26.87079203825357,0.6253302335261098,19,2,1.0
10,25,0,5,50.0,46.48528137423857,23.396159901044445,0.5033025338211728,22,2,1.0
10,25,0,6,50.0,46.48528137423857,25.086559666055493,0.5396667272828014,22,2,1.0
10,25,0,7,50.0,47.65685424949238,24.87240667908334,0.5219061784664116,23,2,1.0
10,25,0,8,50.0,44.14213562373095,24.14413457136078,0.5469634450214688,20,2,1.0
10,25,0,9,50.0,44.14213562373095,26.403021741787793,0.5981364827213627,20,2,1.0
10,25,1,0,50.0,44.14213562373095,23.244424526186805,0.5265813309152747,20,2,1.0
10,25,1,1,50.0,42.97056274847714,23.646288105012285,0.5502903986485562,19,2,1.0
10,25,1,2,50.0,44.14213562373095,24.380399980885088,0.5523158233372404,20,2,1.0
10,25,1,3,50.0,44.14213562373095,22.71660302425651,0.5146240140688615,20,2,1.0
10,25,1,4,50.0,45.31370849898476,29.316183604994414,0.6469605904281975,21,2,1.0
10,25,1,5,50.0,44.14213562373095,23.225421135192892,0.5261508263480309,20,2,1.0
10,25,1,6,50.0,44.14213562373095,24.70641325819922,0.5597013581036839,20,2,1.0
10,25,1,7,50.0,45.31370849898476,24.591574762732424,0.5426961415723321,21,2,1.0
10,25,1,8,50.0,41.798989873223334,23.712080791130802,0.5672883690024503,18,2,1.0280287365509837
10,25,1,9,50.0,41.798989873223334,25.000737850840167,0.5981182302889999,18,2,1.0
10,25,2,0,50.0,44.14213562373095,27.203301699888694,0.616266098490806,20,2,1.0
10,25,2,1,50.0,44.14213562373095,25.61204491628294,0.580217620973323,20,2,1.0
10,25,2,2,50.0,42.97056274847714,25.33443005397116,0.5895764084418234,19,2,1.0
10,25,2,3,50.0,41.798989873223334,23.958091874116015,0.5731739438388606,18,2,1.0
10,25,2,4,50.0,44.14213562373095,25.18978088886636,0.5706516128622525,20,2,1.0
10,25,2,5,50.0,46.48528137423857,25.965944866199024,0.5585842249110049,22,2,1.0
10,25,2,6,50.0,42.97056274847714,26.072419675587504,0.6067507150930086,19,2,1.0
10,25,2,7,50.0,45.31370849898476,25.50903972174578,0.5629431041230559,21,2,1.0
10,25,2,8,50.0,42.97056274847714,24.598452886737178,0.5724489351168419,19,2,1.0
10,25,2,9,50.0,48.82842712474619,24.35917360311745,0.4988727886090816,24,2,1.0
10,25,3,0,50.0,45.31370849898476,25.107693743379482,0.5540860497865014,21,2,1.0
10,25,3,1,50.0,44.14213562373095,26.535230149738783,0.6011315441537758,20,2,1.0
10,25,3,2,50.0,45.31370849898476,24.908870367038745,0.5496983405716357,21,2,1.0
10,25,3,3,50.0,44.14213562373095,24.527396353129493,0.555645892672748,20,2,1.0
10,25,3,4,50.0,47.65685424949238,23.536921224440675,0.49388323243537163,23,2,1.0
10,25,3,5,50.0,45.31370849898476,25.458499093985814,0.5618277544985356,21,2,1.0
10,25,3,6,50.0,42.97056274847714,24.66962250899982,0.5741051764530148,19,2,1.0
10,25,3,7,50.0,44.14213562373095,24.228014327491096,0.5488636647309388,20,2,1.0
10,25,3,8,50.0,42.97056274847714,25.898601019486456,0.6027056515661827,19,2,1.0
10,25,3,9,50.0,45.31370849898476,24.389601757630373,0.5382389251627201,21,2,1.0
10,25,4,0,50.0,45.31370849898476,21.46845552405742,0.4737739689643458,21,2,1.0
10,25,4,1,50.0,44.14213562373095,26.226143331473693,0.5941294629472896,20,2,1.0
10,25,4,2,50.0,44.14213562373095,24.69379326080394,0.5594154635220793,20,2,1.0
10,25,4,3,50.0,44.14213562373095,25.101393723493814,0.5686492818892801,20,2,1.0
10,25,4,4,50.0,44.14213562373095,28.550759949015166,0.6467915415869954,20,2,1.0
10,25,4,5,50.0,44.14213562373095,24.78455340240989,0.5614715521168767,20,2,1.0
10,25,4,6,50.0,44.14213562373095,25.23545704276689,0.5716863646533727,20,2,1.0
10,25,4,7,50.0,44.14213562373095,26.65168183594956,0.603769651362802,20,2,1.0
10,25,4,8,50.0,42.97056274847714,27.081561627171368,0.6302352097571988,19,2,1.0
10,25,4,9,50.0,46.48528137423857,26.89655507573014,0.5786036844478648,22,2,1.0
10,25,5,0,50.0,42.97056274847714,25.147994373739543,0.585237724740544,19,2,1.0
10,25,5,1,50.0,42.97056274847714,23.287308687165677,0.5419363209989836,19,2,1.0
10,25,5,2,50.0,45.31370849898476,29.55516352339756,0.652234489350165,21,2,1.0
10,25,5,3,50.0,44.14213562373095,24.48918542271719,0.5547802587410774,20,2,1.0
10,25,5,4,50.0,44.14213562373095,24.946845248004315,0.5651481265123206,20,2,1.0
10,25,5,5,50.0,42.97056274847714,25.34517649324757,0.5898264968416266,19,2,1.0
10,25,5,6,50.0,42.97056274847714,23.89357753232008,0.5560452552641252,19,2,1.0
10,25,5,7,50.0,44.14213562373095,27.902261511549376,0.632100398344774,20,2,1.0
10,25,5,8,50.0,44.14213562373095,26.0453662919617,0.5900341232688259,20,2,1.0
10,25,5,9,50.0,45.31370849898476,25.852385761312654,0.57052019394731,21,2,1.0
1,26,0,0,52.0,44.97056274847714,26.28951217106532,0.5845938001288536,20,2,1.0
1,26,1,0,52.0,47.31370849898476,29.415582625910428,0.6217137391912878,22,2,1.0
1,26,2,0,52.0,43.798989873223334,28.73903192896816,0.6561574139530069,19,2,1.0
1,26,3,0,52.0,44.97056274847714,26.15446428079682,0.5815907714359767,20,2,1.0
1,26,4,0,52.0,46.14213562373095,25.213919619467934,0.5464402390274365,21,2,1.0
1,26,5,0,52.0,46.14213562373095,27.910965019160823,0.6048910533045675,21,2,1.0
2,26,0,0,52.0,47.31370849898476,27.458196088942987,0.5803433499517835,22,2,1.0
2,26,0,1,52.0,44.97056274847714,27.581052659915194,0.6133134871844401,20,2,1.0
2,26,1,0,52.0,44.97056274847714,25.287107675214344,0.5623035632586264,20,2,1.0
2,26,1,1,52.0,43.798989873223334,25.887925114276936,0.591062149816921,19,2,1.0
2,26,2,0,52.0,46.14213562373095,30.474878691598185,0.6604566147546261,21,2,1.0
2,26,2,1,52.0,48.48528137423857,24.02319059867681,0.49547388233660794,23,2,1.0
2,26,3,0,52.0,47.31370849898476,25.50614765161579,0.5390857842429133,22,2,1.0
2,26,3,1,52.0,47.31370849898476,28.351982246296117,0.599233988325064,22,2,1.0
2,26,4,0,52.0,43.798989873223334,29.484271468542524,0.6731724077172802,19,2,1.0
2,26,4,1,52.0,44.97056274847714,25.32507933764923,0.5631479303315328,20,2,1.0
2,26,5,0,52.0,46.14213562373095,24.51205570685857,0.5312293281512526,21,2,1.0
2,26,5,1,52.0,46.14213562373095,26.30283850228654,0.5700394692775981,21,2,1.0
3,26,0,0,52.0,44.97056274847714,26.583001172539635,0.5911200471566219,20,2,1.0
3,26,0,1,52.0,44.97056274847714,26.572401972357696,0.5908843551942772,20,2,1.0
3,26,0,2,52.0,46.14213562373095,24.550885512688076,0.5320708541297237,21,2,1.0
3,26,1,0,52.0,44.97056274847714,27.776148242341677,0.6176517825159364,20,2,1.0
3,26,1,1,52.0,43.798989873223334,25.08476393813322,0.5727247137603253,19,2,1.0
3,26,1,2,52.0,47.31370849898476,26.27630361865417,0.5553634338178753,22,2,1.0
3,26,2,0,52.0,46.14213562373095,27.30670715822083,0.5917954769344694,21,2,1.0
3,26,2,1,52.0,44.97056274847714,28.198777859730267,0.6270496995434013,20,2,1.0
3,26,2,2,52.0,44.97056274847714,26.465159672160745,0.5884996329750609,20,2,1.0
3,26,3,0,52.0,46.14213562373095,28.646432667009684,0.6208302298924542,21,2,1.0
3,26,3,1,52.0,46.14213562373095,27.92794820999675,0.6052591158271698,21,2,1.0
3,26,3,2,52.0,47.31370849898476,29.434409050276578,0.622111645526754,22,2,1.0
3,26,4,0,52.0,46.14213562373095,26.03329864576122,0.5641979568967386,21,2,1.0
3,26,4,1,52.0,47.31370849898476,25.700656986552858,0.5431968408712737,22,2,1.0
3,26,4,2,52.0,44.97056274847714,25.429373074598963,0.565467086031964,20,2,1.0
3,26,5,0,52.0,46.14213562373095,27.175099456496334,0.5889432530409396,21,2,1.0
3,26,5,1,52.0,44.97056274847714,27.82194645555571,0.618670186787864,20,2,1.0
3,26,5,2,52.0,44.97056274847714,23.633998775136494,0.5255437630905969,20,2,1.0
4,26,0,0,52.0,47.31370849898476,26.48647379282707,0.5598054904826454,22,2,1.0
4,26,0,1,52.0,46.14213562373095,24.856601642356516,0.5386963846895014,21,2,1.0
4,26,0,2,52.0,46.14213562373095,23.82164122206072,0.5162665511695393,21,2,1.0
4,26,0,3,52.0,44.97056274847714,29.007144319551664,0.6450251574966992,20,2,1.0
4,26,1,0,52.0,47.31370849898476,27.499381044046352,0.5812138155400866,22,2,1.0
4,26,1,1,52.0,46.14213562373095,25.04252318410559,0.5427257071132657,21,2,1.0
4,26,1,2,52.0,49.65685424949238,25.810251335065708,0.5197721789903668,24,2,1.0
4,26,1,3,52.0,48.48528137423857,23.845688342797047,0.4918129309953196,23,2,1.0
4,26,2,0,52.0,48.48528137423857,22.022153572019015,0.45420286214364286,23,2,1.0
4,26,2,1,52.0,44.97056274847714,25.952324199730445,0.5770958292179539,20,2,1.0
4,26,2,2,52.0,44.97056274847714,23.442147540888648,0.5212776115789762,20,2,1.0
4,26,2,3,52.0,44.97056274847714,26.629024343949396,0.5921434537719042,20,2,1.0
4,26,3,0,52.0,47.31370849898476,23.958710765128245,0.5063798954935511,22,2,1.0
4,26,3,1,52.0,49.65685424949238,30.637661015596017,0.6169875534535941,24,2,1.0
4,26,3,2,52.0,44.97056274847714,28.02520770273987,0.6231900601174687,20,2,1.0
4,26,3,3,52.0,46.14213562373095,24.889142278783844,0.5394016107477984,21,2,1.0
4,26,4,0,52.0,44.97056274847714,26.565504528244958,0.5907309783252502,20,2,1.0
4,26,4,1,52.0,47.31370849898476,23.762962948386853,0.5022426629038548,22,2,1.0
4,26,4,2,52.0,44.97056274847714,26.60530541781277,0.5916160214987239,20,2,1.0
4,26,4,3,52.0,47.31370849898476,26.00542132151849,0.549638194648735,22,2,1.0
4,26,5,0,52.0,48.48528137423857,24.116433921038876,0.4973970086899926,23,2,1.0
4,26,5,1,52.0,48.48528137423857,27.238055966441095,0.5617798885439356,23,2,1.0
4,26,5,2,52.0,44.97056274847714,26.988722493695256,0.6001419783124503,20,2,1.0
4,26,5,3,52.0,46.14213562373095,25.187663600225676,0.5458712142329111,21,2,1.0
5,26,0,0,52.0,44.97056274847714,27.99092088317007,0.6224276320428732,20,2,1.0
5,26,0,1,52.0,47.31370849898476,25.732723821274732,0.543874590211564,22,2,1.0
5,26,0,2,52.0,44.97056274847714,26.43766592251132,0.5878882608247235,20,2,1.0
5,26,0,3,52.0,46.14213562373095,25.145906268783115,0.5449662424348332,21,2,1.0
5,26,0,4,52.0,44.97056274847714,27.39927872344248,0.6092714222120851,20,2,1.0
5,26,1,0,52.0,46.14213562373095,27.63370483172632,0.5988822246344895,21,2,1.0
5,26,1,1,52.0,44.97056274847714,23.092739175111745,0.5135078985840297,20,2,1.0
5,26,1,2,52.0,44.97056274847714,25.10929144220463,0.5583495048225723,20,2,1.0
5,26,1,3,52.0,46.14213562373095,26.173119487150025,0.5672281773123904,21,2,1.0
5,26,1,4,52.0,46.14213562373095,26.214720895343454,0.5681297699160069,21,2,1.0
5,26,2,0,52.0,46.14213562373095,25.924672629043773,0.5618437958842695,21,2,1.0
5,26,2,1,52.0,46.14213562373095,25.518364007961075,0.5530382082019835,21,2,1.0
5,26,2,2,52.0,46.14213562373095,24.417168173346226,0.5291729098205946,21,2,1.0
5,26,2,3,52.0,44.97056274847714,25.507329649313217,0.5672005883488078,20,2,1.0260519949862865
5,26,2,4,52.0,46.14213562373095,26.350611744245448,0.5710748188840505,21,2,1.0
5,26,3,0,52.0,47.31370849898476,26.507291556454753,0.5602454848159606,22,2,1.0
5,26,3,1,52.0,44.97056274847714,24.502505508187514,0.5448565463863859,20,2,1.0
5,26,3,2,52.0,44.97056274847714,25.119499858839333,0.5585765070215841,20,2,1.0
5,26,3,3,52.0,46.14213562373095,27.965520236178556,0.6060733829969469,21,2,1.0
5,26,3,4,52.0,43.798989873223334,24.97260715234782,0.570163997494721,19,2,1.0
5,26,4,0,52.0,43.798989873223334,25.209123532965688,0.5755640393975701,19,2,1.0
5,26,4,1,52.0,46.14213562373095,29.154148592028093,0.6318335334490691,21,2,1.0
5,26,4,2,52.0,46.14213562373095,23.194730492128425,0.502680038073473,21,2,1.0
5,26,4,3,52.0,48.48528137423857,25.99336972701316,0.5361084640590347,23,2,1.0
5,26,4,4,52.0,47.31370849898476,22.560924972268122,0.47683696095714473,22,2,1.0
5,26,5,0,52.0,48.48528137423857,21.942506309587692,0.45256015202267735,23,2,1.0
5,26,5,1,52.0,44.97056274847714,27.331005679704017,0.607753250333287,20,2,1.0
5,26,5,2,52.0,46.14213562373095,26.838984232467794,0.5816589082769822,21,2,1.0
5,26,5,3,52.0,47.31370849898476,24.851100435137944,0.5252410183757037,22,2,1.0
5,26,5,4,52.0,46.14213562373095,23.00105604820152,0.4984826934705651,21,2,1.0
6,26,0,0,52.0,43.798989873223334,25.689597531024962,0.5865340183731129,19,2,1.0
6,26,0,1,52.0,44.97056274847714,27.24212225902826,0.6057767702706983,20,2,1.0
6,26,0,2,52.0,44.97056274847714,22.987594327084736,0.5111698169234756,20,2,1.0
6,26,0,3,52.0,43.798989873223334,28.49401565193068,0.6505633060124658,19,2,1.0
6,26,0,4,52.0,46.14213562373095,26.2252224931323,0.5683573622813557,21,2,1.0
6,26,0,5,52.0,43.798989873223334,26.99820638673457,0.6164116219319482,19,2,1.0
6,26,1,0,52.0,44.97056274847714,27.16874636107102,0.604145127403171,20,2,1.0
6,26,1,1,52.0,44.97056274847714,27.59714703951778,0.6136713741802645,20,2,1.0
6,26,1,2,52.0,46.14213562373095,25.862339649033963,0.5604929052250658,21,2,1.0
6,26,1,3,52.0,47.31370849898476,23.735385135755457,0.5016597913956536,22,2,1.0
6,26,1,4,52.0,47.31370849898476,26.799153636255532,0.5664141426755964,22,2,1.0
6,26,1,5,52.0,48.48528137423857,22.083148716865857,0.4554608757741309,23,2,1.0
6,26,2,0,52.0,43.798989873223334,25.35831491311645,0.5789703138477936,19,2,1.0
6,26,2,1,52.0,47.31370849898476,24.737484401449407,0.5228396840205459,22,2,1.0
6,26,2,2,52.0,48.48528137423857,23.361896365821373,0.48183481055828475,23,2,1.0
6,26,2,3,52.0,46.14213562373095,25.048308858526028,0.5428510952068646,21,2,1.0
6,26,2,4,52.0,44.97056274847714,26.350032669452695,0.5859395804502134,20,2,1.0
6,26,2,5,52.0,44.97056274847714,24.931879669404445,0.5544044402746267,20,2,1.0
6,26,3,0,52.0,47.31370849898476,26.563277327553585,0.5614287733992268,22,2,1.0
6,26,3,1,52.0,43.798989873223334,24.285019447560565,0.5544652860226645,19,2,1.0
6,26,3,2,52.0,46.14213562373095,22.587738706516276,0.48952521163540114,21,2,1.0
6,26,3,3,52.0,46.14213562373095,26.598255600768635,0.5764417975289623,21,2,1.0
6,26,3,4,52.0,48.48528137423857,26.352659755739815,0.5435187547399,23,2,1.0
6,26,3,5,52.0,43.798989873223334,24.574949046562043,0.5610848359218902,19,2,1.0
6,26,4,0,52.0,44.97056274847714,26.599321844679572,0.5914829661672472,20,2,1.0
6,26,4,1,52.0,43.798989873223334,25.062617317794718,0.5722190714977388,19,2,1.0
6,26,4,2,52.0,46.14213562373095,24.488141805467684,0.5307110621224347,21,2,1.0
6,26,4,3,52.0,44.97056274847714,24.60959288328323,0.5472378235719676,20,2,1.0
6,26,4,4,52.0,46.14213562373095,28.634449370252835,0.620570525901842,21,2,1.0
6,26,4,5,52.0,44.97056274847714,23.88591084689253,0.5311454735509483,20,2,1.0
6,26,5,0,52.0,47.31370849898476,27.521435968201942,0.5816799579088687,22,2,1.0
6,26,5,1,52.0,44.97056274847714,27.175713175734394,0.6043000468490837,20,2,1.0
6,26,5,2,52.0,49.65685424949238,26.560822940849146,0.5348873452071455,24,2,1.0
6,26,5,3,52.0,44.97056274847714,27.09734567615576,0.6025574068910973,20,2,1.0
6,26,5,4,52.0,44.97056274847714,25.279342355637766,0.5621308876436911,20,2,1.0
6,26,5,5,52.0,43.798989873223334,25.235273268470245,0.5761610790914135,19,2,1.0
7,26,0,0,52.0,44.97056274847714,23.807134598976667,0.5293937443507499,20,2,1.0
7,26,0,1,52.0,47.31370849898476,24.661278935584644,0.5212290416024737,22,2,1.0
7,26,0,2,52.0,47.31370849898476,27.661755779525492,0.5846456905849823,22,2,1.0
7,26,0,3,52.0,44.97056274847714,25.36444628585288,0.564023324051283,20,2,1.0
7,26,0,4,52.0,46.14213562373095,23.98830634547333,0.5198785453080789,21,2,1.0
7,26,0,5,52.0,44.97056274847714,23.457055595745047,0.5216091185458733,20,2,1.0
7,26,0,6,52.0,46.14213562373095,26.700612570151915,0.5786600947100454,21,2,1.0
7,26,1,0,52.0,43.798989873223334,23.305771871648112,0.5321075198105465,19,2,1.0
7,26,1,1,52.0,43.798989873223334,27.33985024854696,0.6242118899929533,19,2,1.0
7,26,1,2,52.0,43.798989873223334,25.527515879117438,0.5828334386936118,19,2,1.0
7,26,1,3,52.0,46.14213562373095,24.108641447229466,0.5224864675494206,21,2,1.0
7,26,1,4,52.0,44.97056274847714,25.729408711193035,0.5721389090703412,20,2,1.0
7,26,1,5,52.0,43.798989873223334,24.44893472408995,0.5582077302434979,19,2,1.0
7,26,1,6,52.0,46.14213562373095,25.456614567231895,0.5516999641026483,21,2,1.0
7,26,2,0,52.0,44.97056274847714,27.373832546676145,0.6087055814662474,20,2,1.0
7,26,2,1,52.0,46.14213562373095,24.02670392525151,0.5207107040120299,21,2,1.0
7,26,2,2,52.0,44.97056274847714,25.1604497311078,0.5594870998575578,20,2,1.0
7,26,2,3,52.0,46.14213562373095,23.57896694389485,0.5110072740492784,21,2,1.0
7,26,2,4,52.0,46.14213562373095,25.454757084128545,0.5516597084214094,21,2,1.0
7,26,2,5,52.0,43.798989873223334,28.230674277303052,0.6445508071993682,19,2,1.0
7,26,2,6,52.0,44.97056274847714,27.43546418084489,0.6100760698569188,20,2,1.0
7,26,3,0,52.0,44.97056274847714,24.331840630440897,0.5410615109828675,20,2,1.0
7,26,3,1,52.0,46.14213562373095,24.157873042324887,0.5235534228264126,21,2,1.0
7,26,3,2,52.0,44.97056274847714,25.65953102312728,0.5705850550868679,20,2,1.0
7,26,3,3,52.0,44.97056274847714,23.386144146548663,0.5200322770552965,20,2,1.0
7,26,3,4,52.0,44.97056274847714,24.80212337728548,0.5515190796256016,20,2,1.0
7,26,3,5,52.0,46.14213562373095,24.750732143751986,0.5364019633937935,21,2,1.0
7,26,3,6,52.0,46.14213562373095,21.59054136117333,0.4679137857258018,21,2,1.0
7,26,4,0,52.0,47.31370849898476,24.59896592270443,0.5199120234515598,22,2,1.0
7,26,4,1,52.0,46.14213562373095,24.3885182236824,0.5285520033697652,21,2,1.0
7,26,4,2,52.0,44.97056274847714,26.92177874261067,0.5986533656068677,20,2,1.0
7,26,4,3,52.0,44.97056274847714,24.7610518189261,0.5506057808841761,20,2,1.0
7,26,4,4,52.0,44.97056274847714,22.03470351157239,0.48998060430806056,20,2,1.0
7,26,4,5,52.0,46.14213562373095,23.269886657279876,0.5043088349233699,21,2,1.0
7,26,4,6,52.0,43.798989873223334,24.27669130269195,0.5542751413436955,19,2,1.0
7,26,5,0,52.0,48.48528137423857,27.09693323313553,0.5588692581566166,23,2,1.0
7,26,5,1,52.0,46.14213562373095,23.277479380969794,0.5044733856878129,21,2,1.0
7,26,5,2,52.0,46.14213562373095,24.36294976132214,0.5279978794217806,21,2,1.0
7,26,5,3,52.0,47.31370849898476,24.353441862539018,0.514722743896974,22,2,1.0
7,26,5,4,52.0,47.31370849898476,24.48290885622064,0.5174590965902828,22,2,1.0
7,26,5,5,52.0,47.31370849898476,27.705829522344523,0.5855772122140674,22,2,1.0
7,26,5,6,52.0,47.31370849898476,26.064929500076644,0.5508959311577941,22,2,1.0
8,26,0,0,52.0,47.31370849898476,24.31351604841379,0.5138788909124614,22,2,1.0
8,26,0,1,52.0,46.14213562373095,23.660864414353583,0.5127821695835156,21,2,1.0
8,26,0,2,52.0,43.798989873223334,30.202028535842558,0.6895599333058289,19,2,1.0
8,26,0,3,52.0,46.14213562373095,26.469934895566006,0.5736608099680693,21,2,1.0
8,26,0,4,52.0,47.31370849898476,25.84890502477502,0.5463301407736761,22,2,1.0
8,26,0,5,52.0,47.31370849898476,25.320753828674327,0.5351673887329642,22,2,1.0
8,26,0,6,52.0,46.14213562373095,25.5594821612432,0.553929327625181,21,2,1.0
8,26,0,7,52.0,46.14213562373095,28.013127669027977,0.6071051391609363,21,2,1.0
8,26,1,0,52.0,46.14213562373095,25.927758052510704,0.5619106636922984,21,2,1.0
8,26,1,1,52.0,46.14213562373095,25.946822754959513,0.562323837079076,21,2,1.0
8,26,1,2,52.0,46.14213562373095,26.14792491328047,0.5666821563376568,21,2,1.0
8,26,1,3,52.0,47.31370849898476,25.975576618102835,0.5490074112169882,22,2,1.0
8,26,1,4,52.0,46.14213562373095,26.822008651205643,0.5812910106703222,21,2,1.0
8,26,1,5,52.0,43.798989873223334,28.591753493110936,0.6527948150372893,19,2,1.0
8,26,1,6,52.0,47.31370849898476,25.157959769745478,0.5317266510674239,22,2,1.0
8,26,1,7,52.0,46.14213562373095,26.097275153076566,0.5655844663517202,21,2,1.0
8,26,2,0,52.0,47.31370849898476,26.564490103398686,0.5614544060516562,22,2,1.0
8,26,2,1,52.0,43.798989873223334,26.997288388203245,0.616390662578,19,2,1.0
8,26,2,2,52.0,43.798989873223334,24.97984315919833,0.5703292069406798,19,2,1.0
8,26,2,3,52.0,47.31370849898476,27.00450458250664,0.5707543424351548,22,2,1.0
8,26,2,4,52.0,47.31370849898476,24.617338312967206,0.5203003335385439,22,2,1.0
8,26,2,5,52.0,46.14213562373095,25.266566147933,0.5475812033056046,21,2,1.0
8,26,2,6,52.0,47.31370849898476,24.024582593071614,0.5077721310640261,22,2,1.0
8,26,2,7,52.0,47.31370849898476,28.264796052393393,0.5973912624710002,22,2,1.0
8,26,3,0,52.0,47.31370849898476,25.541196609676426,0.5398265623212453,22,2,1.0
8,26,3,1,52.0,44.97056274847714,25.023784515994265,0.5564481070862662,20,2,1.0
8,26,3,2,52.0,44.97056274847714,24.07293113874669,0.5353042005141881,20,2,1.0
8,26,3,3,52.0,47.31370849898476,23.36059650432561,0.4937384374515237,22,2,1.0
8,26,3,4,52.0,46.14213562373095,26.981683533440652,0.5847515111451396,21,2,1.0
8,26,3,5,52.0,47.31370849898476,23.103840133768095,0.48831175713617647,22,2,1.0
8,26,3,6,52.0,47.31370849898476,23.71453499882711,0.5012191128356799,22,2,1.0
8,26,3,7,52.0,46.14213562373095,27.03235239810971,0.585849615166207,21,2,1.0
8,26,4,0,52.0,46.14213562373095,25.12002261820934,0.54440528767572,21,2,1.0
8,26,4,1,52.0,44.97056274847714,26.181475762546352,0.5821914195065959,20,2,1.0
8,26,4,2,52.0,46.14213562373095,25.856141713502183,0.5603585825404306,21,2,1.0
8,26,4,3,52.0,43.798989873223334,26.368069615294495,0.6020246058554585,19,2,1.0
8,26,4,4,52.0,48.48528137423857,25.74556337459881,0.5309975036728996,23,2,1.0
8,26,4,5,52.0,46.14213562373095,24.6972032892444,0.5352418771996024,21,2,1.0
8,26,4,6,52.0,44.97056274847714,23.84417922849073,0.530217497207063,20,2,1.0
8,26,4,7,52.0,44.97056274847714,24.009212351966212,0.5338873005937478,20,2,1.0
8,26,5,0,52.0,44.97056274847714,26.405313078458796,0.5871688381162846,20,2,1.0
8,26,5,1,52.0,44.97056274847714,25.614960099802644,0.5695939417762802,20,2,1.0
8,26,5,2,52.0,43.798989873223334,23.547432074971795,0.5376250032964254,19,2,1.0
8,26,5,3,52.0,46.14213562373095,27.685877713675033,0.6000129239669643,21,2,1.0
8,26,5,4,52.0,48.48528137423857,26.95084882375611,0.5558562941139445,23,2,1.0
8,26,5,5,52.0,46.14213562373095,28.41520036233362,0.6158189251153701,21,2,1.0
8,26,5,6,52.0,44.97056274847714,24.621019425817657,0.5474919129548008,20,2,1.0
8,26,5,7,52.0,44.97056274847714,24.390591460341454,0.5423679395954947,20,2,1.0
9,26,0,0,52.0,44.97056274847714,25.439146698520442,0.5656844198460003,20,2,1.0
9,26,0,1,52.0,46.14213562373095,26.57407504167015,0.5759177524501721,21,2,1.0
9,26,0,2,52.0,44.97056274847714,24.92426025875279,0.5542350092026992,20,2,1.0
9,26,0,3,52.0,47.31370849898476,24.43856821590125,0.5165219339427947,22,2,1.0
9,26,0,4,52.0,46.14213562373095,24.52084780429371,0.5314198719420046,21,2,1.0
9,26,0,5,52.0,46.14213562373095,24.391295619104636,0.5286121955430291,21,2,1.0
9,26,0,6,52.0,43.798989873223334,27.613764427069345,0.6304657825899112,19,2,1.0
9,26,0,7,52.0,46.14213562373095,24.31994848043022,0.5270659485453562,21,2,1.0
9,26,0,8,52.0,47.31370849898476,27.421522032329158,0.579568224564717,22,2,1.0
9,26,1,0,52.0,48.48528137423857,24.20584786928628,0.4992411549074241,23,2,1.0
9,26,1,1,52.0,44.97056274847714,27.44568848277132,0.6103034252934877,20,2,1.0
9,26,1,2,52.0,43.798989873223334,25.446360336460405,0.5809805296906431,19,2,1.0
9,26,1,3,52.0,47.31370849898476,25.447485975510165,0.5378459390063708,22,2,1.0
9,26,1,4,52.0,46.14213562373095,26.225699078842055,0.5683676909257349,21,2,1.0
9,26,1,5,52.0,44.97056274847714,25.642497890471795,0.5702062932565846,20,2,1.0
9,26,1,6,52.0,46.14213562373095,23.53362383325598,0.510024590650993,21,2,1.0
9,26,1,7,52.0,46.14213562373095,25.356633520692498,0.5495331583146653,21,2,1.0
9,26,1,8,52.0,44.97056274847714,26.696773024471725,0.5936499655071754,20,2,1.0
9,26,2,0,52.0,44.97056274847714,25.77106012850377,0.5730651020011188,20,2,1.0
9,26,2,1,52.0,44.97056274847714,26.60788559373295,0.5916733962737432,20,2,1.0
9,26,2,2,52.0,46.14213562373095,24.821555361881018,0.5379368558986954,21,2,1.0
9,26,2,3,52.0,44.97056274847714,26.20538724171233,0.5827231335369432,20,2,1.0
9,26,2,4,52.0,46.14213562373095,23.960901143436224,0.5192846152338277,21,2,1.0
9,26,2,5,52.0,47.31370849898476,25.618747380374238,0.5414656384612919,22,2,1.0
9,26,2,6,52.0,43.798989873223334,24.341764842974882,0.5557608728747487,19,2,1.0
9,26,2,7,52.0,46.14213562373095,22.528101922838868,0.4882327533893477,21,2,1.0
9,26,2,8,52.0,44.97056274847714,23.664166620547434,0.5262145984897373,20,2,1.0
9,26,3,0,52.0,46.14213562373095,24.232610299373206,0.525173141030567,21,2,1.0
9,26,3,1,52.0,49.65685424949238,22.73945706920715,0.4579318890189183,24,2,1.0
9,26,3,2,52.0,44.97056274847714,24.170648552553175,0.5374771200383005,20,2,1.0
9,26,3,3,52.0,47.31370849898476,24.9400050271604,0.5271200634736876,22,2,1.0
9,26,3,4,52.0,44.97056274847714,23.76690415547617,0.5284991492858514,20,2,1.0
9,26,3,5,52.0,44.97056274847714,26.810772505718013,0.5961849455981273,20,2,1.0
9,26,3,6,52.0,47.31370849898476,27.610847318967913,0.5835697136182081,22,2,1.0
9,26,3,7,52.0,46.14213562373095,25.924429378187696,0.5618385241114573,21,2,1.0
9,26,3,8,52.0,44.97056274847714,23.900057168052076,0.5314600420218538,20,2,1.0
9,26,4,0,52.0,44.97056274847714,27.223858945612157,0.6053706531954406,20,2,1.0
9,26,4,1,52.0,49.65685424949238,24.611285910420563,0.49562716532073015,24,2,1.0
9,26,4,2,52.0,47.31370849898476,23.772701664142943,0.5024484957600195,22,2,1.0
9,26,4,3,52.0,44.97056274847714,25.512393097270106,0.567313183069608,20,2,1.0
9,26,4,4,52.0,46.14213562373095,26.756932897735094,0.5798806781707341,21,2,1.0
9,26,4,5,52.0,44.97056274847714,24.6902782711491,0.5490320058755591,20,2,1.0
9,26,4,6,52.0,47.31370849898476,24.592115129222226,0.5197672283446121,22,2,1.0
9,26,4,7,52.0,46.14213562373095,26.100563221007484,0.5656557259041113,21,2,1.0
9,26,4,8,52.0,44.97056274847714,24.059442276329456,0.5350042518012339,20,2,1.0
9,26,5,0,52.0,44.97056274847714,26.65683463561922,0.5927618647939181,20,2,1.0
9,26,5,1,52.0,46.14213562373095,25.56043077057822,0.5539498860436893,21,2,1.0
9,26,5,2,52.0,46.14213562373095,26.19613701528744,0.5677270169917046,21,2,1.0
9,26,5,3,52.0,46.14213562373095,24.613373320059246,0.5334251002331275,21,2,1.0
9,26,5,4,52.0,47.31370849898476,21.99591937232897,0.4648952717963537,22,2,1.0
9,26,5,5,52.0,47.31370849898476,24.701426472463403,0.5220775808134642,22,2,1.0
9,26,5,6,52.0,46.14213562373095,25.994200797085348,0.5633506218493386,21,2,1.0
9,26,5,7,52.0,44.97056274847714,24.74300264183529,0.5502044255088441,20,2,1.0
9,26,5,8,52.0,44.97056274847714,24.787390590714445,0.5511914700590184,20,2,1.0
10,26,0,0,52.0,44.97056274847714,27.216274778055485,0.6052020058160629,20,2,1.0
10,26,0,1,52.0,44.97056274847714,26.562038856765568,0.5906539129903383,20,2,1.0
10,26,0,2,52.0,44.97056274847714,23.38555710895055,0.5200192232360371,20,2,1.0
10,26,0,3,52.0,46.14213562373095,28.221705708573516,0.6116254769547135,21,2,1.0
10,26,0,4,52.0,47.31370849898476,22.546497204070192,0.47653202252268995,22,2,1.0
10,26,0,5,52.0,46.14213562373095,26.966305191414254,0.5844182291715482,21,2,1.0
10,26,0,6,52.0,44.97056274847714,25.10424963237125,0.5582373912637187,20,2,1.0
10,26,0,7,52.0,44.97056274847714,23.47553825751084,0.5220201132196373,20,2,1.0
10,26,0,8,52.0,44.97056274847714,25.621729161587716,0.5697444638371877,20,2,1.0
10,26,0,9,52.0,48.48528137423857,27.146388999456946,0.5598892742299417,23,2,1.0
10,26,1,0,52.0,43.798989873223334,24.412696909396217,0.557380363795125,19,2,1.0
10,26,1,1,52.0,46.14213562373095,29.77733281052103,0.6453392849724648,21,2,1.0
10,26,1,2,52.0,46.14213562373095,31.360484001098413,0.6796495995943821,21,2,1.0
10,26,1,3,52.0,46.14213562373095,26.324097180435857,0.5705001908688714,21,2,1.0
10,26,1,4,52.0,46.14213562373095,24.701407426862215,0.5353329899658622,21,2,1.0
10,26,1,5,52.0,44.97056274847714,27.375963614365336,0.6087529695254342,20,2,1.0
10,26,1,6,52.0,44.97056274847714,24.97872799474044,0.5554461956468691,20,2,1.0
10,26,1,7,52.0,47.31370849898476,25.25562598594307,0.5337908776794572,22,2,1.0
10,26,1,8,52.0,44.97056274847714,25.446933001682687,0.5658575620680755,20,2,1.0
10,26,1,9,52.0,44.97056274847714,24.84437220139615,0.5524585569531808,20,2,1.0
10,26,2,0,52.0,43.798989873223334,24.38596302523552,0.5567699870663904,19,2,1.0
10,26,2,1,52.0,46.14213562373095,24.954052154001236,0.5408083483064303,21,2,1.0
10,26,2,2,52.0,46.14213562373095,25.180778004523837,0.545721988463259,21,2,1.0
10,26,2,3,52.0,43.798989873223334,26.581967374715695,0.6069082289718895,19,2,1.0
10,26,2,4,52.0,46.14213562373095,27.883714960458512,0.6043004855223452,21,2,1.0
10,26,2,5,52.0,46.14213562373095,28.077918674974217,0.6085093005650504,21,2,1.0
10,26,2,6,52.0,46.14213562373095,25.922059095385322,0.5617871549502702,21,2,1.0
10,26,2,7,52.0,47.31370849898476,27.308330221121025,0.5771758563737822,22,2,1.0
10,26,2,8,52.0,44.97056274847714,23.806367075007568,0.529376677097814,20,2,1.0
10,26,2,9,52.0,48.48528137423857,27.14737384761888,0.5599095865419264,23,2,1.0
10,26,3,0,52.0,46.14213562373095,26.17514483642728,0.5672720710171328,21,2,1.0
10,26,3,1,52.0,46.14213562373095,24.659177150699037,0.5344177684315243,21,2,1.0
10,26,3,2,52.0,47.31370849898476,27.46424290636222,0.5804711526037224,22,2,1.0
10,26,3,3,52.0,43.798989873223334,24.878885878367853,0.5680241930323066,19,2,1.0
10,26,3,4,52.0,44.97056274847714,23.657770169927296,0.5260723620971016,20,2,1.0
10,26,3,5,52.0,44.97056274847714,23.865018802156875,0.5306809019854889,20,2,1.0
10,26,3,6,52.0,46.14213562373095,26.655373427663882,0.5776796645267324,21,2,1.0
10,26,3,7,52.0,46.14213562373095,24.29951368682338,0.5266230823162444,21,2,1.0
10,26,3,8,52.0,44.97056274847714,29.505905363485162,0.65611599144341,20,2,1.0
10,26,3,9,52.0,44.97056274847714,28.256615595429153,0.6283358238915082,20,2,1.0
10,26,4,0,52.0,44.97056274847714,25.381755957006277,0.5644082352041678,20,2,1.0
10,26,4,1,52.0,43.798989873223334,25.987374245992843,0.5933327303029953,19,2,1.0
10,26,4,2,52.0,46.14213562373095,22.725790603207145,0.4925170951887898,21,2,1.0
10,26,4,3,52.0,46.14213562373095,27.92960881843241,0.6052951048080267,21,2,1.0
10,26,4,4,52.0,44.97056274847714,23.32877297249877,0.5187565275306403,20,2,1.0
10,26,4,5,52.0,44.97056274847714,24.03090988281327,0.5343697835675192,20,2,1.0
10,26,4,6,52.0,44.97056274847714,23.94153025216405,0.5323822693985476,20,2,1.0
10,26,4,7,52.0,44.97056274847714,24.410027918827428,0.5428001436262666,20,2,1.0
10,26,4,8,52.0,46.14213562373095,23.412044294548465,0.5073896987660802,21,2,1.0
10,26,4,9,52.0,47.31370849898476,22.89561438577521,0.4839107969367165,22,2,1.0
10,26,5,0,52.0,43.798989873223334,24.37775997587587,0.5565826985151385,19,2,1.0
10,26,5,1,52.0,46.14213562373095,25.089606216652907,0.5437460983871171,21,2,1.0
10,26,5,2,52.0,44.97056274847714,24.61932855653182,0.5474543134856704,20,2,1.0
10,26,5,3,52.0,44.97056274847714,22.53797325592997,0.5011716971830241,20,2,1.0
10,26,5,4,52.0,46.14213562373095,24.647354622735204,0.5341615486488025,21,2,1.0
10,26,5,5,52.0,43.798989873223334,29.317711614138442,0.6693695836136606,19,2,1.0
10,26,5,6,52.0,46.14213562373095,26.098084690340094,0.565602010777278,21,2,1.0
10,26,5,7,52.0,46.14213562373095,24.990458034545725,0.5415973425749524,21,2,1.0
10,26,5,8,52.0,44.97056274847714,26.712532923642605,0.5940004147390213,20,2,1.0
10,26,5,9,52.0,46.14213562373095,24.962037143295703,0.5409814003159771,21,2,1.0
1,27,0,0,54.0,48.14213562373095,25.334600181088277,0.5262458728274606,22,2,1.0
1,27,1,0,54.0,48.14213562373095,25.331893782803558,0.5261896559968265,22,2,1.0
1,27,2,0,54.0,48.14213562373095,26.342608379523412,0.5471840423825779,22,2,1.0
1,27,3,0,54.0,45.798989873223334,25.545672293438557,0.5577780724891924,20,2,1.0
1,27,4,0,54.0,49.31370849898476,29.596811496631787,0.6001741178569263,23,2,1.0
1,27,5,0,54.0,48.14213562373095,22.824199959464572,0.47410027959403034,22,2,1.0
2,27,0,0,54.0,46.97056274847714,28.53005499835025,0.6074028780776155,21,2,1.0
2,27,0,1,54.0,46.97056274847714,26.337568668848554,0.5607249972686874,21,2,1.0
2,27,1,0,54.0,46.97056274847714,26.38181282788215,0.5616669523240381,21,2,1.0
2,27,1,1,54.0,46.97056274847714,26.51091893466182,0.5644156123192572,21,2,1.0
2,27,2,0,54.0,48.14213562373095,26.225869043378502,0.5447591533610913,22,2,1.0
2,27,2,1,54.0,49.31370849898476,22.754056418447988,0.4614144243261777,23,2,1.0
2,27,3,0,54.0,46.97056274847714,24.01196281512403,0.5112130110875143,21,2,1.0
2,27,3,1,54.0,46.97056274847714,23.64751231674765,0.5034538854341135,21,2,1.0
2,27,4,0,54.0,46.97056274847714,28.01710074972027,0.5964821179543698,21,2,1.0
2,27,4,1,54.0,46.97056274847714,25.26560658898183,0.5379029994653615,21,2,1.0
2,27,5,0,54.0,48.14213562373095,24.056735522922697,0.4997022922070845,22,2,1.0
2,27,5,1,54.0,46.97056274847714,25.626359191345433,0.54558339717095,21,2,1.0
3,27,0,0,54.0,48.14213562373095,27.68719173677328,0.5751134921219675,22,2,1.0
3,27,0,1,54.0,48.14213562373095,24.05885827228527,0.49974638558464396,22,2,1.0
3,27,0,2,54.0,48.14213562373095,24.995563472526165,0.5192034617634406,22,2,1.0
3,27,1,0,54.0,46.97056274847714,27.469486580421716,0.5848234505411013,21,2,1.0
3,27,1,1,54.0,46.97056274847714,24.805900832898615,0.5281158960290051,21,2,1.0
3,27,1,2,54.0,48.14213562373095,28.255078166025893,0.5869095294579738,22,2,1.0
3,27,2,0,54.0,46.97056274847714,28.700233830569523,0.6110259735284953,21,2,1.0
3,27,2,1,54.0,48.14213562373095,24.84380489670051,0.516051159235531,22,2,1.0
3,27,2,2,54.0,46.97056274847714,25.425048145096653,0.5412974990579812,21,2,1.0
3,27,3,0,54.0,48.14213562373095,24.70660520223404,0.51320127123848,22,2,1.0
3,27,3,1,54.0,45.798989873223334,24.739895222483455,0.5401842986268085,20,2,1.0
3,27,3,2,54.0,46.97056274847714,24.397152662402192,0.519413676030381,21,2,1.0
3,27,4,0,54.0,46.97056274847714,24.86319952984057,0.5293357812845594,21,2,1.0
3,27,4,1,54.0,48.14213562373095,24.944117057851685,0.5181348258583662,22,2,1.0
3,27,4,2,54.0,48.14213562373095,27.638777239266517,0.5741078346686886,22,2,1.0
3,27,5,0,54.0,46.97056274847714,25.467470025857594,0.5422006579361941,21,2,1.0
3,27,5,1,54.0,48.14213562373095,26.294356145157657,0.5461817554308132,22,2,1.0
3,27,5,2,54.0,45.798989873223334,25.345567492707268,0.5534088756731665,20,2,1.0
4,27,0,0,54.0,48.14213562373095,28.390548987893126,0.5897235056165316,22,2,1.0
4,27,0,1,54.0,45.798989873223334,25.36537276407089,0.553841314716439,20,2,1.0
4,27,0,2,54.0,49.31370849898476,27.734167671952108,0.5624027986563428,23,2,1.0
4,27,0,3,54.0,48.14213562373095,27.39373997433416,0.5690179635660123,22,2,1.0
4,27,1,0,54.0,48.14213562373095,25.863221049490875,0.5372262928182601,22,2,1.0
4,27,1,1,54.0,46.97056274847714,27.36908414212721,0.5826858896429671,21,2,1.0
4,27,1,2,54.0,46.97056274847714,25.43860582610314,0.5415861411395991,21,2,1.0
4,27,1,3,54.0,49.31370849898476,24.3760906944925,0.4943065820124711,23,2,1.0
4,27,2,0,54.0,49.31370849898476,26.064177688183904,0.5285381789674264,23,2,1.0
4,27,2,1,54.0,46.97056274847714,24.57782260892509,0.523260126571976,21,2,1.0
4,27,2,2,54.0,46.97056274847714,26.398247232839655,0.5620168396576327,21,2,1.0
4,27,2,3,54.0,48.14213562373095,29.85625592499558,0.6201689131189764,22,2,1.0
4,27,3,0,54.0,48.14213562373095,27.02740397502464,0.5614084964212074,22,2,1.0
4,27,3,1,54.0,46.97056274847714,29.254718171448417,0.6228309064148246,21,2,1.0
4,27,3,2,54.0,46.97056274847714,28.825523962489513,0.6136933916854994,21,2,1.0
4,27,3,3,54.0,45.798989873223334,25.897495194166474,0.5654599646379451,20,2,1.0
4,27,4,0,54.0,49.31370849898476,29.991141364663427,0.6081704718127388,23,2,1.0
4,27,4,1,54.0,49.31370849898476,24.79665428668094,0.5028349122676798,23,2,1.0
4,27,4,2,54.0,46.97056274847714,25.77983517933935,0.5488508902349732,21,2,1.0
4,27,4,3,54.0,45.798989873223334,24.864525048922708,0.5429055338938797,20,2,1.0
4,27,5,0,54.0,48.14213562373095,26.224800874617152,0.5447369655468717,22,2,1.0
4,27,5,1,54.0,49.31370849898476,26.093693823499017,0.529136717106486,23,2,1.0
4,27,5,2,54.0,46.97056274847714,24.625225425802665,0.5242693292321913,21,2,1.0
4,27,5,3,54.0,48.14213562373095,25.002669688746664,0.5193510708407786,22,2,1.0
5,27,0,0,54.0,49.31370849898476,26.215023731868754,0.5315970858774179,23,2,1.0
5,27,0,1,54.0,46.97056274847714,24.89832852055025,0.5300836750429926,21,2,1.0
5,27,0,2,54.0,48.14213562373095,24.120072459676425,0.5010179159519212,22,2,1.0
5,27,0,3,54.0,45.798989873223334,26.044825149629396,0.5686768468414773,20,2,1.0
5,27,0,4,54.0,48.14213562373095,23.90627251110456,0.49657690090757667,22,2,1.0
5,27,1,0,54.0,46.97056274847714,24.388153302300438,0.5192220802824241,21,2,1.0
5,27,1,1,54.0,46.97056274847714,26.75096594505616,0.5695261964031603,21,2,1.0
5,27,1,2,54.0,45.798989873223334,28.25269652964522,0.6168847087643594,20,2,1.0
5,27,1,3,54.0,49.31370849898476,26.228789896380235,0.5318762408006734,23,2,1.0
5,27,1,4,54.0,48.14213562373095,27.795483180905112,0.5773629030118004,22,2,1.0
5,27,2,0,54.0,48.14213562373095,24.942950611931828,0.518110596648242,22,2,1.0
5,27,2,1,54.0,48.14213562373095,22.488175576062023,0.4671204400200479,22,2,1.0
5,27,2,2,54.0,46.97056274847714,24.079080251244264,0.5126419366143308,21,2,1.0
5,27,2,3,54.0,48.14213562373095,29.759894313395492,0.6181673066187324,22,2,1.0
5,27,2,4,54.0,46.97056274847714,25.552093716486958,0.5440022903986901,21,2,1.0
5,27,3,0,54.0,45.798989873223334,26.196636828391917,0.5719915854237637,20,2,1.0
5,27,3,1,54.0,45.798989873223334,26.02385710374028,0.5682190191481775,20,2,1.0
5,27,3,2,54.0,48.14213562373095,27.992074519361076,0.5814464638241515,22,2,1.0
5,27,3,3,54.0,48.14213562373095,26.19920380083319,0.5442052676183871,22,2,1.0
5,27,3,4,54.0,48.14213562373095,30.298237960051562,0.6293496864546345,22,2,1.0
5,27,4,0,54.0,48.14213562373095,24.920558110398666,0.5176454635326657,22,2,1.0
5,27,4,1,54.0,48.14213562373095,24.799184844801452,0.5151243193411026,22,2,1.0
5,27,4,2,54.0,48.14213562373095,25.224199023068667,0.5239526393306652,22,2,1.0
5,27,4,3,54.0,48.14213562373095,29.616128675880425,0.6151810320039395,22,2,1.0
5,27,4,4,54.0,46.97056274847714,25.80611556964063,0.5494103979087903,21,2,1.0
5,27,5,0,54.0,45.798989873223334,27.235070419488494,0.594665308009591,20,2,1.0
5,27,5,1,54.0,46.97056274847714,27.409084547008256,0.583537495468838,21,2,1.0
5,27,5,2,54.0,48.14213562373095,26.95564162466745,0.5599178614623002,22,2,1.0
5,27,5,3,54.0,46.97056274847714,27.039800170879666,0.5756754568957413,21,2,1.0
5,27,5,4,54.0,46.97056274847714,23.394155589680754,0.4980599384119414,21,2,1.0
6,27,0,0,54.0,46.97056274847714,26.74007371821773,0.5692943016545972,21,2,1.0
6,27,0,1,54.0,45.798989873223334,26.236636850085446,0.5728649676054288,20,2,1.0
6,27,0,2,54.0,46.97056274847714,26.669577109781173,0.5677934337852029,21,2,1.0
6,27,0,3,54.0,49.31370849898476,26.441645566075756,0.5361925998045781,23,2,1.0
6,27,0,4,54.0,49.31370849898476,26.679413845952176,0.5410141451134513,23,2,1.0
6,27,0,5,54.0,46.97056274847714,23.740172613396453,0.5054266166774029,21,2,1.0
6,27,1,0,54.0,48.14213562373095,27.319547003098073,0.5674768401763902,22,2,1.0
6,27,1,1,54.0,46.97056274847714,27.846519818357486,0.5928504618408114,21,2,1.0
6,27,1,2,54.0,48.14213562373095,26.296305432028586,0.5462222456759108,22,2,1.0
6,27,1,3,54.0,46.97056274847714,26.620150740469533,0.5667411498350123,21,2,1.0
6,27,1,4,54.0,49.31370849898476,24.45355322114574,0.49587739323334756,23,2,1.0
6,27,1,5,54.0,46.97056274847714,28.772149702213696,0.6125570574124436,21,2,1.0
6,27,2,0,54.0,46.97056274847714,25.650482950921123,0.5460969903272609,21,2,1.0
6,27,2,1,54.0,49.31370849898476,23.923134478121106,0.48512138320754405,23,2,1.0
6,27,2,2,54.0,46.97056274847714,30.048788090109344,0.6397365995169724,21,2,1.0
6,27,2,3,54.0,45.798989873223334,26.44110576522671,0.5773294528638866,20,2,1.0
6,27,2,4,54.0,49.31370849898476,23.886606389126325,0.4843806543086916,23,2,1.0
6,27,2,5,54.0,48.14213562373095,26.318383307226334,0.546680843428414,22,2,1.0
6,27,3,0,54.0,48.14213562373095,26.740282089974613,0.5554444509685065,22,2,1.0
6,27,3,1,54.0,46.97056274847714,26.637249663824335,0.5671051847188685,21,2,1.0
6,27,3,2,54.0,45.798989873223334,26.026223639319156,0.5682706913703254,20,2,1.0
6,27,3,3,54.0,46.97056274847714,28.22869004551794,0.600986839282294,21,2,1.0
6,27,3,4,54.0,45.798989873223334,25.60090115382464,0.5589839693995602,20,2,1.0
6,27,3,5,54.0,46.97056274847714,26.91245211087736,0.5729642255936119,21,2,1.0
6,27,4,0,54.0,48.14213562373095,24.81278885781507,0.5154068995141124,22,2,1.0
6,27,4,1,54.0,48.14213562373095,24.324593684035776,0.5052661949638422,22,2,1.0
6,27,4,2,54.0,46.97056274847714,25.36207550218426,0.539956815889044,21,2,1.0
6,27,4,3,54.0,48.14213562373095,25.62378437605723,0.5322527562201949,22,2,1.0
6,27,4,4,54.0,48.14213562373095,27.104534592574822,0.5630106400849829,22,2,1.0
6,27,4,5,54.0,48.14213562373095,26.178152198626304,0.5437679874285047,22,2,1.0
6,27,5,0,54.0,46.97056274847714,26.84258537956032,0.571476767764095,21,2,1.0
6,27,5,1,54.0,49.31370849898476,24.660676079717334,0.5000775003612846,23,2,1.0
6,27,5,2,54.0,48.14213562373095,24.828289961759587,0.5157288857273056,22,2,1.0
6,27,5,3,54.0,46.97056274847714,26.530534734930555,0.5648332313368061,21,2,1.0
6,27,5,4,54.0,45.798989873223334,25.562343855244173,0.5581420884173115,20,2,1.0
6,27,5,5,54.0,46.97056274847714,26.554915625040472,0.56535229878423,21,2,1.0
7,27,0,0,54.0,51.65685424949238,26.828997019073476,0.5193695475433856,25,2,1.0
7,27,0,1,54.0,46.97056274847714,25.012439281970153,0.5325130851829339,21,2,1.0
7,27,0,2,54.0,45.798989873223334,28.4098801611388,0.6203167414779341,20,2,1.0
7,27,0,3,54.0,48.14213562373095,28.364363857255032,0.5891795926741821,22,2,1.0
7,27,0,4,54.0,48.14213562373095,22.723609390903512,0.47201082994129256,22,2,1.0
7,27,0,5,54.0,48.14213562373095,28.495815123478653,0.5919100753276941,22,2,1.0
7,27,0,6,54.0,45.798989873223334,26.815388193777427,0.5855017385319061,20,2,1.0
7,27,1,0,54.0,46.97056274847714,25.429149007063934,0.5413848061228176,21,2,1.0
7,27,1,1,54.0,48.14213562373095,25.743317484762485,0.5347356769954489,22,2,1.0
7,27,1,2,54.0,45.798989873223334,27.63597435716633,0.6034188621553829,20,2,1.0
7,27,1,3,54.0,48.14213562373095,24.95317147111367,0.5183229025430558,22,2,1.0
7,27,1,4,54.0,48.14213562373095,26.777699186863444,0.5562216723444187,22,2,1.0
7,27,1,5,54.0,45.798989873223334,29.291389592815094,0.6395640968042504,20,2,1.0
7,27,1,6,54.0,48.14213562373095,26.394355060835466,0.5482589153735997,22,2,1.0
7,27,2,0,54.0,46.97056274847714,27.35103017745291,0.5823015219961287,21,2,1.0
7,27,2,1,54.0,48.14213562373095,25.168746345446284,0.5228007860340895,22,2,1.0
7,27,2,2,54.0,48.14213562373095,24.53912466767797,0.509722394940489,22,2,1.0
7,27,2,3,54.0,49.31370849898476,27.220622016624805,0.551988946789212,23,2,1.0
7,27,2,4,54.0,48.14213562373095,31.478028521009215,0.6538560891239853,22,2,1.0
7,27,2,5,54.0,48.14213562373095,26.303276208893053,0.546367041430693,22,2,1.0
7,27,2,6,54.0,46.97056274847714,27.343194918971967,0.5821347098903659,21,2,1.0
7,27,3,0,54.0,49.31370849898476,26.42287995572454,0.5358120644337369,23,2,1.0
7,27,3,1,54.0,46.97056274847714,28.78679912464002,0.6128689425926312,21,2,1.0
7,27,3,2,54.0,48.14213562373095,26.55300116087455,0.5515542843468216,22,2,1.0
7,27,3,3,54.0,46.97056274847714,26.6746264824886,0.567900934577443,21,2,1.0
7,27,3,4,54.0,46.97056274847714,24.43819042846347,0.5202873672033191,21,2,1.0
7,27,3,5,54.0,48.14213562373095,26.659049499619965,0.5537571018448708,22,2,1.0
7,27,3,6,54.0,49.31370849898476,26.39402472021429,0.535226928243648,23,2,1.0
7,27,4,0,54.0,45.798989873223334,24.469110728282494,0.5342718430257021,20,2,1.0
7,27,4,1,54.0,51.65685424949238,25.043391742227797,0.48480288058721444,25,2,1.0
7,27,4,2,54.0,49.31370849898476,24.30569404289694,0.4928790549872624,23,2,1.0
7,27,4,3,54.0,45.798989873223334,25.825583583834145,0.5638898075115241,20,2,1.0
7,27,4,4,54.0,46.97056274847714,28.7666879875061,0.612440777887822,21,2,1.0
7,27,4,5,54.0,49.31370849898476,26.066678001792226,0.5285888811693988,23,2,1.0
7,27,4,6,54.0,46.97056274847714,25.442757910276,0.5416745387216144,21,2,1.0
7,27,5,0,54.0,49.31370849898476,24.473293744910777,0.49627769822694673,23,2,1.0
7,27,5,1,54.0,46.97056274847714,28.94733854210297,0.6162868155766664,21,2,1.0
7,27,5,2,54.0,46.97056274847714,30.14688605691972,0.6418250983781779,21,2,1.0
7,27,5,3,54.0,48.14213562373095,28.54383884812577,0.5929076157156499,22,2,1.0
7,27,5,4,54.0,48.14213562373095,28.228640363340347,0.5863603680561578,22,2,1.0
7,27,5,5,54.0,46.97056274847714,22.96926928601348,0.4890141386853658,21,2,1.0
7,27,5,6,54.0,46.97056274847714,25.611976440723005,0.5452771894148402,21,2,1.0
8,27,0,0,54.0,46.97056274847714,28.156154532522002,0.599442563277249,21,2,1.0
8,27,0,1,54.0,46.97056274847714,26.227870067076047,0.5583895216994477,21,2,1.0
8,27,0,2,54.0,48.14213562373095,22.906378778880008,0.4758072836218061,22,2,1.0
8,27,0,3,54.0,48.14213562373095,24.834040685895285,0.5158483387607282,22,2,1.0
8,27,0,4,54.0,50.48528137423857,28.940942934645086,0.5732550586399813,24,2,1.0
8,27,0,5,54.0,46.97056274847714,24.843504966524065,0.5289164854072251,21,2,1.0
8,27,0,6,54.0,46.97056274847714,27.24805581028877,0.5801092049120103,21,2,1.0
8,27,0,7,54.0,48.14213562373095,26.380978215235768,0.5479810538822806,22,2,1.0
8,27,1,0,54.0,49.31370849898476,29.72226126408252,0.6027180305187233,23,2,1.0
8,27,1,1,54.0,46.97056274847714,28.95032353436585,0.61635036585344,21,2,1.0
8,27,1,2,54.0,46.97056274847714,26.294053111758107,0.5597985540978131,21,2,1.0
8,27,1,3,54.0,48.14213562373095,24.299875389007525,0.5047527508735874,22,2,1.0
8,27,1,4,54.0,49.31370849898476,24.68902684761376,0.5006524067870913,23,2,1.0
8,27,1,5,54.0,45.798989873223334,26.044172245258693,0.5686625909731162,20,2,1.0
8,27,1,6,54.0,49.31370849898476,29.428637190379263,0.5967638225988443,23,2,1.0
8,27,1,7,54.0,48.14213562373095,27.085705372173212,0.5626195228202904,22,2,1.0
8,27,2,0,54.0,50.48528137423857,26.036892565537553,0.5157323452855619,24,2,1.0
8,27,2,1,54.0,45.798989873223334,24.71332710696162,0.5396041959739908,20,2,1.0
8,27,2,2,54.0,46.97056274847714,25.60043058861069,0.5450313790298519,21,2,1.0
8,27,2,3,54.0,46.97056274847714,27.168731902725362,0.5784204044607963,21,2,1.0
8,27,2,4,54.0,46.97056274847714,28.23106931816468,0.6010374938307498,21,2,1.0
8,27,2,5,54.0,45.798989873223334,29.100752977507284,0.6354016334871443,20,2,1.0
8,27,2,6,54.0,48.14213562373095,23.496523316988856,0.48806566249226785,22,2,1.0
8,27,2,7,54.0,49.31370849898476,27.616588338937824,0.5600184853164385,23,2,1.0
8,27,3,0,54.0,46.97056274847714,25.353263325106084,0.5397692052545842,21,2,1.0
8,27,3,1,54.0,45.798989873223334,29.596805513954124,0.6462327137755953,20,2,1.0
8,27,3,2,54.0,46.97056274847714,30.016558978215848,0.6390504439759779,21,2,1.0
8,27,3,3,54.0,49.31370849898476,23.015055800669398,0.4667070577574432,23,2,1.0
8,27,3,4,54.0,46.97056274847714,24.6876128638282,0.5255975534299642,21,2,1.0
8,27,3,5,54.0,48.14213562373095,25.857468978251042,0.5371068118030266,22,2,1.0
8,27,3,6,54.0,45.798989873223334,24.930037447463825,0.5443359671571998,20,2,1.0
8,27,3,7,54.0,48.14213562373095,26.715252373715828,0.5549245380910551,22,2,1.0
8,27,4,0,54.0,46.97056274847714,25.241184525903556,0.5373830554483172,21,2,1.0
8,27,4,1,54.0,49.31370849898476,25.728170037133808,0.5217245025825523,23,2,1.0
8,27,4,2,54.0,48.14213562373095,24.477400289140167,0.5084402669721697,22,2,1.0
8,27,4,3,54.0,49.31370849898476,24.895133144952574,0.504831899743762,23,2,1.0
8,27,4,4,54.0,50.48528137423857,28.94734799769588,0.5733819285489219,24,2,1.0
8,27,4,5,54.0,46.97056274847714,27.207200940952863,0.5792394075975801,21,2,1.0
8,27,4,6,54.0,45.798989873223334,26.209116018877722,0.5722640628412865,20,2,1.0
8,27,4,7,54.0,48.14213562373095,26.620756761467486,0.5529616918021638,22,2,1.0
8,27,5,0,54.0,48.14213562373095,26.142786433832455,0.5430333759631917,22,2,1.0
8,27,5,1,54.0,48.14213562373095,26.06090737333676,0.5413325984751375,22,2,1.0
8,27,5,2,54.0,48.14213562373095,26.428581444069515,0.5489698598049302,22,2,1.0
8,27,5,3,54.0,46.97056274847714,27.147581944092217,0.5779701233188308,21,2,1.0
8,27,5,4,54.0,46.97056274847714,25.473843383933495,0.542336346284448,21,2,1.0
8,27,5,5,54.0,46.97056274847714,26.45402903429241,0.5632044303141778,21,2,1.0
8,27,5,6,54.0,46.97056274847714,24.881418347063374,0.5297236586306403,21,2,1.0
8,27,5,7,54.0,46.97056274847714,25.87555792243232,0.5508888207491456,21,2,1.0
9,27,0,0,54.0,48.14213562373095,26.91664037283545,0.5591077342976719,22,2,1.0
9,27,0,1,54.0,45.798989873223334,27.050913321329716,0.5906443219863502,20,2,1.0
9,27,0,2,54.0,49.31370849898476,25.38450732216073,0.5147555942316391,23,2,1.0
9,27,0,3,54.0,45.798989873223334,27.049425854168053,0.5906118438210941,20,2,1.0
9,27,0,4,54.0,48.14213562373095,29.821321912538163,0.6194432699374929,22,2,1.0
9,27,0,5,54.0,46.97056274847714,23.938823650912838,0.5096558833902617,21,2,1.0
9,27,0,6,54.0,45.798989873223334,26.09355667861672,0.5697408774919833,20,2,1.0
9,27,0,7,54.0,48.14213562373095,25.475589906562963,0.5291744866840753,22,2,1.0
9,27,0,8,54.0,48.14213562373095,26.638724498719455,0.5533349144899232,22,2,1.0
9,27,1,0,54.0,45.798989873223334,25.590549907070255,0.5587579546603042,20,2,1.0
9,27,1,1,54.0,46.97056274847714,22.97125777674154,0.4890564735140692,21,2,1.0
9,27,1,2,54.0,46.97056274847714,26.474322262990825,0.5636364717356758,21,2,1.0
9,27,1,3,54.0,45.798989873223334,25.39254125657306,0.5544345263260702,20,2,1.0
9,27,1,4,54.0,48.14213562373095,27.658461208279938,0.5745167066216753,22,2,1.0
9,27,1,5,54.0,48.14213562373095,24.506043047579915,0.5090352293282981,22,2,1.0
9,27,1,6,54.0,46.97056274847714,23.419302037068768,0.49859530452034145,21,2,1.0
9,27,1,7,54.0,45.798989873223334,26.213092375289136,0.5723508847651416,20,2,1.0
9,27,1,8,54.0,48.14213562373095,26.848627180531864,0.5576949761924819,22,2,1.0
9,27,2,0,54.0,49.31370849898476,25.418175692959814,0.5154383328011745,23,2,1.0
9,27,2,1,54.0,46.97056274847714,22.406006343643206,0.4770223099864743,21,2,1.0
9,27,2,2,54.0,46.97056274847714,24.63864911210652,0.5245551185759498,21,2,1.0
9,27,2,3,54.0,48.14213562373095,24.903185268749645,0.5172845979120625,22,2,1.0
9,27,2,4,54.0,46.97056274847714,27.374655735155716,0.5828045084693656,21,2,1.0
9,27,2,5,54.0,48.14213562373095,26.572530461080426,0.5519599435464573,22,2,1.0
9,27,2,6,54.0,46.97056274847714,25.652126564017912,0.5461319827352844,21,2,1.0
9,27,2,7,54.0,50.48528137423857,26.885469863845852,0.5325407550875781,24,2,1.0
9,27,2,8,54.0,46.97056274847714,26.56111207498255,0.565484220770672,21,2,1.0
9,27,3,0,54.0,48.14213562373095,24.68364827917668,0.512724414057968,22,2,1.0
9,27,3,1,54.0,48.14213562373095,26.72318923697171,0.5550894012229676,22,2,1.0
9,27,3,2,54.0,46.97056274847714,28.46612971774154,0.6060419133186659,21,2,1.0
9,27,3,3,54.0,49.31370849898476,27.79347059159472,0.5636053632463459,23,2,1.0
9,27,3,4,54.0,48.14213562373095,28.779832644943664,0.597809637484322,22,2,1.0
9,27,3,5,54.0,46.97056274847714,27.385963587295933,0.5830452518515723,21,2,1.0
9,27,3,6,54.0,46.97056274847714,26.921702534349485,0.5731611664631872,21,2,1.0
9,27,3,7,54.0,46.97056274847714,27.260692526261085,0.5803782397123807,21,2,1.0
9,27,3,8,54.0,48.14213562373095,22.2311349714834,0.46178123765088835,22,2,1.0
9,27,4,0,54.0,46.97056274847714,27.563340792626246,0.5868216001631765,21,2,1.0
9,27,4,1,54.0,46.97056274847714,23.474691789637266,0.4997745484835255,21,2,1.0
9,27,4,2,54.0,46.97056274847714,24.773893630634333,0.5274344649285161,21,2,1.0
9,27,4,3,54.0,46.97056274847714,25.355708995522875,0.5398212734069264,21,2,1.0
9,27,4,4,54.0,49.31370849898476,27.850062559893622,0.564752954251392,23,2,1.0
9,27,4,5,54.0,46.97056274847714,23.320068394864055,0.49648262720931796,21,2,1.0
9,27,4,6,54.0,46.97056274847714,26.687549656376355,0.5681760680468237,21,2,1.0
9,27,4,7,54.0,48.14213562373095,25.324125737792144,0.5260282995278879,22,2,1.0
9,27,4,8,54.0,48.14213562373095,28.109973820204853,0.5838954474289765,22,2,1.0
9,27,5,0,54.0,46.97056274847714,25.794098195693493,0.5491545488568748,21,2,1.0
9,27,5,1,54.0,46.97056274847714,28.061696250178056,0.5974315530441001,21,2,1.0
9,27,5,2,54.0,49.31370849898476,25.56682558079168,0.5184527053226596,23,2,1.0
9,27,5,3,54.0,49.31370849898476,24.880750068458973,0.5045402348714294,23,2,1.0
9,27,5,4,54.0,46.97056274847714,25.086194670854233,0.5340833322604287,21,2,1.0
9,27,5,5,54.0,48.14213562373095,23.595952570790153,0.4901309895184392,22,2,1.0
9,27,5,6,54.0,46.97056274847714,25.703558897219693,0.5472269735165786,21,2,1.0
9,27,5,7,54.0,46.97056274847714,26.212029819051118,0.5580522839254455,21,2,1.0
9,27,5,8,54.0,48.14213562373095,26.556614304858165,0.5516293359401255,22,2,1.0
10,27,0,0,54.0,46.97056274847714,26.39970146530425,0.5620478001652252,21,2,1.0
10,27,0,1,54.0,49.31370849898476,24.551050193178185,0.497854469689369,23,2,1.0
10,27,0,2,54.0,49.31370849898476,25.934466711806536,0.5259078560749585,23,2,1.0
10,27,0,3,54.0,46.97056274847714,28.354715007905956,0.6036699019286342,21,2,1.0
10,27,0,4,54.0,48.14213562373095,28.00871710373401,0.5817921606686582,22,2,1.0
10,27,0,5,54.0,46.97056274847714,26.738628396312222,0.5692635308521853,21,2,1.0
10,27,0,6,54.0,46.97056274847714,25.631037022012357,0.5456829878591002,21,2,1.0
10,27,0,7,54.0,48.14213562373095,29.700165616394344,0.6169266325973726,22,2,1.0
10,27,0,8,54.0,48.14213562373095,24.265469490814517,0.5040380775890053,22,2,1.0
10,27,0,9,54.0,48.14213562373095,29.674975623705407,0.6164033904860168,22,2,1.0
10,27,1,0,54.0,45.798989873223334,25.760376269351458,0.5624660356191048,20,2,1.0
10,27,1,1,54.0,48.14213562373095,25.88113538832981,0.5375984063235468,22,2,1.0
10,27,1,2,54.0,48.14213562373095,25.75921223925048,0.535065840048709,22,2,1.0
10,27,1,3,54.0,48.14213562373095,28.46878409177337,0.591348591476696,22,2,1.0
10,27,1,4,54.0,48.14213562373095,26.411857826902395,0.5486224797614309,22,2,1.0
10,27,1,5,54.0,48.14213562373095,25.890455842345677,0.5377920091601288,22,2,1.0
10,27,1,6,54.0,48.14213562373095,27.996084525304774,0.5815297589645051,22,2,1.0
10,27,1,7,54.0,45.798989873223334,25.881095976450354,0.5651018952184773,20,2,1.0
10,27,1,8,54.0,48.14213562373095,27.1760216632766,0.5644955569831552,22,2,1.0
10,27,1,9,54.0,49.31370849898476,23.75077489031358,0.48162621739962114,23,2,1.0
10,27,2,0,54.0,48.14213562373095,28.184358285184544,0.5854405484930644,22,2,1.0
10,27,2,1,54.0,50.48528137423857,26.373458275033116,0.5223989558368761,24,2,1.0
10,27,2,2,54.0,48.14213562373095,26.64252609256021,0.5534138805306172,22,2,1.0
10,27,2,3,54.0,46.97056274847714,24.821361465599637,0.5284450518192777,21,2,1.0
10,27,2,4,54.0,46.97056274847714,24.281737041814303,0.5169564855298983,21,2,1.0
10,27,2,5,54.0,46.97056274847714,25.419719117269327,0.5411840444277725,21,2,1.0
10,27,2,6,54.0,45.798989873223334,23.584699618294152,0.5149611308803799,20,2,1.0
10,27,2,7,54.0,45.798989873223334,28.895186958588997,0.6309131934694208,20,2,1.0
10,27,2,8,54.0,48.14213562373095,26.47493068502967,0.5499326181113421,22,2,1.0
10,27,2,9,54.0,46.97056274847714,25.43908882483508,0.5415964241488644,21,2,1.0
10,27,3,0,54.0,49.31370849898476,27.64551379476319,0.560605045457742,23,2,1.0
10,27,3,1,54.0,46.97056274847714,26.70419366502924,0.5685304178284522,21,2,1.0
10,27,3,2,54.0,48.14213562373095,26.061100125543618,0.5413366022901814,22,2,1.0
10,27,3,3,54.0,48.14213562373095,27.121658472799965,0.5633663343225419,22,2,1.0
10,27,3,4,54.0,49.31370849898476,25.82371116629455,0.5236619177976889,23,2,1.0
10,27,3,5,54.0,49.31370849898476,25.934404933217227,0.5259066033079047,23,2,1.0
10,27,3,6,54.0,46.97056274847714,24.319551825850944,0.5177615596406586,21,2,1.0
10,27,3,7,54.0,46.97056274847714,24.785854682785875,0.5276891148933375,21,2,1.0
10,27,3,8,54.0,48.14213562373095,26.03391812333217,0.5407719825063003,22,2,1.0
10,27,3,9,54.0,48.14213562373095,28.34289904944301,0.5887337294499208,22,2,1.0
10,27,4,0,54.0,46.97056274847714,26.528395725093503,0.564787691966786,21,2,1.0
10,27,4,1,54.0,46.97056274847714,24.843208699530233,0.5289101779036209,21,2,1.0
10,27,4,2,54.0,48.14213562373095,24.50646512997504,0.5090439967498023,22,2,1.0
10,27,4,3,54.0,48.14213562373095,26.267143804315413,0.5456165054582127,22,2,1.0
10,27,4,4,54.0,48.14213562373095,26.027074992920767,0.5406298382012598,22,2,1.0
10,27,4,5,54.0,48.14213562373095,26.600822659351795,0.5525476241282349,22,2,1.0
10,27,4,6,54.0,46.97056274847714,27.27405785275035,0.580662786579763,21,2,1.0
10,27,4,7,54.0,48.14213562373095,25.75300447191846,0.5349368933941496,22,2,1.0
10,27,4,8,54.0,48.14213562373095,26.793420909538007,0.5565482412111894,22,2,1.0
10,27,4,9,54.0,46.97056274847714,24.173899732271373,0.5146606367422142,21,2,1.0
10,27,5,0,54.0,46.97056274847714,25.648700688086933,0.5460590460760129,21,2,1.0
10,27,5,1,54.0,46.97056274847714,26.40261165687292,0.5621097579404439,21,2,1.0
10,27,5,2,54.0,48.14213562373095,25.22451315588542,0.523959164442455,22,2,1.0
10,27,5,3,54.0,48.14213562373095,25.354424978530673,0.5266576700438812,22,2,1.0
10,27,5,4,54.0,46.97056274847714,28.032208251727777,0.5968037556168437,21,2,1.0
10,27,5,5,54.0,46.97056274847714,25.8571113586778,0.5504960946953127,21,2,1.0
10,27,5,6,54.0,48.14213562373095,26.188371815807848,0.5439802675247062,22,2,1.0
10,27,5,7,54.0,49.31370849898476,29.396605184547504,0.5961142667895826,23,2,1.0
10,27,5,8,54.0,48.14213562373095,26.50786306324151,0.5506166836972403,22,2,1.0
10,27,5,9,54.0,45.798989873223334,27.593470346837698,0.6024908065269446,20,2,1.0
1,28,0,0,56.0,47.798989873223334,29.81431297415981,0.6237435781223817,21,2,1.0
1,28,1,0,56.0,48.97056274847714,25.90008539879709,0.5288909080303047,22,2,1.0
1,28,2,0,56.0,50.14213562373095,28.765491225941222,0.5736790200122085,23,2,1.0
1,28,3,0,56.0,52.48528137423857,24.704222218101126,0.47068857346788917,25,2,1.0
1,28,4,0,56.0,48.97056274847714,24.457186895172292,0.49942629862739013,22,2,1.0
1,28,5,0,56.0,47.798989873223334,24.876762091579188,0.5204453516185074,21,2,1.0
2,28,0,0,56.0,50.14213562373095,27.74108064704715,0.5532488854327542,23,2,1.0
2,28,0,1,56.0,47.798989873223334,25.61708023818221,0.5359335062545479,21,2,1.0
2,28,1,0,56.0,50.14213562373095,29.92818146334693,0.5968669082611374,23,2,1.0
2,28,1,1,56.0,47.798989873223334,26.650663310001036,0.5575570400271274,21,2,1.0
2,28,2,0,56.0,50.14213562373095,24.254277767559948,0.4837105054632144,23,2,1.0
2,28,2,1,56.0,51.31370849898476,25.60860874549172,0.4990597930765106,24,2,1.0
2,28,3,0,56.0,51.31370849898476,27.921266965387208,0.5441288065535086,24,2,1.0
2,28,3,1,56.0,48.97056274847714,26.693828178223548,0.5450994777276407,22,2,1.0
2,28,4,0,56.0,47.798989873223334,27.082334775430596,0.5665880146685262,21,2,1.0
2,28,4,1,56.0,48.97056274847714,26.70864676619353,0.5454020796815144,22,2,1.0
2,28,5,0,56.0,50.14213562373095,29.90522021864067,0.5964089851108639,23,2,1.0
2,28,5,1,56.0,50.14213562373095,26.51758959686821,0.52884842791415,23,2,1.0
3,28,0,0,56.0,50.14213562373095,24.41416059148152,0.48689909769074413,23,2,1.0
3,28,0,1,56.0,50.14213562373095,27.718404323427933,0.5527966445511655,23,2,1.0
3,28,0,2,56.0,48.97056274847714,30.070789375263864,0.6140584810044681,22,2,1.0
3,28,1,0,56.0,48.97056274847714,26.81784834021434,0.5476320228941683,22,2,1.0
3,28,1,1,56.0,47.798989873223334,25.549000736982123,0.5345092188087116,21,2,1.0
3,28,1,2,56.0,48.97056274847714,24.749811357696718,0.5054018162874057,22,2,1.0
3,28,2,0,56.0,50.14213562373095,24.578793113560806,0.4901824146063757,23,2,1.0
3,28,2,1,56.0,48.97056274847714,25.37736539582515,0.5182167402520674,22,2,1.0
3,28,2,2,56.0,47.798989873223334,25.905066572416715,0.5419584522837072,21,2,1.0
3,28,3,0,56.0,48.97056274847714,25.849458319241954,0.5278570812430741,22,2,1.0
3,28,3,1,56.0,50.14213562373095,27.810248648033088,0.5546283241049516,23,2,1.0
3,28,3,2,56.0,51.31370849898476,29.466127914538887,0.5742350100289842,24,2,1.0
3,28,4,0,56.0,48.97056274847714,25.28647195260085,0.5163606569619662,22,2,1.0
3,28,4,1,56.0,51.31370849898476,26.53315133240839,0.5170772510611535,24,2,1.0
3,28,4,2,56.0,47.798989873223334,25.539172460756767,0.5343036019902093,21,2,1.0
3,28,5,0,56.0,48.97056274847714,27.136914256092407,0.5541474864292079,22,2,1.0
3,28,5,1,56.0,47.798989873223334,27.992754132025524,0.5856348472273234,21,2,1.0
3,28,5,2,56.0,48.97056274847714,29.7376467741653,0.6072555654894952,22,2,1.0
4,28,0,0,56.0,47.798989873223334,28.274308841783153,0.5915252375996805,21,2,1.0
4,28,0,1,56.0,48.97056274847714,25.935634288777656,0.5296168316869952,22,2,1.0
4,28,0,2,56.0,48.97056274847714,25.745397974394866,0.5257321241462655,22,2,1.0
4,28,0,3,56.0,47.798989873223334,26.046498222106116,0.544917335935109,21,2,1.0
4,28,1,0,56.0,50.14213562373095,28.76291991900041,0.5736277396487213,23,2,1.0
4,28,1,1,56.0,48.97056274847714,27.297391314962518,0.5574244971446932,22,2,1.0
4,28,1,2,56.0,47.798989873223334,28.84005821756672,0.6033612487221769,21,2,1.0
4,28,1,3,56.0,48.97056274847714,25.18426983106738,0.5142736455862057,22,2,1.0
4,28,2,0,56.0,50.14213562373095,25.0810778683123,0.500199633627932,23,2,1.0
4,28,2,1,56.0,48.97056274847714,25.621767922765073,0.5232075452014658,22,2,1.0
4,28,2,2,56.0,50.14213562373095,26.29395533620176,0.5243884212174944,23,2,1.0
4,28,2,3,56.0,50.14213562373095,23.525570192580698,0.4691776666458272,23,2,1.0
4,28,3,0,56.0,50.14213562373095,24.97030324837043,0.4979904213842987,23,2,1.0
4,28,3,1,56.0,50.14213562373095,25.381437408231378,0.5061897961166818,23,2,1.0
4,28,3,2,56.0,48.97056274847714,24.677152200657723,0.5039180849810658,22,2,1.0
4,28,3,3,56.0,48.97056274847714,30.055930250429252,0.6137550512703454,22,2,1.0
4,28,4,0,56.0,48.97056274847714,27.11792449675128,0.5537597073579592,22,2,1.0
4,28,4,1,56.0,50.14213562373095,23.339339360841308,0.4654636080118497,23,2,1.0
4,28,4,2,56.0,51.31370849898476,25.821679755114296,0.5032121144708374,24,2,1.0
4,28,4,3,56.0,50.14213562373095,26.54796123518189,0.5294541388184798,23,2,1.0
4,28,5,0,56.0,48.97056274847714,25.665529931196943,0.5241011842771824,22,2,1.0
4,28,5,1,56.0,47.798989873223334,24.688712793016723,0.5165111827362522,21,2,1.0
4,28,5,2,56.0,48.97056274847714,25.777805758474905,0.5263939050664989,22,2,1.0
4,28,5,3,56.0,50.14213562373095,28.517494319589062,0.5687331415954386,23,2,1.0
5,28,0,0,56.0,52.48528137423857,23.846488142573016,0.4543461998905778,25,2,1.0
5,28,0,1,56.0,48.97056274847714,25.465378254041035,0.5200140007546257,22,2,1.0
5,28,0,2,56.0,50.14213562373095,24.71226676228583,0.49284432054765065,23,2,1.0
5,28,0,3,56.0,50.14213562373095,24.980515588428,0.49819408921636316,23,2,1.0
5,28,0,4,56.0,47.798989873223334,29.4158727178583,0.6154078317528813,21,2,1.0
5,28,1,0,56.0,48.97056274847714,24.158525863590317,0.49332751162516675,22,2,1.0
5,28,1,1,56.0,51.31370849898476,25.673272918003057,0.500319966515595,24,2,1.0
5,28,1,2,56.0,47.798989873223334,27.533017270166972,0.5760167179932557,21,2,1.0
5,28,1,3,56.0,48.97056274847714,24.9845959546859,0.510196218961418,22,2,1.0
5,28,1,4,56.0,48.97056274847714,29.229404883759827,0.5968770470106306,22,2,1.0
5,28,2,0,56.0,47.798989873223334,25.828759134763317,0.5403620286384422,21,2,1.0
5,28,2,1,56.0,47.798989873223334,26.669513796369877,0.5579514100006108,21,2,1.0
5,28,2,2,56.0,48.97056274847714,26.232448033151798,0.5356778962881646,22,2,1.0
5,28,2,3,56.0,50.14213562373095,29.914306901862584,0.5965902036231766,23,2,1.0
5,28,2,4,56.0,47.798989873223334,28.94410721146687,0.6055380519177281,21,2,1.0
5,28,3,0,56.0,48.97056274847714,27.002249250254074,0.551397568962872,22,2,1.0
5,28,3,1,56.0,50.14213562373095,27.434082909249376,0.5471263353263627,23,2,1.0
5,28,3,2,56.0,47.798989873223334,27.619657636177166,0.5778293162561058,21,2,1.0
5,28,3,3,56.0,47.798989873223334,27.393210351298546,0.5730918252447011,21,2,1.0
5,28,3,4,56.0,47.798989873223334,24.304276162958296,0.5084684054499944,21,2,1.0
5,28,4,0,56.0,48.97056274847714,25.713965170532347,0.5250902527423372,22,2,1.0
5,28,4,1,56.0,48.97056274847714,25.784530455816345,0.5265312262848802,22,2,1.0
5,28,4,2,56.0,50.14213562373095,23.29257544779616,0.46453098094155365,23,2,1.0
5,28,4,3,56.0,50.14213562373095,25.915027811684226,0.5168313532983889,23,2,1.0
5,28,4,4,56.0,51.31370849898476,29.42555730101352,0.5734443711390632,24,2,1.0
5,28,5,0,56.0,50.14213562373095,27.80819144245094,0.5545872966226444,23,2,1.0
5,28,5,1,56.0,48.97056274847714,24.916059618258373,0.508796677429099,22,2,1.0
5,28,5,2,56.0,50.14213562373095,26.776137166724787,0.5340047214513206,23,2,1.0
5,28,5,3,56.0,50.14213562373095,24.989377455738932,0.49837082415596434,23,2,1.0
5,28,5,4,56.0,47.798989873223334,27.55366632039697,0.5764487156209204,21,2,1.0
6,28,0,0,56.0,51.31370849898476,27.557374580987698,0.5370372827669028,24,2,1.0
6,28,0,1,56.0,47.798989873223334,27.32916054662799,0.5717518428551059,21,2,1.0
6,28,0,2,56.0,48.97056274847714,25.117475453332112,0.5129096756012509,22,2,1.0
6,28,0,3,56.0,48.97056274847714,26.594207917374177,0.543065189059956,22,2,1.0
6,28,0,4,56.0,47.798989873223334,27.879965115899534,0.5832751945144703,21,2,1.0
6,28,0,5,56.0,47.798989873223334,24.700338977802623,0.516754413499428,21,2,1.0
6,28,1,0,56.0,50.14213562373095,24.36206524345674,0.4858601441763645,23,2,1.0
6,28,1,1,56.0,51.31370849898476,28.05746019971965,0.5467829361870185,24,2,1.0
6,28,1,2,56.0,51.31370849898476,26.109393713322497,0.5088190753907228,24,2,1.0
6,28,1,3,56.0,48.97056274847714,27.48966637031345,0.5613508366547882,22,2,1.0
6,28,1,4,56.0,48.97056274847714,26.055152904105224,0.5320574533302759,22,2,1.0
6,28,1,5,56.0,48.97056274847714,25.04443099990078,0.5114180763764982,22,2,1.0
6,28,2,0,56.0,47.798989873223334,25.358882503109328,0.5305317658462737,21,2,1.0
6,28,2,1,56.0,47.798989873223334,25.354538499710205,0.5304408851935518,21,2,1.0
6,28,2,2,56.0,48.97056274847714,25.369823145961043,0.5180627242587686,22,2,1.0
6,28,2,3,56.0,48.97056274847714,25.06900450890798,0.5119198780227936,22,2,1.0
6,28,2,4,56.0,50.14213562373095,28.0967746384201,0.560342599869692,23,2,1.0
6,28,2,5,56.0,48.97056274847714,28.39513741654534,0.5798409457205667,22,2,1.0
6,28,3,0,56.0,47.798989873223334,27.87424423994546,0.5831555083878545,21,2,1.0
6,28,3,1,56.0,50.14213562373095,28.164153108822454,0.5616863493842313,23,2,1.0
6,28,3,2,56.0,51.31370849898476,27.358606912093126,0.5331637044442893,24,2,1.0
6,28,3,3,56.0,48.97056274847714,26.52668154278531,0.5416862713837247,22,2,1.0
6,28,3,4,56.0,48.97056274847714,28.434952542566677,0.5806539877561634,22,2,1.0
6,28,3,5,56.0,47.798989873223334,25.828816216019646,0.5403632228322208,21,2,1.0
6,28,4,0,56.0,50.14213562373095,27.98050775520756,0.5580238537340066,23,2,1.0
6,28,4,1,56.0,48.97056274847714,27.506623976457885,0.5616971182818042,22,2,1.0
6,28,4,2,56.0,51.31370849898476,22.904608633062992,0.44636432062820325,24,2,1.0
6,28,4,3,56.0,47.798989873223334,24.747485915183734,0.5177407719456244,21,2,1.0
6,28,4,4,56.0,47.798989873223334,25.47279359847916,0.5329148935163762,21,2,1.0
6,28,4,5,56.0,52.48528137423857,27.521739856240004,0.524370626118974,25,2,1.0
6,28,5,0,56.0,50.14213562373095,26.28536659497694,0.5242171333152544,23,2,1.0
6,28,5,1,56.0,50.14213562373095,26.246560207281107,0.523443205615265,23,2,1.0
6,28,5,2,56.0,48.97056274847714,28.67445792620822,0.5855447909285036,22,2,1.0
6,28,5,3,56.0,50.14213562373095,27.393862349747586,0.5463242043640198,23,2,1.0
6,28,5,4,56.0,51.31370849898476,27.735712898989853,0.54051273451691,24,2,1.0
6,28,5,5,56.0,48.97056274847714,25.318662147057722,0.5170179946083031,22,2,1.0
7,28,0,0,56.0,50.14213562373095,27.022911875017222,0.5389262251970773,23,2,1.0
7,28,0,1,56.0,50.14213562373095,23.44065699148889,0.46748421661551737,23,2,1.0
7,28,0,2,56.0,51.31370849898476,27.29142149242745,0.5318543970168792,24,2,1.0
7,28,0,3,56.0,50.14213562373095,23.29320631751564,0.46454356256999113,23,2,1.0
7,28,0,4,56.0,48.97056274847714,27.41340101911257,0.5597934653092189,22,2,1.0
7,28,0,5,56.0,47.798989873223334,26.02784189456531,0.544527027947633,21,2,1.0
7,28,0,6,56.0,51.31370849898476,28.3361767728954,0.552214556339385,24,2,1.0
7,28,1,0,56.0,47.798989873223334,26.423337032359626,0.5528011596571792,21,2,1.0
7,28,1,1,56.0,50.14213562373095,29.905097834099184,0.5964065443583917,23,2,1.0
7,28,1,2,56.0,50.14213562373095,24.798588977402062,0.4945658709770938,23,2,1.0
7,28,1,3,56.0,51.31370849898476,24.29741614859578,0.4735073113859331,24,2,1.0
7,28,1,4,56.0,50.14213562373095,23.586537560498705,0.47039355757587276,23,2,1.0
7,28,1,5,56.0,48.97056274847714,25.970195691021644,0.5303225904184499,22,2,1.0
7,28,1,6,56.0,48.97056274847714,30.27330847668015,0.6181940083508959,22,2,1.0
7,28,2,0,56.0,47.798989873223334,28.556100708076812,0.5974205895106948,21,2,1.0
7,28,2,1,56.0,50.14213562373095,26.77582803577586,0.5339985563579299,23,2,1.0
7,28,2,2,56.0,48.97056274847714,28.05220692188697,0.5728381572000482,22,2,1.0
7,28,2,3,56.0,48.97056274847714,25.401398825252812,0.5187075132405484,22,2,1.0
7,28,2,4,56.0,48.97056274847714,32.08087937984724,0.6551053853438691,22,2,1.0
7,28,2,5,56.0,48.97056274847714,30.245777416043406,0.6176318122254777,22,2,1.0
7,28,2,6,56.0,50.14213562373095,27.794568395821912,0.5543156080226362,23,2,1.0
7,28,3,0,56.0,51.31370849898476,24.096246705892796,0.46958692736794766,24,2,1.0
7,28,3,1,56.0,51.31370849898476,26.187381506114807,0.5103388991390658,24,2,1.0
7,28,3,2,56.0,50.14213562373095,29.619375426056287,0.5907082946829695,23,2,1.0
7,28,3,3,56.0,50.14213562373095,25.843277681863356,0.5154004184383486,23,2,1.0
7,28,3,4,56.0,50.14213562373095,30.453018123879616,0.6073338868611533,23,2,1.0
7,28,3,5,56.0,50.14213562373095,25.948468520668058,0.5174982716210302,23,2,1.0
7,28,3,6,56.0,48.97056274847714,24.92758492811334,0.5090320292243021,22,2,1.0
7,28,4,0,56.0,47.798989873223334,28.80061200285094,0.602535996665169,21,2,1.0
7,28,4,1,56.0,48.97056274847714,27.90733356807676,0.5698797808678359,22,2,1.0
7,28,4,2,56.0,47.798989873223334,25.9510124525804,0.5429196834788758,21,2,1.0
7,28,4,3,56.0,48.97056274847714,28.829001151028656,0.5887006301949259,22,2,1.0
7,28,4,4,56.0,48.97056274847714,25.43506746133145,0.5193950413020813,22,2,1.0
7,28,4,5,56.0,50.14213562373095,28.084262183655127,0.5600930601440834,23,2,1.0
7,28,4,6,56.0,51.31370849898476,22.830263798239265,0.4449154907346243,24,2,1.0
7,28,5,0,56.0,50.14213562373095,24.67628716857052,0.4921267684675937,23,2,1.0
7,28,5,1,56.0,50.14213562373095,26.9390755279277,0.5372542511966352,23,2,1.0
7,28,5,2,56.0,50.14213562373095,26.321269056518055,0.5249331471246887,23,2,1.0
7,28,5,3,56.0,51.31370849898476,31.320371137659343,0.610370445906848,24,2,1.0
7,28,5,4,56.0,51.31370849898476,28.530727182575546,0.5560059488419167,24,2,1.0
7,28,5,5,56.0,47.798989873223334,25.58329815860838,0.5352267532527913,21,2,1.0
7,28,5,6,56.0,48.97056274847714,26.74501739456953,0.5461447835904485,22,2,1.0
8,28,0,0,56.0,50.14213562373095,27.867392831749115,0.5557679680990734,23,2,1.0
8,28,0,1,56.0,50.14213562373095,27.393435459486028,0.5463156907605156,23,2,1.0
8,28,0,2,56.0,48.97056274847714,30.163370427169518,0.6159490259912833,22,2,1.0
8,28,0,3,56.0,50.14213562373095,25.9186542377049,0.5169036762255153,23,2,1.0
8,28,0,4,56.0,48.97056274847714,27.109050272122808,0.5535784918658266,22,2,1.0
8,28,0,5,56.0,47.798989873223334,25.145533679644238,0.5260683070152199,21,2,1.0
8,28,0,6,56.0,50.14213562373095,26.37178528312995,0.5259406077360789,23,2,1.0
8,28,0,7,56.0,48.97056274847714,26.38501640651074,0.5387934082364868,22,2,1.0
8,28,1,0,56.0,50.14213562373095,26.13895117048157,0.5212971255677967,23,2,1.0
8,28,1,1,56.0,48.97056274847714,28.315771038890837,0.5782202500781224,22,2,1.0
8,28,1,2,56.0,48.97056274847714,24.46494288132569,0.4995846792078469,22,2,1.0
8,28,1,3,56.0,47.798989873223334,25.996173146807607,0.5438644878428798,21,2,1.0
8,28,1,4,56.0,47.798989873223334,26.6768529932408,0.5581049529288272,21,2,1.0
8,28,1,5,56.0,50.14213562373095,26.617871004089906,0.5308483707960051,23,2,1.0
8,28,1,6,56.0,48.97056274847714,27.85332710953751,0.5687769457050741,22,2,1.0
8,28,1,7,56.0,50.14213562373095,25.64108981019109,0.5113681236595722,23,2,1.0
8,28,2,0,56.0,50.14213562373095,29.67584785251824,0.5918345416160026,23,2,1.0
8,28,2,1,56.0,48.97056274847714,25.028375338955286,0.5110902128592264,22,2,1.0
8,28,2,2,56.0,50.14213562373095,25.008912006389956,0.49876040769499846,23,2,1.0
8,28,2,3,56.0,47.798989873223334,25.821096270793902,0.5402017142889185,21,2,1.0
8,28,2,4,56.0,48.97056274847714,24.90655982119037,0.5086026874780992,22,2,1.0
8,28,2,5,56.0,47.798989873223334,26.49514790924884,0.5543035110056005,21,2,1.0
8,28,2,6,56.0,50.14213562373095,27.812069189587348,0.5546646317239154,23,2,1.0
8,28,2,7,56.0,48.97056274847714,27.171263644770875,0.5548489157522665,22,2,1.0
8,28,3,0,56.0,50.14213562373095,25.70702885059145,0.5126831661798025,23,2,1.0
8,28,3,1,56.0,50.14213562373095,26.585558282429737,0.5302039482707532,23,2,1.0
8,28,3,2,56.0,50.14213562373095,26.722289632474173,0.5329308235492709,23,2,1.0
8,28,3,3,56.0,48.97056274847714,25.182381291992954,0.5142350808042544,22,2,1.0
8,28,3,4,56.0,48.97056274847714,26.6659367492431,0.544529922725308,22,2,1.0
8,28,3,5,56.0,48.97056274847714,24.220085754451414,0.4945845911318345,22,2,1.0
8,28,3,6,56.0,50.14213562373095,26.732441260534202,0.5331332805833352,23,2,1.0
8,28,3,7,56.0,51.31370849898476,28.23423934198017,0.550228002767307,24,2,1.0
8,28,4,0,56.0,51.31370849898476,31.215587761796566,0.6083284306456659,24,2,1.0
8,28,4,1,56.0,50.14213562373095,26.215624488379184,0.5228262450786404,23,2,1.0
8,28,4,2,56.0,50.14213562373095,27.066344614671415,0.5397924176540584,23,2,1.0
8,28,4,3,56.0,48.97056274847714,27.20522742211014,0.5555424707255616,22,2,1.0
8,28,4,4,56.0,47.798989873223334,29.29282836168077,0.6128336276430479,21,2,1.0
8,28,4,5,56.0,48.97056274847714,28.58143370601946,0.5836451962543205,22,2,1.0
8,28,4,6,56.0,50.14213562373095,26.754771430862284,0.5335786180236001,23,2,1.0
8,28,4,7,56.0,47.798989873223334,28.858941034159137,0.6037562950744638,21,2,1.0
8,28,5,0,56.0,52.48528137423857,27.221579247685824,0.518651677859672,25,2,1.0
8,28,5,1,56.0,47.798989873223334,26.989965283505697,0.5646555576820942,21,2,1.0
8,28,5,2,56.0,50.14213562373095,26.319945699360236,0.5249067550067353,23,2,1.0
8,28,5,3,56.0,47.798989873223334,28.889059919553105,0.6043864105951862,21,2,1.0
8,28,5,4,56.0,47.798989873223334,26.941696434267254,0.5636457277805321,21,2,1.0
8,28,5,5,56.0,48.97056274847714,32.672843519675624,0.66719354824428,22,2,1.0
8,28,5,6,56.0,47.798989873223334,23.217210188056555,0.48572595884631187,21,2,1.0
8,28,5,7,56.0,50.14213562373095,26.169679084058117,0.5219099417790394,23,2,1.0
9,28,0,0,56.0,48.97056274847714,26.99563857222111,0.5512625760679175,22,2,1.0
9,28,0,1,56.0,51.31370849898476,26.64688695673794,0.519293727469827,24,2,1.0
9,28,0,2,56.0,48.97056274847714,28.281082541915307,0.5775118960174657,22,2,1.0
9,28,0,3,56.0,48.97056274847714,26.461952068129598,0.5403644676097273,22,2,1.0
9,28,0,4,56.0,50.14213562373095,24.24855431972729,0.48359636098648917,23,2,1.0
9,28,0,5,56.0,50.14213562373095,26.99164439401593,0.538302648227083,23,2,1.0
9,28,0,6,56.0,50.14213562373095,27.865600189482326,0.5557322168841622,23,2,1.0
9,28,0,7,56.0,47.798989873223334,26.722111735353092,0.5590518085471642,21,2,1.0
9,28,0,8,56.0,48.97056274847714,24.449275691491525,0.49926474843811824,22,2,1.0
9,28,1,0,56.0,50.14213562373095,24.705678613998302,0.4927129310843664,23,2,1.0
9,28,1,1,56.0,47.798989873223334,25.7261931907805,0.5382162522474588,21,2,1.0
9,28,1,2,56.0,47.798989873223334,25.80366707118464,0.5398370789764257,21,2,1.0
9,28,1,3,56.0,48.97056274847714,27.254720901253584,0.5565531489037491,22,2,1.0
9,28,1,4,56.0,50.14213562373095,26.05294061657775,0.5195817906935655,23,2,1.0
9,28,1,5,56.0,51.31370849898476,26.228476134814606,0.511139750020865,24,2,1.0
9,28,1,6,56.0,48.97056274847714,26.516598982210596,0.5414803811507188,22,2,1.0
9,28,1,7,56.0,48.97056274847714,26.77764623733256,0.5468110786242757,22,2,1.0
9,28,1,8,56.0,51.31370849898476,24.037491756421765,0.46844191268883534,24,2,1.0
9,28,2,0,56.0,50.14213562373095,23.08573673807004,0.46040593307206823,23,2,1.0
9,28,2,1,56.0,48.97056274847714,27.482341808378855,0.5612012659428441,22,2,1.0
9,28,2,2,56.0,51.31370849898476,25.711659467672575,0.501068042435118,24,2,1.0
9,28,2,3,56.0,48.97056274847714,26.672610745472486,0.5446662086051265,22,2,1.0
9,28,2,4,56.0,48.97056274847714,28.423517781611203,0.5804204850085187,22,2,1.0
9,28,2,5,56.0,50.14213562373095,25.607237634391964,0.5106929993279491,23,2,1.0
9,28,2,6,56.0,48.97056274847714,25.654161576910262,0.5238690375823389,22,2,1.0
9,28,2,7,56.0,48.97056274847714,25.101857267531102,0.5125907455150024,22,2,1.0
9,28,2,8,56.0,47.798989873223334,29.098104301184915,0.6087598164388297,21,2,1.0
9,28,3,0,56.0,48.97056274847714,25.68081979265333,0.5244134098387901,22,2,1.0
9,28,3,1,56.0,47.798989873223334,26.063810902945825,0.5452795335649256,21,2,1.0
9,28,3,2,56.0,47.798989873223334,27.149102080129076,0.5679848497245716,21,2,1.0
9,28,3,3,56.0,48.97056274847714,28.746003278439467,0.5870057778605657,22,2,1.0
9,28,3,4,56.0,48.97056274847714,26.647779472278394,0.5441591433030258,22,2,1.0
9,28,3,5,56.0,50.14213562373095,29.628838829232052,0.590897026236942,23,2,1.0
9,28,3,6,56.0,48.97056274847714,25.140030059388316,0.5133702503790424,22,2,1.0
9,28,3,7,56.0,48.97056274847714,25.0546359668771,0.511626466200988,22,2,1.0
9,28,3,8,56.0,47.798989873223334,25.119056945562114,0.525514388738864,21,2,1.0
9,28,4,0,56.0,50.14213562373095,25.93629828623506,0.517255556900534,23,2,1.0
9,28,4,1,56.0,52.48528137423857,29.239797651667303,0.5571047136658606,25,2,1.0
9,28,4,2,56.0,50.14213562373095,25.34605641779106,0.5054841821654569,23,2,1.0
9,28,4,3,56.0,48.97056274847714,27.283585366969163,0.557142573735639,22,2,1.0
9,28,4,4,56.0,48.97056274847714,25.356662064383844,0.5177939692999008,22,2,1.0
9,28,4,5,56.0,48.97056274847714,26.948103379568717,0.5502918869439933,22,2,1.0
9,28,4,6,56.0,52.48528137423857,27.881566409487824,0.531226387273842,25,2,1.0
9,28,4,7,56.0,50.14213562373095,28.746479275614316,0.5732998588518309,23,2,1.0
9,28,4,8,56.0,50.14213562373095,25.878428590824583,0.5161014438040211,23,2,1.0
9,28,5,0,56.0,48.97056274847714,26.84537886015743,0.5481942079783891,22,2,1.0
9,28,5,1,56.0,50.14213562373095,23.53659485599136,0.4693975348918348,23,2,1.0
9,28,5,2,56.0,51.31370849898476,26.38019172702314,0.5140963788954187,24,2,1.0
9,28,5,3,56.0,47.798989873223334,26.037460540233184,0.5447282590969394,21,2,1.0
9,28,5,4,56.0,48.97056274847714,26.8773383198607,0.5488468339215995,22,2,1.0
9,28,5,5,56.0,47.798989873223334,30.18420814628669,0.631482134378653,21,2,1.0
9,28,5,6,56.0,48.97056274847714,24.875059089880004,0.507959428966406,22,2,1.0
9,28,5,7,56.0,48.97056274847714,30.06368053082338,0.6139133153367383,22,2,1.0
9,28,5,8,56.0,48.97056274847714,25.502377361548977,0.5207695384783388,22,2,1.0
10,28,0,0,56.0,47.798989873223334,25.364882285694,0.5306572869629456,21,2,1.0
10,28,0,1,56.0,47.798989873223334,25.979472246606505,0.5435150892416667,21,2,1.0
10,28,0,2,56.0,48.97056274847714,26.698161563116443,0.5451879673150517,22,2,1.0
10,28,0,3,56.0,47.798989873223334,25.39811793762574,0.531352608182492,21,2,1.0
10,28,0,4,56.0,50.14213562373095,27.928976529306865,0.5569961506802837,23,2,1.0
10,28,0,5,56.0,51.31370849898476,26.41696793154326,0.5148130724573516,24,2,1.0
10,28,0,6,56.0,47.798989873223334,27.6728858949241,0.5789429016872647,21,2,1.0
10,28,0,7,56.0,47.798989873223334,26.70933202186795,0.5587844448744373,21,2,1.0
10,28,0,8,56.0,50.14213562373095,26.00731621319874,0.5186718892142712,23,2,1.0
10,28,0,9,56.0,50.14213562373095,24.367381352325722,0.48596616496711964,23,2,1.0
10,28,1,0,56.0,48.97056274847714,27.292402786868514,0.5573226292507173,22,2,1.0
10,28,1,1,56.0,50.14213562373095,28.5656964947831,0.5696944523691909,23,2,1.0
10,28,1,2,56.0,48.97056274847714,25.01654178523872,0.5108485665915014,22,2,1.0
10,28,1,3,56.0,50.14213562373095,24.476074173216965,0.48813385925335584,23,2,1.0
10,28,1,4,56.0,50.14213562373095,26.979990855519674,0.5380702381322338,23,2,1.0
10,28,1,5,56.0,51.31370849898476,23.925068397564885,0.46625100967002303,24,2,1.0
10,28,1,6,56.0,48.97056274847714,24.62558567901482,0.5028650743814581,22,2,1.0
10,28,1,7,56.0,50.14213562373095,30.81903645167186,0.6146335027079705,23,2,1.0
10,28,1,8,56.0,50.14213562373095,26.117427693036383,0.5208678762512798,23,2,1.0
10,28,1,9,56.0,50.14213562373095,26.52481557131936,0.5289925377403722,23,2,1.0
10,28,2,0,56.0,48.97056274847714,24.712957261967706,0.5046492397667253,22,2,1.0
10,28,2,1,56.0,50.14213562373095,26.684963734496225,0.5321864217101063,23,2,1.0
10,28,2,2,56.0,47.798989873223334,25.579886821818064,0.5351553848661506,21,2,1.0
10,28,2,3,56.0,48.97056274847714,27.230064253709262,0.5560496495326889,22,2,1.0
10,28,2,4,56.0,52.48528137423857,25.249540822224432,0.48107850736640434,25,2,1.0
10,28,2,5,56.0,48.97056274847714,25.25754778003576,0.5157700128904728,22,2,1.0
10,28,2,6,56.0,48.97056274847714,27.185643745271747,0.5551425636030117,22,2,1.0
10,28,2,7,56.0,50.14213562373095,27.622263944861395,0.5508792874747143,23,2,1.0
10,28,2,8,56.0,48.97056274847714,29.101223515656198,0.5942595282215982,22,2,1.0
10,28,2,9,56.0,50.14213562373095,25.023424534593758,0.49904983549904547,23,2,1.0
10,28,3,0,56.0,51.31370849898476,24.982602159170163,0.4868601956466359,24,2,1.0
10,28,3,1,56.0,48.97056274847714,27.150782625776436,0.5544306845160923,22,2,1.0
10,28,3,2,56.0,51.31370849898476,26.509993293250517,0.5166259478941191,24,2,1.0
10,28,3,3,56.0,48.97056274847714,26.896219411644083,0.549232393954478,22,2,1.0
10,28,3,4,56.0,48.97056274847714,23.609788377588067,0.4821220556286597,22,2,1.0
10,28,3,5,56.0,48.97056274847714,27.154765088026103,0.554512008111864,22,2,1.0
10,28,3,6,56.0,47.798989873223334,27.502876619394886,0.5753861471202723,21,2,1.0
10,28,3,7,56.0,48.97056274847714,24.82776763518362,0.5069937170766063,22,2,1.0
10,28,3,8,56.0,47.798989873223334,26.287312876067045,0.5499554058733994,21,2,1.0
10,28,3,9,56.0,50.14213562373095,26.767311775358095,0.5338287139626704,23,2,1.0
10,28,4,0,56.0,50.14213562373095,25.158638061185556,0.501746440358608,23,2,1.0
10,28,4,1,56.0,50.14213562373095,25.8638176994612,0.5158100543132937,23,2,1.0
10,28,4,2,56.0,47.798989873223334,27.00446721436466,0.5649589517684008,21,2,1.0
10,28,4,3,56.0,48.97056274847714,27.05841651782346,0.5525445287774421,22,2,1.0
10,28,4,4,56.0,50.14213562373095,25.236250435586374,0.5032942877615033,23,2,1.0
10,28,4,5,56.0,48.97056274847714,28.423533798298088,0.5804208120761689,22,2,1.0
10,28,4,6,56.0,48.97056274847714,24.954077533384197,0.5095730196435246,22,2,1.0
10,28,4,7,56.0,48.97056274847714,25.436138010336983,0.5194169023742325,22,2,1.0
10,28,4,8,56.0,50.14213562373095,23.397769641446807,0.46662890103095767,23,2,1.0
10,28,4,9,56.0,50.14213562373095,26.005411141292992,0.5186338957805642,23,2,1.0
10,28,5,0,56.0,48.97056274847714,26.14563325196594,0.5339051010349887,22,2,1.0
10,28,5,1,56.0,47.798989873223334,27.43623002643458,0.5739918374677655,21,2,1.0
10,28,5,2,56.0,48.97056274847714,29.88561007299857,0.6102770398309939,22,2,1.0
10,28,5,3,56.0,47.798989873223334,24.288046518337026,0.5081288659604714,21,2,1.0
10,28,5,4,56.0,50.14213562373095,28.489976507166915,0.5681843454167389,23,2,1.0
10,28,5,5,56.0,47.798989873223334,27.673946109647233,0.5789650823803284,21,2,1.0
10,28,5,6,56.0,48.97056274847714,26.562465551682045,0.542416996270031,22,2,1.0
10,28,5,7,56.0,48.97056274847714,24.21697498811342,0.49452106794232226,22,2,1.0
10,28,5,8,56.0,50.14213562373095,24.898838937523607,0.49656518669977917,23,2,1.0
10,28,5,9,56.0,50.14213562373095,26.373528728687795,0.5259753778059245,23,2,1.0
1,29,0,0,58.0,52.14213562373095,25.35757052441971,0.486316301031578,24,2,1.0
1,29,1,0,58.0,53.31370849898476,25.0103054350382,0.46911584542115403,25,2,1.0
1,29,2,0,58.0,52.14213562373095,26.51758959686816,0.5085635499900673,24,2,1.0
1,29,3,0,58.0,52.14213562373095,29.540576829680298,0.5665394498386402,24,2,1.0
1,29,4,0,58.0,50.97056274847714,28.62716104175543,0.561641062960615,23,2,1.0
1,29,5,0,58.0,53.31370849898476,27.92301047750576,0.5237491681532057,25,2,1.0
2,29,0,0,58.0,50.97056274847714,28.312321696667908,0.5554641771639808,23,2,1.0
2,29,0,1,58.0,50.97056274847714,27.635629815320385,0.5421880459058903,23,2,1.0
2,29,1,0,58.0,52.14213562373095,27.862319264265025,0.5343532429382182,24,2,1.0
2,29,1,1,58.0,49.798989873223334,29.247650950037187,0.5873141407987373,22,2,1.0
2,29,2,0,58.0,50.97056274847714,26.74791256130488,0.5247717725483427,23,2,1.0
2,29,2,1,58.0,50.97056274847714,27.037356893679608,0.5304504293409514,23,2,1.0
2,29,3,0,58.0,49.798989873223334,30.214748022475252,0.6067341546363688,22,2,1.0
2,29,3,1,58.0,50.97056274847714,25.11323626426018,0.4927007847291326,23,2,1.0
2,29,4,0,58.0,52.14213562373095,26.59159167756851,0.5099827876145935,24,2,1.0
2,29,4,1,58.0,52.14213562373095,27.749735317511252,0.5321940688766453,24,2,1.0
2,29,5,0,58.0,49.798989873223334,28.675696971445994,0.5758288881852355,22,2,1.0
2,29,5,1,58.0,52.14213562373095,26.300122916819134,0.5043928984153347,24,2,1.0
3,29,0,0,58.0,53.31370849898476,31.321954013682728,0.5875028186095737,25,2,1.0
3,29,0,1,58.0,49.798989873223334,24.50392717399845,0.4920567111176303,22,2,1.0
3,29,0,2,58.0,50.97056274847714,28.418683811453235,0.5575509132926398,23,2,1.0
3,29,1,0,58.0,50.97056274847714,27.31427465984655,0.5358833253349282,23,2,1.0
3,29,1,1,58.0,49.798989873223334,27.222375181617906,0.5466451277610199,22,2,1.0
3,29,1,2,58.0,52.14213562373095,26.076167636662344,0.5000978062124971,24,2,1.0
3,29,2,0,58.0,52.14213562373095,26.28961942987612,0.5041914588920515,24,2,1.0
3,29,2,1,58.0,50.97056274847714,26.8153184090123,0.5260942191542405,23,2,1.0
3,29,2,2,58.0,50.97056274847714,26.72163751912153,0.5242562780988699,23,2,1.0
3,29,3,0,58.0,50.97056274847714,28.53915661153596,0.559914489317437,23,2,1.0
3,29,3,1,58.0,52.14213562373095,24.310923218047577,0.4662433352074513,24,2,1.0
3,29,3,2,58.0,50.97056274847714,27.36334054928716,0.5368459572305723,23,2,1.0
3,29,4,0,58.0,50.97056274847714,27.8202668861,0.5458104714947687,23,2,1.0
3,29,4,1,58.0,50.97056274847714,26.971799227161107,0.5291642425110746,23,2,1.0
3,29,4,2,58.0,50.97056274847714,26.496066495759575,0.5198307624443719,23,2,1.0
3,29,5,0,58.0,50.97056274847714,24.503204571012382,0.4807324708563173,23,2,1.0
3,29,5,1,58.0,50.97056274847714,26.512809791173343,0.5201592519589254,23,2,1.0
3,29,5,2,58.0,50.97056274847714,27.18945718996573,0.5334345105063231,23,2,1.0
4,29,0,0,58.0,49.798989873223334,27.925193524571085,0.5607582321581651,22,2,1.0
4,29,0,1,58.0,50.97056274847714,25.468250445815343,0.4996658673653012,23,2,1.0
4,29,0,2,58.0,49.798989873223334,25.85123751447786,0.5191116843994046,22,2,1.0
4,29,0,3,58.0,49.798989873223334,26.35023588131284,0.5291319351736736,22,2,1.0
4,29,1,0,58.0,50.97056274847714,27.601128463697332,0.5415111581149253,23,2,1.0
4,29,1,1,58.0,54.48528137423857,23.88156640948782,0.43831225254127754,26,2,1.0
4,29,1,2,58.0,50.97056274847714,30.613888517617184,0.6006190017694447,23,2,1.0
4,29,1,3,58.0,49.798989873223334,26.774074014105835,0.5376429136869324,22,2,1.0
4,29,2,0,58.0,50.97056274847714,29.185461122447208,0.5725944456699017,23,2,1.0
4,29,2,1,58.0,49.798989873223334,30.85474423854511,0.6195857449537455,22,2,1.0
4,29,2,2,58.0,53.31370849898476,32.115281475384165,0.6023831839797025,25,2,1.0
4,29,2,3,58.0,49.798989873223334,27.270298168860887,0.5476074562613565,22,2,1.0
4,29,3,0,58.0,49.798989873223334,27.624436328661403,0.5547188085338037,22,2,1.0
4,29,3,1,58.0,50.97056274847714,28.491519663140686,0.5589798920552811,23,2,1.0
4,29,3,2,58.0,52.14213562373095,28.641695471141624,0.5493003907209777,24,2,1.0
4,29,3,3,58.0,50.97056274847714,29.307448271215197,0.5749877319549669,23,2,1.0
4,29,4,0,58.0,50.97056274847714,28.530174156121113,0.5597382610215249,23,2,1.0
4,29,4,1,58.0,50.97056274847714,28.29986306625156,0.5552197492090095,23,2,1.0
4,29,4,2,58.0,53.31370849898476,29.608817604122898,0.5553696870418746,25,2,1.0
4,29,4,3,58.0,49.798989873223334,25.688980478207213,0.5158534448912597,22,2,1.0
4,29,5,0,58.0,50.97056274847714,25.579287836427113,0.5018443285127621,23,2,1.0
4,29,5,1,58.0,49.798989873223334,27.785227746840654,0.5579476173628299,22,2,1.0
4,29,5,2,58.0,50.97056274847714,27.542689931629045,0.5403646427751466,23,2,1.0
4,29,5,3,58.0,52.14213562373095,26.663581998565867,0.5113634430123097,24,2,1.0
5,29,0,0,58.0,49.798989873223334,26.97762109905058,0.5417302874562183,22,2,1.0
5,29,0,1,58.0,50.97056274847714,25.082652704536613,0.4921007607530488,23,2,1.0
5,29,0,2,58.0,50.97056274847714,27.198307307246957,0.5336081424382462,23,2,1.0
5,29,0,3,58.0,50.97056274847714,29.046087691102557,0.5698600549975362,23,2,1.0
5,29,0,4,58.0,53.31370849898476,24.553212641738575,0.4605422007400993,25,2,1.0
5,29,1,0,58.0,52.14213562373095,26.91683681606782,0.516220451925974,24,2,1.0
5,29,1,1,58.0,52.14213562373095,25.994977137718873,0.49854070660443045,24,2,1.0
5,29,1,2,58.0,54.48528137423857,27.079541887202005,0.4970065530395812,26,2,1.0
5,29,1,3,58.0,49.798989873223334,27.75803751310826,0.5574016176587874,22,2,1.0
5,29,1,4,58.0,49.798989873223334,24.180126531963566,0.4855545583057117,22,2,1.0
5,29,2,0,58.0,52.14213562373095,29.51917376609905,0.5661289744462302,24,2,1.0
5,29,2,1,58.0,52.14213562373095,24.5011279605948,0.4698911478693603,24,2,1.0
5,29,2,2,58.0,52.14213562373095,30.084408361802762,0.5769692399808559,24,2,1.0
5,29,2,3,58.0,52.14213562373095,29.72851013580415,0.5701437001033401,24,2,1.0
5,29,2,4,58.0,49.798989873223334,25.268379418145614,0.5074074691569657,22,2,1.0
5,29,3,0,58.0,49.798989873223334,27.60782888542081,0.5543853189734156,22,2,1.0
5,29,3,1,58.0,50.97056274847714,26.05094573948101,0.5110978638402288,23,2,1.0
5,29,3,2,58.0,52.14213562373095,28.357119029589587,0.5438426848148445,24,2,1.0
5,29,3,3,58.0,49.798989873223334,31.32758821253196,0.6290807964636377,22,2,1.0
5,29,3,4,58.0,50.97056274847714,27.37164281460786,0.537008840763204,23,2,1.0
5,29,4,0,58.0,50.97056274847714,26.43464098240049,0.5186256450188061,23,2,1.0
5,29,4,1,58.0,50.97056274847714,24.702272180253008,0.4846380115940753,23,2,1.0
5,29,4,2,58.0,54.48528137423857,26.14652132525014,0.479882285009408,26,2,1.0
5,29,4,3,58.0,50.97056274847714,24.54995375472319,0.4816496509145698,23,2,1.0
5,29,4,4,58.0,50.97056274847714,25.00587549572181,0.4905944558453774,23,2,1.0
5,29,5,0,58.0,50.97056274847714,27.45338422458297,0.5386125391641512,23,2,1.0
5,29,5,1,58.0,49.798989873223334,27.744927499783085,0.5571383590393144,22,2,1.0
5,29,5,2,58.0,50.97056274847714,28.939972668937536,0.5677781666203436,23,2,1.0
5,29,5,3,58.0,50.97056274847714,27.332597603553353,0.5362428062336819,23,2,1.0
5,29,5,4,58.0,52.14213562373095,27.832911569653824,0.5337892519497514,24,2,1.0
6,29,0,0,58.0,50.97056274847714,26.911151631453002,0.5279743871820806,23,2,1.0
6,29,0,1,58.0,50.97056274847714,29.619274825603345,0.5811055093067083,23,2,1.0
6,29,0,2,58.0,49.798989873223334,24.52996690187832,0.4925796078259001,22,2,1.0
6,29,0,3,58.0,52.14213562373095,27.69723452879475,0.5311871905029754,24,2,1.0
6,29,0,4,58.0,52.14213562373095,26.303382827259924,0.5044554181108132,24,2,1.0
6,29,0,5,58.0,52.14213562373095,24.538124389781913,0.47060067824713553,24,2,1.0
6,29,1,0,58.0,49.798989873223334,28.83313819880116,0.5789904227415784,22,2,1.0
6,29,1,1,58.0,50.97056274847714,26.61225044871908,0.5221101948597611,23,2,1.0
6,29,1,2,58.0,52.14213562373095,25.705292562904184,0.4929850351431555,24,2,1.0
6,29,1,3,58.0,50.97056274847714,27.05878845735478,0.5308708987750624,23,2,1.0
6,29,1,4,58.0,52.14213562373095,25.016203884635615,0.4797694529652182,24,2,1.0
6,29,1,5,58.0,52.14213562373095,27.134860226661345,0.5204017806725914,24,2,1.0
6,29,2,0,58.0,53.31370849898476,23.733358615978098,0.44516427921029067,25,2,1.0
6,29,2,1,58.0,52.14213562373095,26.556133041013027,0.5093027495583973,24,2,1.0
6,29,2,2,58.0,52.14213562373095,24.987792308043538,0.4792245658743422,24,2,1.0
6,29,2,3,58.0,49.798989873223334,26.053287642948682,0.5231689981920176,22,2,1.0
6,29,2,4,58.0,53.31370849898476,27.68365130076991,0.519259531557387,25,2,1.0
6,29,2,5,58.0,50.97056274847714,27.119524476006326,0.5320624888885808,23,2,1.0
6,29,3,0,58.0,52.14213562373095,29.738772849461128,0.5703405219928585,24,2,1.0
6,29,3,1,58.0,52.14213562373095,29.595726141347303,0.5675971225060004,24,2,1.0
6,29,3,2,58.0,50.97056274847714,28.530904098094464,0.5597525818752489,23,2,1.0
6,29,3,3,58.0,50.97056274847714,30.360978898068204,0.5956571256215001,23,2,1.0
6,29,3,4,58.0,52.14213562373095,27.696278630388534,0.5311688579510999,24,2,1.0
6,29,3,5,58.0,52.14213562373095,23.60983092724741,0.45279754357629515,24,2,1.0
6,29,4,0,58.0,52.14213562373095,30.060179603768063,0.5765045724380928,24,2,1.0
6,29,4,1,58.0,52.14213562373095,26.865298967747123,0.5152320411579033,24,2,1.0
6,29,4,2,58.0,52.14213562373095,27.321284997734097,0.5239770997277607,24,2,1.0
6,29,4,3,58.0,49.798989873223334,29.310532738486312,0.5885768529262164,22,2,1.0
6,29,4,4,58.0,52.14213562373095,24.81015365225326,0.47581774999184445,24,2,1.0
6,29,4,5,58.0,50.97056274847714,25.351336257599954,0.497372108342229,23,2,1.0
6,29,5,0,58.0,50.97056274847714,25.7422362767825,0.5050412412319619,23,2,1.0
6,29,5,1,58.0,52.14213562373095,28.069939917396404,0.5383350639865468,24,2,1.0
6,29,5,2,58.0,50.97056274847714,27.209375687610027,0.5338252948447771,23,2,1.0
6,29,5,3,58.0,50.97056274847714,24.11024014442536,0.47302283601225703,23,2,1.0
6,29,5,4,58.0,49.798989873223334,26.164207222040233,0.5253963441557394,22,2,1.0
6,29,5,5,58.0,52.14213562373095,26.746634244791952,0.5129562478568487,24,2,1.0
7,29,0,0,58.0,52.14213562373095,25.204248723323364,0.48337584224019386,24,2,1.0
7,29,0,1,58.0,49.798989873223334,25.043724249128804,0.5028962296802467,22,2,1.0
7,29,0,2,58.0,50.97056274847714,26.578744370091275,0.5214528334962394,23,2,1.0
7,29,0,3,58.0,50.97056274847714,28.050819938682736,0.5503337304142442,23,2,1.0
7,29,0,4,58.0,52.14213562373095,24.077538035816044,0.4617673930650793,24,2,1.0
7,29,0,5,58.0,49.798989873223334,27.11360013388259,0.5444608455494282,22,2,1.0
7,29,0,6,58.0,50.97056274847714,30.066302289839896,0.5898758159333486,23,2,1.0
7,29,1,0,58.0,52.14213562373095,27.783041491847705,0.5328328262642751,24,2,1.0
7,29,1,1,58.0,49.798989873223334,27.831604054977888,0.558878887419819,22,2,1.0
7,29,1,2,58.0,50.97056274847714,24.551828547165044,0.48168643278121515,23,2,1.0
7,29,1,3,58.0,52.14213562373095,29.914396070665077,0.5737086851703562,24,2,1.0
7,29,1,4,58.0,50.97056274847714,31.821997991605542,0.6243211037052223,23,2,1.0
7,29,1,5,58.0,50.97056274847714,27.269253548505,0.5350000486176647,23,2,1.0
7,29,1,6,58.0,50.97056274847714,26.500401486208027,0.5199158113473994,23,2,1.0
7,29,2,0,58.0,50.97056274847714,25.236729054454393,0.4951236104452937,23,2,1.0
7,29,2,1,58.0,53.31370849898476,24.6489424106718,0.46233779462445734,25,2,1.0
7,29,2,2,58.0,53.31370849898476,25.633166449990394,0.4807987883731352,25,2,1.0
7,29,2,3,58.0,50.97056274847714,29.073718326350992,0.5704021450541986,23,2,1.0
7,29,2,4,58.0,50.97056274847714,26.540856112905487,0.5207094974382729,23,2,1.0
7,29,2,5,58.0,49.798989873223334,28.497649168500807,0.5722535585771761,22,2,1.0
7,29,2,6,58.0,50.97056274847714,28.560739518633554,0.5603379279834785,23,2,1.0
7,29,3,0,58.0,52.14213562373095,26.91892006108375,0.5162604051229616,24,2,1.0
7,29,3,1,58.0,50.97056274847714,27.342273752939803,0.536432644227706,23,2,1.0
7,29,3,2,58.0,50.97056274847714,25.820135459901167,0.5065695583412526,23,2,1.0
7,29,3,3,58.0,50.97056274847714,28.160717767825233,0.5524898343145446,23,2,1.0
7,29,3,4,58.0,50.97056274847714,26.593925749434568,0.5217506795180346,23,2,1.0
7,29,3,5,58.0,50.97056274847714,27.62787328098616,0.542035869160805,23,2,1.0
7,29,3,6,58.0,52.14213562373095,25.49713872449297,0.48899298848221134,24,2,1.0
7,29,4,0,58.0,50.97056274847714,26.303438355684985,0.5160515587297662,23,2,1.0
7,29,4,1,58.0,49.798989873223334,26.79479651982089,0.5380590367000259,22,2,1.0
7,29,4,2,58.0,52.14213562373095,24.51183926606918,0.47009657300866947,24,2,1.0
7,29,4,3,58.0,50.97056274847714,25.60648088950085,0.5023778335715138,23,2,1.0
7,29,4,4,58.0,50.97056274847714,25.45567951205028,0.49941923611213856,23,2,1.0
7,29,4,5,58.0,50.97056274847714,24.92217704549907,0.48895236194431996,23,2,1.0
7,29,4,6,58.0,50.97056274847714,27.649102077732998,0.5424523604766179,23,2,1.0
7,29,5,0,58.0,50.97056274847714,30.217023450362078,0.5928328396033822,23,2,1.0
7,29,5,1,58.0,53.31370849898476,28.238881035891602,0.5296739212285213,25,2,1.0
7,29,5,2,58.0,50.97056274847714,24.730851303454216,0.48519871019460353,23,2,1.0
7,29,5,3,58.0,49.798989873223334,27.92550562587811,0.560764499379806,22,2,1.0
7,29,5,4,58.0,52.14213562373095,26.83045819255907,0.5145638526617613,24,2,1.0
7,29,5,5,58.0,52.14213562373095,22.598428868730664,0.4334005233657069,24,2,1.0
7,29,5,6,58.0,52.14213562373095,24.534889230758388,0.47053863324294026,24,2,1.0
8,29,0,0,58.0,49.798989873223334,28.485830405838502,0.5720162292118136,22,2,1.0
8,29,0,1,58.0,50.97056274847714,29.867044932824104,0.5859665525022372,23,2,1.0
8,29,0,2,58.0,52.14213562373095,27.928601394998786,0.5356244246790672,24,2,1.0
8,29,0,3,58.0,50.97056274847714,30.115911984149648,0.5908491168277209,23,2,1.0
8,29,0,4,58.0,50.97056274847714,29.237189015529133,0.5736093038604455,23,2,1.0
8,29,0,5,58.0,49.798989873223334,29.07486724670313,0.5838445181462715,22,2,1.0
8,29,0,6,58.0,50.97056274847714,31.010302804137226,0.6083963199928321,23,2,1.0
8,29,0,7,58.0,52.14213562373095,26.688949230862626,0.5118499446101694,24,2,1.0
8,29,1,0,58.0,54.48528137423857,25.825869923297766,0.4739971836780972,26,2,1.0
8,29,1,1,58.0,50.97056274847714,30.22292970570288,0.592948715415269,23,2,1.0
8,29,1,2,58.0,50.97056274847714,27.48645518361545,0.5392613638435191,23,2,1.0
8,29,1,3,58.0,50.97056274847714,25.24804235553353,0.4953455679923383,23,2,1.0
8,29,1,4,58.0,49.798989873223334,24.374796385180844,0.48946367079399433,22,2,1.0
8,29,1,5,58.0,50.97056274847714,27.555047053327854,0.540607079213602,23,2,1.0
8,29,1,6,58.0,50.97056274847714,28.32182373491954,0.555650599242515,23,2,1.0
8,29,1,7,58.0,50.97056274847714,27.74298818227031,0.5442943276724798,23,2,1.0
8,29,2,0,58.0,50.97056274847714,31.768205534992653,0.6232657404972795,23,2,1.0
8,29,2,1,58.0,52.14213562373095,27.932172614279445,0.5356929147636781,24,2,1.0
8,29,2,2,58.0,52.14213562373095,27.092717597956856,0.5195935546918107,24,2,1.0
8,29,2,3,58.0,52.14213562373095,27.851040688056415,0.5341369384836021,24,2,1.0
8,29,2,4,58.0,49.798989873223334,30.523012598557635,0.6129243319244454,22,2,1.0
8,29,2,5,58.0,50.97056274847714,28.74145746111803,0.5638834635385058,23,2,1.0
8,29,2,6,58.0,50.97056274847714,24.85954742256635,0.4877236208915328,23,2,1.0
8,29,2,7,58.0,50.97056274847714,26.02821836000414,0.5106519715790618,23,2,1.0
8,29,3,0,58.0,53.31370849898476,27.517010473555395,0.5161338659095417,25,2,1.0
8,29,3,1,58.0,49.798989873223334,25.274261145762793,0.5075255785329219,22,2,1.0
8,29,3,2,58.0,52.14213562373095,26.452005326874968,0.5073057520650558,24,2,1.0
8,29,3,3,58.0,49.798989873223334,31.357026719455373,0.6296719431314387,22,2,1.0
8,29,3,4,58.0,49.798989873223334,29.663835219747313,0.595671424164718,22,2,1.0
8,29,3,5,58.0,53.31370849898476,31.4113782991679,0.5891801411594929,25,2,1.0
8,29,3,6,58.0,49.798989873223334,27.650869191415126,0.5552495996767769,22,2,1.0
8,29,3,7,58.0,52.14213562373095,26.87957408763981,0.5155058143687994,24,2,1.0
8,29,4,0,58.0,49.798989873223334,27.26469987931544,0.5474950385283925,22,2,1.0
8,29,4,1,58.0,49.798989873223334,26.227112333691203,0.5266595246301048,22,2,1.0
8,29,4,2,58.0,52.14213562373095,28.246595153754598,0.5417230195093696,24,2,1.0
8,29,4,3,58.0,52.14213562373095,26.2787386597387,0.503982783700534,24,2,1.0
8,29,4,4,58.0,50.97056274847714,28.88595379386043,0.5667183612706623,23,2,1.0
8,29,4,5,58.0,49.798989873223334,31.40343441452683,0.6306038434609353,22,2,1.0
8,29,4,6,58.0,52.14213562373095,28.79265425407695,0.5521955307287572,24,2,1.0
8,29,4,7,58.0,50.97056274847714,26.951927668497973,0.5287743790763468,23,2,1.0
8,29,5,0,58.0,49.798989873223334,30.405198416088368,0.6105585373015184,22,2,1.0
8,29,5,1,58.0,50.97056274847714,29.621095476582166,0.5811412289629304,23,2,1.0
8,29,5,2,58.0,50.97056274847714,29.295741483767642,0.5747580545330141,23,2,1.0
8,29,5,3,58.0,49.798989873223334,27.02253304602265,0.5426321520740831,22,2,1.0
8,29,5,4,58.0,52.14213562373095,25.076391170398942,0.48092374565084295,24,2,1.0
8,29,5,5,58.0,49.798989873223334,30.43833917786955,0.6112240279443116,22,2,1.0
8,29,5,6,58.0,50.97056274847714,27.200508483856122,0.5336513276904873,23,2,1.0
8,29,5,7,58.0,52.14213562373095,24.585240204998925,0.47150428172738057,24,2,1.0
9,29,0,0,58.0,50.97056274847714,27.35846343690018,0.5367502723465138,23,2,1.0
9,29,0,1,58.0,49.798989873223334,27.732210538974833,0.5568829932007577,22,2,1.0
9,29,0,2,58.0,50.97056274847714,26.84767498420593,0.5267290282175286,23,2,1.0
9,29,0,3,58.0,50.97056274847714,26.484380137301684,0.5196014858221859,23,2,1.0
9,29,0,4,58.0,50.97056274847714,28.48287197766807,0.5588102316668861,23,2,1.0
9,29,0,5,58.0,50.97056274847714,26.502988720479628,0.5199665707295229,23,2,1.0
9,29,0,6,58.0,49.798989873223334,31.126216937591895,0.6250371145445323,22,2,1.0
9,29,0,7,58.0,52.14213562373095,30.134805572529668,0.5779357752047023,24,2,1.0
9,29,0,8,58.0,53.31370849898476,27.53428471867506,0.5164578772305699,25,2,1.0
9,29,1,0,58.0,52.14213562373095,24.87729062312573,0.4771053261539899,24,2,1.0
9,29,1,1,58.0,50.97056274847714,25.89703144697588,0.5080781935794816,23,2,1.0
9,29,1,2,58.0,50.97056274847714,25.64575377988438,0.503148334979892,23,2,1.0
9,29,1,3,58.0,53.31370849898476,29.025655361697876,0.5444313700715568,25,2,1.0
9,29,1,4,58.0,52.14213562373095,28.576314981814264,0.5480465009724036,24,2,1.0
9,29,1,5,58.0,49.798989873223334,27.931037139848975,0.5608755762105799,22,2,1.0
9,29,1,6,58.0,52.14213562373095,25.874643582466838,0.4962329078575516,24,2,1.0
9,29,1,7,58.0,50.97056274847714,25.53858385139063,0.5010457502189075,23,2,1.0
9,29,1,8,58.0,52.14213562373095,26.50862181539616,0.5083915627600712,24,2,1.0
9,29,2,0,58.0,49.798989873223334,26.84840386779594,0.5391355113054651,22,2,1.0
9,29,2,1,58.0,49.798989873223334,27.866588994367515,0.5595814104926502,22,2,1.0
9,29,2,2,58.0,52.14213562373095,24.9647232294193,0.4787821390663819,24,2,1.0
9,29,2,3,58.0,52.14213562373095,26.8313954252524,0.5145818272361073,24,2,1.0
9,29,2,4,58.0,50.97056274847714,29.848449020122015,0.5856017161790862,23,2,1.0
9,29,2,5,58.0,49.798989873223334,27.109308541034352,0.5443746672381982,22,2,1.0
9,29,2,6,58.0,52.14213562373095,26.5466308359333,0.509120512966703,24,2,1.0
9,29,2,7,58.0,53.31370849898476,31.291494396227414,0.5869314905531903,25,2,1.0
9,29,2,8,58.0,52.14213562373095,25.323779344537535,0.4856682420390193,24,2,1.0
9,29,3,0,58.0,50.97056274847714,25.16792331400581,0.4937736991094484,23,2,1.0
9,29,3,1,58.0,52.14213562373095,27.434678252969224,0.5261517949886798,24,2,1.0
9,29,3,2,58.0,52.14213562373095,26.773908516184513,0.5134793233133159,24,2,1.0
9,29,3,3,58.0,52.14213562373095,28.623159904629937,0.5489449091840218,24,2,1.0
9,29,3,4,58.0,52.14213562373095,23.443925113048792,0.4496157442078184,24,2,1.0
9,29,3,5,58.0,50.97056274847714,28.60033276169542,0.5611147144446609,23,2,1.0
9,29,3,6,58.0,50.97056274847714,24.54857804300705,0.4816226605961986,23,2,1.0
9,29,3,7,58.0,50.97056274847714,30.163133909112997,0.5917755716757156,23,2,1.0
9,29,3,8,58.0,50.97056274847714,25.49202640404529,0.5001323318684945,23,2,1.0
9,29,4,0,58.0,50.97056274847714,28.85130007740438,0.5660384842085421,23,2,1.0
9,29,4,1,58.0,53.31370849898476,27.485268106035434,0.5155384774360393,25,2,1.0
9,29,4,2,58.0,50.97056274847714,26.917097729293978,0.5280910446706454,23,2,1.0
9,29,4,3,58.0,50.97056274847714,26.1685886443708,0.5134059196776799,23,2,1.0
9,29,4,4,58.0,50.97056274847714,29.104288622750925,0.5710019088149165,23,2,1.0
9,29,4,5,58.0,52.14213562373095,28.243486944308415,0.5416634091882924,24,2,1.0
9,29,4,6,58.0,50.97056274847714,28.02226032955507,0.5497734146635902,23,2,1.0
9,29,4,7,58.0,50.97056274847714,25.883525765232854,0.507813223349318,23,2,1.0
9,29,4,8,58.0,50.97056274847714,30.766817885030157,0.6036193486199911,23,2,1.0
9,29,5,0,58.0,50.97056274847714,26.924770598225358,0.5282415799701916,23,2,1.0
9,29,5,1,58.0,53.31370849898476,27.333034698889833,0.5126830503529938,25,2,1.0
9,29,5,2,58.0,50.97056274847714,26.2463663986195,0.5149318544536506,23,2,1.0
9,29,5,3,58.0,49.798989873223334,29.203659028150607,0.5864307509549158,22,2,1.0
9,29,5,4,58.0,50.97056274847714,28.386824794712975,0.55692586591191,23,2,1.0
9,29,5,5,58.0,50.97056274847714,24.91125192373647,0.4887380201522446,23,2,1.0
9,29,5,6,58.0,50.97056274847714,24.8400757171646,0.4873416022448516,23,2,1.0
9,29,5,7,58.0,50.97056274847714,27.30547032387174,0.5357105915941168,23,2,1.0
9,29,5,8,58.0,50.97056274847714,24.791402279657913,0.48638666992937235,23,2,1.0
10,29,0,0,58.0,52.14213562373095,25.181954080967458,0.482948267840158,24,2,1.0
10,29,0,1,58.0,52.14213562373095,28.099554818471148,0.5389030288525901,24,2,1.0
10,29,0,2,58.0,50.97056274847714,28.041258393083957,0.5501461408511082,23,2,1.0
10,29,0,3,58.0,53.31370849898476,29.49868590933337,0.5533039576471239,25,2,1.0
10,29,0,4,58.0,50.97056274847714,27.2895835389648,0.5353989061025255,23,2,1.0
10,29,0,5,58.0,50.97056274847714,26.790316203272866,0.5256036966959579,23,2,1.0
10,29,0,6,58.0,49.798989873223334,27.536800076665855,0.552959008742309,22,2,1.0
10,29,0,7,58.0,49.798989873223334,26.157832342274048,0.5252683319253225,22,2,1.0
10,29,0,8,58.0,49.798989873223334,27.005189270144847,0.5422838764178508,22,2,1.0
10,29,0,9,58.0,49.798989873223334,27.168817820249775,0.5455696569230677,22,2,1.0
10,29,1,0,58.0,52.14213562373095,26.120751171295495,0.5009528447355618,24,2,1.0
10,29,1,1,58.0,52.14213562373095,26.472177737249332,0.5076926255625269,24,2,1.0
10,29,1,2,58.0,50.97056274847714,26.418109737971314,0.518301315768004,23,2,1.0
10,29,1,3,58.0,50.97056274847714,28.019307550678498,0.5497154836006913,23,2,1.0
10,29,1,4,58.0,50.97056274847714,28.342996916670298,0.5560659994384133,23,2,1.0
10,29,1,5,58.0,52.14213562373095,29.644832256468458,0.5685388966495744,24,2,1.0
10,29,1,6,58.0,52.14213562373095,24.497733601176776,0.4698260496646662,24,2,1.0
10,29,1,7,58.0,53.31370849898476,27.50740099682063,0.5159536218971608,25,2,1.0
10,29,1,8,58.0,50.97056274847714,30.722594693018628,0.6027517264155875,23,2,1.0
10,29,1,9,58.0,52.14213562373095,25.231251571400772,0.4838937122459847,24,2,1.0
10,29,2,0,58.0,49.798989873223334,25.443255707632172,0.5109191124640238,22,2,1.0
10,29,2,1,58.0,52.14213562373095,25.897366551913493,0.4966686968634072,24,2,1.0
10,29,2,2,58.0,49.798989873223334,27.87675598861528,0.5597855711447768,22,2,1.0
10,29,2,3,58.0,53.31370849898476,26.32938684233491,0.4938577259699781,25,2,1.0
10,29,2,4,58.0,50.97056274847714,27.248068090442064,0.5345844075707435,23,2,1.0
10,29,2,5,58.0,53.31370849898476,27.586618548605436,0.517439497744389,25,2,1.0
10,29,2,6,58.0,49.798989873223334,27.485109545800317,0.551921025221014,22,2,1.0
10,29,2,7,58.0,49.798989873223334,28.11099503701259,0.5644892619022325,22,2,1.0
10,29,2,8,58.0,50.97056274847714,26.19137116393411,0.51385289374143,23,2,1.0
10,29,2,9,58.0,53.31370849898476,29.618203153585775,0.555545730872385,25,2,1.0
10,29,3,0,58.0,52.14213562373095,30.0148611901027,0.5756354401495271,24,2,1.0
10,29,3,1,58.0,52.14213562373095,29.037984836004505,0.5569005658983542,24,2,1.0
10,29,3,2,58.0,50.97056274847714,26.17733549093324,0.5135775255240898,23,2,1.0
10,29,3,3,58.0,50.97056274847714,28.25997485110703,0.5544371756411766,23,2,1.0
10,29,3,4,58.0,52.14213562373095,28.04513769103751,0.5378593982689424,24,2,1.0
10,29,3,5,58.0,50.97056274847714,26.223722517497663,0.5144876003606838,23,2,1.0
10,29,3,6,58.0,52.14213562373095,27.592878275746727,0.5291858100109855,24,2,1.0
10,29,3,7,58.0,50.97056274847714,27.427499671851713,0.5381047057925836,23,2,1.0
10,29,3,8,58.0,52.14213562373095,30.418689189683363,0.5833801938837195,24,2,1.0
10,29,3,9,58.0,49.798989873223334,27.5701855178015,0.5536294127248121,22,2,1.0
10,29,4,0,58.0,52.14213562373095,26.254164683518624,0.5035114954434244,24,2,1.0
10,29,4,1,58.0,49.798989873223334,26.950072570063533,0.5411770929224099,22,2,1.0
10,29,4,2,58.0,52.14213562373095,29.664033689129905,0.5689071483989849,24,2,1.0
10,29,4,3,58.0,52.14213562373095,29.76525730983792,0.5708484501791512,24,2,1.0
10,29,4,4,58.0,50.97056274847714,23.618594452786255,0.4633771569157712,23,2,1.0
10,29,4,5,58.0,52.14213562373095,29.784057553877368,0.5712090077937283,24,2,1.0
10,29,4,6,58.0,49.798989873223334,26.24910837235576,0.5271012211127153,22,2,1.0
10,29,4,7,58.0,49.798989873223334,24.30933713358442,0.4881492013285882,22,2,1.0
10,29,4,8,58.0,52.14213562373095,28.684254198319422,0.5501165967829026,24,2,1.0
10,29,4,9,58.0,52.14213562373095,27.190063719701982,0.5214604924491667,24,2,1.0
10,29,5,0,58.0,49.798989873223334,32.4019296573812,0.6506543554371081,22,2,1.0
10,29,5,1,58.0,49.798989873223334,25.818372503546616,0.5184517310345892,22,2,1.0
10,29,5,2,58.0,49.798989873223334,27.005778848924596,0.5422957155893129,22,2,1.0
10,29,5,3,58.0,49.798989873223334,27.585952941094654,0.5539460340726204,22,2,1.0
10,29,5,4,58.0,50.97056274847714,31.089812937577243,0.6099562426060544,23,2,1.0
10,29,5,5,58.0,52.14213562373095,27.81789011797035,0.5335011653283694,24,2,1.0
10,29,5,6,58.0,50.97056274847714,30.17510426652973,0.5920104201209997,23,2,1.0
10,29,5,7,58.0,52.14213562373095,27.289514118962984,0.5233677867721047,24,2,1.0
10,29,5,8,58.0,50.97056274847714,24.145239473141714,0.4737094936991471,23,2,1.0
10,29,5,9,58.0,53.31370849898476,25.96142319249814,0.48695586788888484,25,2,1.0
1,30,0,0,60.0,54.14213562373095,26.750363794533357,0.4940766278677867,25,2,1.0
1,30,1,0,60.0,51.798989873223334,26.37436588365736,0.5091675715724945,23,2,1.0
1,30,2,0,60.0,55.31370849898476,29.412870249886875,0.5317464883126888,26,2,1.0
1,30,3,0,60.0,51.798989873223334,28.006420945622196,0.5406750404625105,23,2,1.0
1,30,4,0,60.0,54.14213562373095,30.632510246602656,0.5657794967580881,25,2,1.0
1,30,5,0,60.0,52.97056274847714,26.498684058841427,0.5002530213746548,24,2,1.0
2,30,0,0,60.0,54.14213562373095,26.227119174871113,0.48441235043147335,25,2,1.0
2,30,0,1,60.0,51.798989873223334,27.12748366809116,0.5237068084625774,23,2,1.0
2,30,1,0,60.0,54.14213562373095,28.048681038920126,0.5180564215983042,25,2,1.0
2,30,1,1,60.0,51.798989873223334,27.050401331122217,0.5222187034404988,23,2,1.0
2,30,2,0,60.0,54.14213562373095,29.621875316301875,0.5471131674997756,25,2,1.0
2,30,2,1,60.0,51.798989873223334,27.7487320296534,0.5357002539541349,23,2,1.0
2,30,3,0,60.0,51.798989873223334,25.237162136610443,0.4872134031643809,23,2,1.0
2,30,3,1,60.0,51.798989873223334,28.82160857156463,0.5564125602083122,23,2,1.0
2,30,4,0,60.0,52.97056274847714,27.713850845328132,0.5231934381540034,24,2,1.0
2,30,4,1,60.0,51.798989873223334,28.329663677254118,0.5469153693265105,23,2,1.0
2,30,5,0,60.0,52.97056274847714,30.23221959280099,0.5707362358288357,24,2,1.0
2,30,5,1,60.0,52.97056274847714,27.282466307893106,0.5150495840008317,24,2,1.0
3,30,0,0,60.0,54.14213562373095,31.49404953416168,0.5816920439384659,25,2,1.0
3,30,0,1,60.0,51.798989873223334,27.28072379750308,0.5266651698087537,23,2,1.0
3,30,0,2,60.0,52.97056274847714,30.790493656860143,0.5812755624867387,24,2,1.0
3,30,1,0,60.0,52.97056274847714,27.075317128119806,0.5111389368597599,24,2,1.0
3,30,1,1,60.0,54.14213562373095,25.1976402055557,0.4653979735980596,25,2,1.0
3,30,1,2,60.0,51.798989873223334,26.949498802096155,0.5202707401834349,23,2,1.0
3,30,2,0,60.0,51.798989873223334,26.328505821905523,0.5082822249303287,23,2,1.0
3,30,2,1,60.0,54.14213562373095,30.336472713167083,0.5603117121939009,25,2,1.0
3,30,2,2,60.0,54.14213562373095,32.33073916031425,0.5971456202799548,25,2,1.0
3,30,3,0,60.0,54.14213562373095,29.790946956104314,0.5502359043082647,25,2,1.0
3,30,3,1,60.0,51.798989873223334,28.002197867698904,0.5405935122718328,23,2,1.0
3,30,3,2,60.0,51.798989873223334,27.31309297120075,0.527290069517742,23,2,1.0
3,30,4,0,60.0,51.798989873223334,25.66642883050784,0.4955005665810424,23,2,1.0
3,30,4,1,60.0,52.97056274847714,28.47206772955421,0.5375073673419254,24,2,1.0
3,30,4,2,60.0,51.798989873223334,30.26366986898559,0.5842521242799353,23,2,1.0
3,30,5,0,60.0,51.798989873223334,26.71583674634269,0.515759801720632,23,2,1.0
3,30,5,1,60.0,52.97056274847714,26.30229608144163,0.4965455286237788,24,2,1.0
3,30,5,2,60.0,52.97056274847714,26.43900380663886,0.4991263531063573,24,2,1.0
4,30,0,0,60.0,52.97056274847714,27.14529579770113,0.5124600228733937,24,2,1.0
4,30,0,1,60.0,52.97056274847714,25.093289135917573,0.47372139984748385,24,2,1.0
4,30,0,2,60.0,52.97056274847714,28.390540219877188,0.5359682575902668,24,2,1.0
4,30,0,3,60.0,51.798989873223334,25.197601576711257,0.4864496708986358,23,2,1.0
4,30,1,0,60.0,54.14213562373095,27.903277362588764,0.5153708297823133,25,2,1.0
4,30,1,1,60.0,51.798989873223334,25.88008468468598,0.49962527740457496,23,2,1.0
4,30,1,2,60.0,51.798989873223334,29.224166650474643,0.564184103242168,23,2,1.0
4,30,1,3,60.0,54.14213562373095,28.704389750947463,0.530167297988262,25,2,1.0
4,30,2,0,60.0,51.798989873223334,27.569421596647334,0.5322385950792239,23,2,1.0
4,30,2,1,60.0,51.798989873223334,29.333797088296052,0.5663005622327723,23,2,1.0
4,30,2,2,60.0,52.97056274847714,28.468378962611762,0.5374377292872956,24,2,1.0
4,30,2,3,60.0,51.798989873223334,24.996879476764093,0.48257465131932686,23,2,1.0
4,30,3,0,60.0,52.97056274847714,29.269301280365084,0.5525578691573662,24,2,1.0
4,30,3,1,60.0,54.14213562373095,29.83051637466847,0.5509667476358932,25,2,1.0
4,30,3,2,60.0,51.798989873223334,28.237020347954136,0.5451268531889039,23,2,1.0
4,30,3,3,60.0,54.14213562373095,25.07277190614804,0.4630916682045035,25,2,1.0
4,30,4,0,60.0,52.97056274847714,24.887161447092822,0.46983003683132113,24,2,1.0
4,30,4,1,60.0,51.798989873223334,25.774471458655363,0.49758637227748465,23,2,1.0
4,30,4,2,60.0,52.97056274847714,28.070095923219128,0.5299187787848473,24,2,1.0
4,30,4,3,60.0,54.14213562373095,27.079513232178087,0.5001559860950315,25,2,1.0
4,30,5,0,60.0,51.798989873223334,26.19994107321653,0.5058002315747893,23,2,1.0
4,30,5,1,60.0,52.97056274847714,25.344698539356695,0.4784676096363604,24,2,1.0
4,30,5,2,60.0,54.14213562373095,27.118878965950252,0.5008830673842836,25,2,1.0
4,30,5,3,60.0,52.97056274847714,27.57094113137452,0.5204955299850418,24,2,1.0
5,30,0,0,60.0,54.14213562373095,25.080807725832415,0.4632400890156111,25,2,1.0
5,30,0,1,60.0,51.798989873223334,29.191746833270393,0.5635582258402418,23,2,1.0
5,30,0,2,60.0,52.97056274847714,26.29549520604769,0.4964171389099253,24,2,1.0
5,30,0,3,60.0,54.14213562373095,27.8230171337472,0.5138884311307466,25,2,1.0
5,30,0,4,60.0,52.97056274847714,27.191792493296525,0.5133378065551751,24,2,1.0
5,30,1,0,60.0,52.97056274847714,25.20770687053404,0.47588142474961226,24,2,1.0
5,30,1,1,60.0,56.48528137423857,26.923870915803295,0.47665286001536245,27,2,1.0
5,30,1,2,60.0,52.97056274847714,29.879177894472846,0.5640713699106745,24,2,1.0
5,30,1,3,60.0,51.798989873223334,26.97674414796841,0.5207967223683952,23,2,1.0
5,30,1,4,60.0,52.97056274847714,30.24781916864906,0.5710307310170809,24,2,1.0
5,30,2,0,60.0,51.798989873223334,26.111253148736857,0.5040880760926701,23,2,1.0
5,30,2,1,60.0,52.97056274847714,27.654310228305064,0.522069405975871,24,2,1.0
5,30,2,2,60.0,54.14213562373095,28.199311187232244,0.52083854584547,25,2,1.0
5,30,2,3,60.0,54.14213562373095,27.21235655652616,0.5026095894266638,25,2,1.0
5,30,2,4,60.0,54.14213562373095,24.34403602116312,0.4496319870044603,25,2,1.0
5,30,3,0,60.0,54.14213562373095,27.65429066126587,0.5107720695292404,25,2,1.0
5,30,3,1,60.0,52.97056274847714,29.97853257822596,0.5659470283631792,24,2,1.0
5,30,3,2,60.0,52.97056274847714,26.500908463357234,0.5002950145950472,24,2,1.0
5,30,3,3,60.0,54.14213562373095,26.68935613882907,0.49294982237698987,25,2,1.0
5,30,3,4,60.0,54.14213562373095,25.66220435525463,0.473978428438768,25,2,1.0
5,30,4,0,60.0,54.14213562373095,27.373107866944693,0.5055786505574567,25,2,1.0
5,30,4,1,60.0,54.14213562373095,30.559147749843902,0.5644244985498794,25,2,1.0
5,30,4,2,60.0,52.97056274847714,30.195261763244822,0.5700385307708083,24,2,1.0
5,30,4,3,60.0,51.798989873223334,28.035614613208885,0.5412386357692557,23,2,1.0
5,30,4,4,60.0,55.31370849898476,24.201571832075203,0.43753298212719555,26,2,1.0
5,30,5,0,60.0,51.798989873223334,27.31132461112566,0.5272559306266282,23,2,1.0
5,30,5,1,60.0,55.31370849898476,28.386967503868476,0.5131994992595641,26,2,1.0
5,30,5,2,60.0,54.14213562373095,26.459754119459514,0.48870909532172174,25,2,1.0
5,30,5,3,60.0,52.97056274847714,29.333128722419332,0.5537628297759143,24,2,1.0
5,30,5,4,60.0,54.14213562373095,32.21492550698995,0.5950065533223975,25,2,1.0
6,30,0,0,60.0,52.97056274847714,25.795112761067905,0.48697071397093084,24,2,1.0
6,30,0,1,60.0,54.14213562373095,27.075916040348112,0.5000895463104066,25,2,1.0
6,30,0,2,60.0,52.97056274847714,26.79885449030496,0.5059197618412201,24,2,1.0
6,30,0,3,60.0,52.97056274847714,26.236317466127566,0.49529995727451165,24,2,1.0
6,30,0,4,60.0,51.798989873223334,30.598105198984385,0.5907085306851049,23,2,1.0
6,30,0,5,60.0,52.97056274847714,26.63726246577557,0.5028691613539894,24,2,1.0
6,30,1,0,60.0,54.14213562373095,23.603281689313157,0.4359503262550959,25,2,1.0
6,30,1,1,60.0,52.97056274847714,28.30903966337346,0.5344296566716638,24,2,1.0
6,30,1,2,60.0,51.798989873223334,28.454448576661306,0.5493243911957129,23,2,1.0
6,30,1,3,60.0,51.798989873223334,25.658671068659597,0.49535079991827097,23,2,1.0
6,30,1,4,60.0,52.97056274847714,26.76790012527902,0.5053353926478452,24,2,1.0
6,30,1,5,60.0,51.798989873223334,31.165455930277382,0.6016614610932378,23,2,1.0
6,30,2,0,60.0,52.97056274847714,28.606142027284065,0.5400384769011438,24,2,1.0
6,30,2,1,60.0,54.14213562373095,29.86234746271753,0.5515546647485514,25,2,1.0
6,30,2,2,60.0,51.798989873223334,31.117396616821992,0.6007336570265367,23,2,1.0
6,30,2,3,60.0,54.14213562373095,26.209862264214408,0.48409361696339154,25,2,1.0
6,30,2,4,60.0,51.798989873223334,26.862205926087285,0.5185855166641633,23,2,1.0
6,30,2,5,60.0,51.798989873223334,26.660371947929313,0.5146890318359465,23,2,1.0
6,30,3,0,60.0,52.97056274847714,26.735402140795877,0.5047218823735169,24,2,1.0
6,30,3,1,60.0,52.97056274847714,28.77464364953115,0.5432195196068291,24,2,1.0
6,30,3,2,60.0,52.97056274847714,26.439147569769965,0.49912906712568517,24,2,1.0
6,30,3,3,60.0,52.97056274847714,25.401473795732436,0.4795394362024728,24,2,1.0
6,30,3,4,60.0,51.798989873223334,30.16401902408606,0.5823283252803134,23,2,1.0
6,30,3,5,60.0,51.798989873223334,25.773260409981198,0.49756299250353286,23,2,1.0
6,30,4,0,60.0,51.798989873223334,27.339034455723333,0.5277908801433174,23,2,1.0
6,30,4,1,60.0,52.97056274847714,27.517406531494565,0.5194848818608344,24,2,1.0
6,30,4,2,60.0,51.798989873223334,29.982282446315082,0.5788198287205201,23,2,1.0
6,30,4,3,60.0,52.97056274847714,28.74399994784038,0.5426410152432587,24,2,1.0
6,30,4,4,60.0,54.14213562373095,26.985617563296554,0.49842174218684737,25,2,1.0
6,30,4,5,60.0,51.798989873223334,27.334509489641746,0.5277035238822656,23,2,1.0
6,30,5,0,60.0,52.97056274847714,26.8166204212367,0.5062551543688792,24,2,1.0
6,30,5,1,60.0,52.97056274847714,30.175276361296063,0.5696612381593695,24,2,1.0
6,30,5,2,60.0,52.97056274847714,30.450892087156337,0.5748644248268209,24,2,1.0
6,30,5,3,60.0,52.97056274847714,27.352944968184513,0.5163801090440725,24,2,1.0
6,30,5,4,60.0,51.798989873223334,29.838424418176476,0.5760425925525814,23,2,1.0
6,30,5,5,60.0,51.798989873223334,26.935094233829695,0.5199926542921518,23,2,1.0
7,30,0,0,60.0,54.14213562373095,28.212745453666088,0.5210866754450707,25,2,1.0
7,30,0,1,60.0,52.97056274847714,27.233755443979124,0.5141300003417855,24,2,1.0
7,30,0,2,60.0,51.798989873223334,26.884270155589576,0.5190114753470699,23,2,1.0
7,30,0,3,60.0,55.31370849898476,28.135326559266236,0.5086501578497966,26,2,1.0
7,30,0,4,60.0,52.97056274847714,25.3554833614644,0.47867120992958206,24,2,1.0
7,30,0,5,60.0,51.798989873223334,31.262674660493566,0.6035383071563392,23,2,1.0
7,30,0,6,60.0,54.14213562373095,27.737166373996303,0.512302775914862,25,2,1.0
7,30,1,0,60.0,54.14213562373095,27.989936546049748,0.5169714165058078,25,2,1.0
7,30,1,1,60.0,52.97056274847714,26.65182379777848,0.503144056149275,24,2,1.0
7,30,1,2,60.0,51.798989873223334,26.50170357480843,0.5116258760966315,23,2,1.0
7,30,1,3,60.0,52.97056274847714,26.147161575124734,0.4936168358127636,24,2,1.0
7,30,1,4,60.0,54.14213562373095,29.904192189249827,0.552327532793933,25,2,1.0
7,30,1,5,60.0,52.97056274847714,29.010502851691854,0.5476721663208285,24,2,1.0
7,30,1,6,60.0,54.14213562373095,25.24022728667715,0.4661845528607879,25,2,1.0
7,30,2,0,60.0,51.798989873223334,27.910233475969562,0.5388181032927307,23,2,1.0
7,30,2,1,60.0,52.97056274847714,27.861048787255143,0.5259723012486992,24,2,1.0
7,30,2,2,60.0,51.798989873223334,29.312775023083134,0.5658947229439296,23,2,1.0
7,30,2,3,60.0,52.97056274847714,26.175851361565343,0.49415845336319136,24,2,1.0
7,30,2,4,60.0,52.97056274847714,28.35390285224419,0.5352766023438054,24,2,1.0
7,30,2,5,60.0,51.798989873223334,27.42337088352621,0.5294190282598983,23,2,1.0
7,30,2,6,60.0,52.97056274847714,26.873083116011212,0.5073210802689422,24,2,1.0
7,30,3,0,60.0,52.97056274847714,29.979635792956692,0.5659678553031529,24,2,1.0
7,30,3,1,60.0,54.14213562373095,29.943715977657565,0.5530575333369928,25,2,1.0
7,30,3,2,60.0,52.97056274847714,25.428023203423827,0.48004064680537795,24,2,1.0
7,30,3,3,60.0,56.48528137423857,30.982649167991454,0.5485083620761039,27,2,1.0
7,30,3,4,60.0,51.798989873223334,28.487365203040063,0.5499598596953752,23,2,1.0
7,30,3,5,60.0,54.14213562373095,27.81760306289847,0.5137884337666537,25,2,1.0
7,30,3,6,60.0,52.97056274847714,25.658064907074916,0.4843834683975028,24,2,1.0
7,30,4,0,60.0,54.14213562373095,26.74920917274107,0.49405530211513615,25,2,1.0
7,30,4,1,60.0,51.798989873223334,27.07723144609371,0.5227366694285839,23,2,1.0
7,30,4,2,60.0,54.14213562373095,28.000142597822745,0.5171599212933531,25,2,1.0
7,30,4,3,60.0,52.97056274847714,30.257860405212963,0.5712202935975577,24,2,1.0
7,30,4,4,60.0,51.798989873223334,28.193859238978618,0.5442936108982501,23,2,1.0
7,30,4,5,60.0,51.798989873223334,27.424921001433873,0.5294489538995962,23,2,1.0
7,30,4,6,60.0,52.97056274847714,27.04163320214851,0.5105030378958157,24,2,1.0
7,30,5,0,60.0,51.798989873223334,28.890334476166647,0.5577393409963202,23,2,1.0
7,30,5,1,60.0,55.31370849898476,29.39667777399126,0.5314537493816892,26,2,1.0
7,30,5,2,60.0,51.798989873223334,26.155953566411632,0.5049510353469757,23,2,1.0
7,30,5,3,60.0,52.97056274847714,29.247174734317515,0.5521401551498213,24,2,1.0
7,30,5,4,60.0,54.14213562373095,27.112667482853123,0.5007683418932114,25,2,1.0
7,30,5,5,60.0,51.798989873223334,28.481058068029967,0.549838097957829,23,2,1.0
7,30,5,6,60.0,51.798989873223334,26.969725463521634,0.520661223887364,23,2,1.0
8,30,0,0,60.0,52.97056274847714,24.356859252514752,0.4598187745931582,24,2,1.0
8,30,0,1,60.0,52.97056274847714,26.375629025867525,0.4979299380130864,24,2,1.0
8,30,0,2,60.0,52.97056274847714,28.41963488167435,0.536517518543663,24,2,1.0
8,30,0,3,60.0,52.97056274847714,27.769659268509855,0.5242470124467048,24,2,1.0
8,30,0,4,60.0,52.97056274847714,25.839762810681798,0.4878136359128008,24,2,1.0
8,30,0,5,60.0,52.97056274847714,26.600487881106286,0.5021749156680618,24,2,1.0
8,30,0,6,60.0,54.14213562373095,25.916321291614256,0.47867194363598237,25,2,1.0
8,30,0,7,60.0,52.97056274847714,33.921851673468296,0.6403906228925899,24,2,1.0
8,30,1,0,60.0,51.798989873223334,26.22694478463324,0.5063215489109536,23,2,1.0
8,30,1,1,60.0,52.97056274847714,26.623660374387004,0.5026123754962828,24,2,1.0
8,30,1,2,60.0,52.97056274847714,25.666364895347215,0.48454015897886793,24,2,1.0
8,30,1,3,60.0,52.97056274847714,25.65389335661016,0.4843047161576112,24,2,1.0
8,30,1,4,60.0,52.97056274847714,25.483967292187806,0.4810967822485603,24,2,1.0
8,30,1,5,60.0,52.97056274847714,31.82308519319118,0.6007692488429541,24,2,1.0
8,30,1,6,60.0,52.97056274847714,30.822207574625665,0.5818742708281266,24,2,1.0
8,30,1,7,60.0,52.97056274847714,28.617475911181515,0.5402524426079321,24,2,1.0
8,30,2,0,60.0,52.97056274847714,27.738527265906523,0.5236592897383175,24,2,1.0
8,30,2,1,60.0,52.97056274847714,29.797512113016438,0.5625296498076772,24,2,1.0
8,30,2,2,60.0,51.798989873223334,28.795448989564758,0.5559075391246212,23,2,1.0
8,30,2,3,60.0,52.97056274847714,29.00321090648243,0.5475345059896735,24,2,1.0
8,30,2,4,60.0,52.97056274847714,28.597099350841972,0.5398677655480282,24,2,1.0
8,30,2,5,60.0,51.798989873223334,25.92972949536034,0.500583690122581,23,2,1.0
8,30,2,6,60.0,51.798989873223334,25.82694441891634,0.4985993835425577,23,2,1.0
8,30,2,7,60.0,52.97056274847714,26.768985401635618,0.5053558809398377,24,2,1.0
8,30,3,0,60.0,52.97056274847714,28.19109355629893,0.532203021707739,24,2,1.0
8,30,3,1,60.0,51.798989873223334,26.98241413543174,0.520906183720387,23,2,1.0
8,30,3,2,60.0,52.97056274847714,26.530585408521564,0.5008552681325685,24,2,1.0
8,30,3,3,60.0,55.31370849898476,27.501999238119556,0.4972004225430724,26,2,1.0
8,30,3,4,60.0,52.97056274847714,26.691476683800683,0.5038926395881652,24,2,1.0
8,30,3,5,60.0,52.97056274847714,25.550671326014367,0.4823560483459075,24,2,1.0
8,30,3,6,60.0,52.97056274847714,30.571153095822105,0.5771347614520292,24,2,1.0
8,30,3,7,60.0,51.798989873223334,28.90491955960632,0.5580209118044648,23,2,1.0
8,30,4,0,60.0,52.97056274847714,25.842779558366782,0.48787058731237926,24,2,1.0
8,30,4,1,60.0,51.798989873223334,28.94249054391549,0.5587462345260299,23,2,1.0
8,30,4,2,60.0,52.97056274847714,28.706441089704562,0.5419319637213,24,2,1.0
8,30,4,3,60.0,52.97056274847714,32.04832251946068,0.6050213714292103,24,2,1.0
8,30,4,4,60.0,51.798989873223334,26.780890621962893,0.5170156925358664,23,2,1.0
8,30,4,5,60.0,52.97056274847714,28.9415622025264,0.5463706764821645,24,2,1.0
8,30,4,6,60.0,52.97056274847714,29.065973287557803,0.5487193599504174,24,2,1.0
8,30,4,7,60.0,52.97056274847714,26.492152856549687,0.5001297226601829,24,2,1.0
8,30,5,0,60.0,52.97056274847714,28.34445938823047,0.5350983247586009,24,2,1.0
8,30,5,1,60.0,51.798989873223334,28.11704815546949,0.5428107425315672,23,2,1.0
8,30,5,2,60.0,52.97056274847714,28.12028185035625,0.5308662092921541,24,2,1.0
8,30,5,3,60.0,54.14213562373095,24.74417531599479,0.45702252101686974,25,2,1.0
8,30,5,4,60.0,52.97056274847714,27.97053731486148,0.5280392705600547,24,2,1.0
8,30,5,5,60.0,51.798989873223334,25.948172903932097,0.5009397474244105,23,2,1.0
8,30,5,6,60.0,52.97056274847714,28.849436315293758,0.5446314862139756,24,2,1.0
8,30,5,7,60.0,51.798989873223334,26.105057615826233,0.5039684688778232,23,2,1.0
9,30,0,0,60.0,51.798989873223334,28.509958345069933,0.5503960292439545,23,2,1.0
9,30,0,1,60.0,54.14213562373095,30.0135028319852,0.554346489775886,25,2,1.0
9,30,0,2,60.0,52.97056274847714,25.844643176771335,0.4879057694646513,24,2,1.0
9,30,0,3,60.0,51.798989873223334,29.523161950757668,0.5699563258475664,23,2,1.0
9,30,0,4,60.0,52.97056274847714,25.45943396757838,0.48063363208861354,24,2,1.0
9,30,0,5,60.0,51.798989873223334,25.821707959019747,0.498498291611819,23,2,1.0
9,30,0,6,60.0,51.798989873223334,30.38279221763942,0.5865518283657751,23,2,1.0
9,30,0,7,60.0,52.97056274847714,24.783987394164715,0.4678822747616974,24,2,1.0
9,30,0,8,60.0,52.97056274847714,28.57757014439145,0.5394990851822323,24,2,1.0
9,30,1,0,60.0,51.798989873223334,28.625959520910904,0.5526354778533749,23,2,1.0
9,30,1,1,60.0,56.48528137423857,25.331608807206763,0.44846388635960366,27,2,1.0
9,30,1,2,60.0,52.97056274847714,27.348177226751247,0.516290101666656,24,2,1.0
9,30,1,3,60.0,52.97056274847714,27.128664583630524,0.5121460519958408,24,2,1.0
9,30,1,4,60.0,51.798989873223334,25.38643240747126,0.49009512482007633,23,2,1.0
9,30,1,5,60.0,51.798989873223334,30.333844664105353,0.5856068764728162,23,2,1.0
9,30,1,6,60.0,51.798989873223334,25.713405793290935,0.49640747543965275,23,2,1.0
9,30,1,7,60.0,52.97056274847714,27.39495187072793,0.5171731325719304,24,2,1.0
9,30,1,8,60.0,55.31370849898476,30.70251019805011,0.5550615033995349,26,2,1.0
9,30,2,0,60.0,55.31370849898476,29.423376563676168,0.5319364288188382,26,2,1.0
9,30,2,1,60.0,51.798989873223334,28.739557211516356,0.5548285262290957,23,2,1.0
9,30,2,2,60.0,52.97056274847714,27.32522351614757,0.5158567721075069,24,2,1.0
9,30,2,3,60.0,52.97056274847714,26.889027548319415,0.5076220857988233,24,2,1.0
9,30,2,4,60.0,51.798989873223334,27.376066465947467,0.5285057977568611,23,2,1.0
9,30,2,5,60.0,54.14213562373095,26.780027802518806,0.4946245192216041,25,2,1.0
9,30,2,6,60.0,51.798989873223334,25.836324542388617,0.49878047053856345,23,2,1.0
9,30,2,7,60.0,52.97056274847714,25.608131622938494,0.48344080738833956,24,2,1.0
9,30,2,8,60.0,51.798989873223334,27.03760993488105,0.5219717604736094,23,2,1.0
9,30,3,0,60.0,52.97056274847714,26.413478168039084,0.49864446963608006,24,2,1.0
9,30,3,1,60.0,52.97056274847714,26.885659759212167,0.5075585072953582,24,2,1.0
9,30,3,2,60.0,54.14213562373095,28.26565040284672,0.522063824731318,25,2,1.0
9,30,3,3,60.0,51.798989873223334,31.24313517161996,0.6031610895904865,23,2,1.0
9,30,3,4,60.0,52.97056274847714,28.26618751962556,0.5336206763338226,24,2,1.0
9,30,3,5,60.0,54.14213562373095,26.34480070757752,0.48658591694026887,25,2,1.0
9,30,3,6,60.0,52.97056274847714,26.832973592798268,0.5065638762459569,24,2,1.0
9,30,3,7,60.0,51.798989873223334,28.605406916693973,0.5522387016948584,23,2,1.0
9,30,3,8,60.0,52.97056274847714,27.414944759221555,0.5175505665174326,24,2,1.0
9,30,4,0,60.0,54.14213562373095,31.63348887891214,0.5842674751279466,25,2,1.0
9,30,4,1,60.0,52.97056274847714,27.171114950497063,0.5129474474249985,24,2,1.0
9,30,4,2,60.0,51.798989873223334,26.808148245307123,0.5175419117422823,23,2,1.0
9,30,4,3,60.0,51.798989873223334,26.95079283706429,0.5202957220406353,23,2,1.0
9,30,4,4,60.0,52.97056274847714,30.918340419645588,0.5836891060881634,24,2,1.0
9,30,4,5,60.0,54.14213562373095,26.30841192252644,0.48591381960550595,25,2,1.0
9,30,4,6,60.0,52.97056274847714,26.816936520288838,0.5062611218163772,24,2,1.0
9,30,4,7,60.0,54.14213562373095,30.443891620487157,0.5622957290059933,25,2,1.0
9,30,4,8,60.0,52.97056274847714,31.089878120064714,0.5869274651222867,24,2,1.0
9,30,5,0,60.0,51.798989873223334,26.670797582439953,0.51489030283633,23,2,1.0
9,30,5,1,60.0,54.14213562373095,31.53701393183483,0.5824855922013519,25,2,1.0
9,30,5,2,60.0,52.97056274847714,25.727569475311842,0.48569560413158885,24,2,1.0
9,30,5,3,60.0,52.97056274847714,26.34822353748882,0.49741256596799716,24,2,1.0
9,30,5,4,60.0,52.97056274847714,23.144333417848024,0.43692821478498267,24,2,1.0
9,30,5,5,60.0,51.798989873223334,31.18815565002727,0.6020996881668824,23,2,1.0
9,30,5,6,60.0,52.97056274847714,30.219355032393484,0.5704933733833565,24,2,1.0
9,30,5,7,60.0,55.31370849898476,27.72541516745826,0.5012394923397179,26,2,1.0
9,30,5,8,60.0,54.14213562373095,28.655783923790562,0.5292695530693194,25,2,1.0
10,30,0,0,60.0,52.97056274847714,25.451337044107337,0.4804807750478173,24,2,1.0
10,30,0,1,60.0,52.97056274847714,25.810832957077846,0.4872674862760427,24,2,1.0
10,30,0,2,60.0,52.97056274847714,26.47617442619461,0.4998280753012347,24,2,1.0
10,30,0,3,60.0,52.97056274847714,26.647011848056888,0.5030532141896674,24,2,1.0
10,30,0,4,60.0,52.97056274847714,26.778275484156303,0.5055312629263345,24,2,1.0
10,30,0,5,60.0,54.14213562373095,25.519319757302238,0.4713393637564032,25,2,1.0
10,30,0,6,60.0,51.798989873223334,26.58817068736125,0.5132951579255715,23,2,1.0
10,30,0,7,60.0,52.97056274847714,28.952889239900028,0.5465845129374691,24,2,1.0
10,30,0,8,60.0,54.14213562373095,26.11367462588457,0.48231704060152975,25,2,1.0
10,30,0,9,60.0,52.97056274847714,28.609407343093444,0.5401001208716806,24,2,1.0
10,30,1,0,60.0,51.798989873223334,27.606144325040663,0.5329475418846192,23,2,1.0
10,30,1,1,60.0,52.97056274847714,30.14647944168354,0.5691175981050007,24,2,1.0
10,30,1,2,60.0,52.97056274847714,25.108954184344363,0.4740171310539121,24,2,1.0
10,30,1,3,60.0,51.798989873223334,27.74177800752475,0.5355660038047464,23,2,1.0
10,30,1,4,60.0,54.14213562373095,29.803911384621415,0.5504753560470583,25,2,1.0
10,30,1,5,60.0,51.798989873223334,26.550036613382666,0.5125589645350842,23,2,1.0
10,30,1,6,60.0,51.798989873223334,26.15200894934808,0.5048748829534019,23,2,1.0
10,30,1,7,60.0,52.97056274847714,26.7173871679118,0.5043817883297813,24,2,1.0
10,30,1,8,60.0,52.97056274847714,28.68882871067033,0.541599470009314,24,2,1.0
10,30,1,9,60.0,55.31370849898476,29.637850175480523,0.535813833130073,26,2,1.0
10,30,2,0,60.0,52.97056274847714,29.166494307196757,0.5506170369699398,24,2,1.0
10,30,2,1,60.0,52.97056274847714,27.148004512537106,0.5125111591025637,24,2,1.0
10,30,2,2,60.0,52.97056274847714,28.42653491863667,0.5366477802702578,24,2,1.0
10,30,2,3,60.0,52.97056274847714,24.912170682850633,0.4703021714370372,24,2,1.0
10,30,2,4,60.0,52.97056274847714,29.882860436485245,0.5641408904485228,24,2,1.0
10,30,2,5,60.0,54.14213562373095,26.724109856369864,0.4935917201732335,25,2,1.0
10,30,2,6,60.0,55.31370849898476,25.91546322175943,0.46851791219594485,26,2,1.0
10,30,2,7,60.0,52.97056274847714,28.819943733662925,0.5440747131668234,24,2,1.0
10,30,2,8,60.0,52.97056274847714,28.376776973776945,0.5357084293878444,24,2,1.0
10,30,2,9,60.0,51.798989873223334,27.965690195049532,0.5398887172026873,23,2,1.0
10,30,3,0,60.0,52.97056274847714,27.677256747100166,0.5225025997651094,24,2,1.0
10,30,3,1,60.0,54.14213562373095,28.237319048573113,0.5215405473624587,25,2,1.0
10,30,3,2,60.0,52.97056274847714,30.115403391376688,0.5685309316870053,24,2,1.0
10,30,3,3,60.0,55.31370849898476,27.288668774416116,0.49334368486461144,26,2,1.0
10,30,3,4,60.0,51.798989873223334,25.75570687311344,0.4972241145271337,23,2,1.0
10,30,3,5,60.0,51.798989873223334,26.997724857273234,0.5212017632650647,23,2,1.0
10,30,3,6,60.0,52.97056274847714,28.904507181972512,0.5456711366126367,24,2,1.0
10,30,3,7,60.0,52.97056274847714,30.804905809036217,0.581547641004094,24,2,1.0
10,30,3,8,60.0,51.798989873223334,27.733124818018602,0.5353989505566555,23,2,1.0
10,30,3,9,60.0,52.97056274847714,26.393856368561444,0.4982740412611577,24,2,1.0
10,30,4,0,60.0,52.97056274847714,28.24127385304628,0.5331503459222394,24,2,1.0
10,30,4,1,60.0,51.798989873223334,27.51502540308485,0.5311884550341068,23,2,1.0
10,30,4,2,60.0,52.97056274847714,27.2600036631911,0.5146255249850975,24,2,1.0
10,30,4,3,60.0,52.97056274847714,25.74357500702431,0.4859977631210727,24,2,1.0
10,30,4,4,60.0,51.798989873223334,28.498848167472474,0.5501815428683582,23,2,1.0
10,30,4,5,60.0,52.97056274847714,25.23759312948719,0.4764456297986517,24,2,1.0
10,30,4,6,60.0,52.97056274847714,28.205350777446583,0.5324721753736222,24,2,1.0
10,30,4,7,60.0,54.14213562373095,25.309821431528214,0.46746994997431734,25,2,1.0
10,30,4,8,60.0,52.97056274847714,27.117559577185553,0.5119364071314337,24,2,1.0
10,30,4,9,60.0,54.14213562373095,26.16388407612478,0.48324440428347143,25,2,1.0
10,30,5,0,60.0,52.97056274847714,26.009903643236697,0.49102562430270685,24,2,1.0
10,30,5,1,60.0,52.97056274847714,33.567990302114254,0.6337102828510031,24,2,1.0
10,30,5,2,60.0,52.97056274847714,24.78207000442788,0.4678460774921698,24,2,1.0
10,30,5,3,60.0,51.798989873223334,31.203963433089193,0.6024048636751426,23,2,1.0
10,30,5,4,60.0,52.97056274847714,29.08965416105358,0.5491664171887599,24,2,1.0
10,30,5,5,60.0,52.97056274847714,28.207219596782945,0.5325074557112173,24,2,1.0
10,30,5,6,60.0,54.14213562373095,26.340093344428084,0.4864989723989203,25,2,1.0
10,30,5,7,60.0,51.798989873223334,27.757457587274484,0.5358687042973257,23,2,1.0
10,30,5,8,60.0,52.97056274847714,27.5317674962365,0.5197559940408225,24,2,1.0
10,30,5,9,60.0,52.97056274847714,29.644936525916854,0.559649265322731,24,2,1.0
1,31,0,0,62.0,56.14213562373095,27.719474621604007,0.49373744539007436,26,2,1.0
1,31,1,0,62.0,54.97056274847714,29.400809917080565,0.5348464422968829,25,2,1.0
1,31,2,0,62.0,54.97056274847714,29.720657896141077,0.5406649743087164,25,2,1.0
1,31,3,0,62.0,56.14213562373095,29.18255614481175,0.5197977565441321,26,2,1.0
1,31,4,0,62.0,54.97056274847714,25.727817174883548,0.46802899385628516,25,2,1.0
1,31,5,0,62.0,54.97056274847714,28.599801971926084,0.5202748624347745,25,2,1.0
2,31,0,0,62.0,56.14213562373095,27.450082931384127,0.4889390584525812,26,2,1.0
2,31,0,1,62.0,54.97056274847714,30.469053685118254,0.5542794572530066,25,2,1.0
2,31,1,0,62.0,53.798989873223334,32.326034452553316,0.6008669406011009,24,2,1.0
2,31,1,1,62.0,54.97056274847714,27.01634042106852,0.49146923499190404,25,2,1.0
2,31,2,0,62.0,53.798989873223334,30.36642474934802,0.564442284528132,24,2,1.0
2,31,2,1,62.0,54.97056274847714,29.994800452772665,0.545652053627623,25,2,1.0
2,31,3,0,62.0,54.97056274847714,26.810599000419227,0.4877264786808457,25,2,1.0
2,31,3,1,62.0,54.97056274847714,30.563072097245808,0.5559897983415224,25,2,1.0
2,31,4,0,62.0,56.14213562373095,24.1210196327036,0.42964200354551146,26,2,1.0
2,31,4,1,62.0,56.14213562373095,27.53063433013645,0.4903738346301777,26,2,1.0
2,31,5,0,62.0,54.97056274847714,30.860704508682367,0.561404194639381,25,2,1.0
2,31,5,1,62.0,54.97056274847714,30.226963856856685,0.5498754668960355,25,2,1.0
3,31,0,0,62.0,53.798989873223334,31.119271748835608,0.5784359859203266,24,2,1.0
3,31,0,1,62.0,53.798989873223334,26.441702251117817,0.49149068250960415,24,2,1.0
3,31,0,2,62.0,54.97056274847714,29.95696666750576,0.5449637982528324,25,2,1.0
3,31,1,0,62.0,56.14213562373095,31.705872023603497,0.5647428917934075,26,2,1.0
3,31,1,1,62.0,53.798989873223334,28.84043171445345,0.5360775691591158,24,2,1.0
3,31,1,2,62.0,54.97056274847714,28.09157022867386,0.5110293368690697,25,2,1.0
3,31,2,0,62.0,53.798989873223334,27.33954691596533,0.5081795583967401,24,2,1.0
3,31,2,1,62.0,54.97056274847714,28.52545852537594,0.5189224395590927,25,2,1.0
3,31,2,2,62.0,54.97056274847714,28.998935637027515,0.527535724342405,25,2,1.0
3,31,3,0,62.0,56.14213562373095,26.72923476952134,0.476099358753696,26,2,1.0
3,31,3,1,62.0,54.97056274847714,29.243328050058977,0.5319816022962055,25,2,1.0
3,31,3,2,62.0,54.97056274847714,25.090570993734747,0.45643649508445017,25,2,1.0
3,31,4,0,62.0,56.14213562373095,27.01709500065419,0.4812267061182871,26,2,1.0
3,31,4,1,62.0,56.14213562373095,28.78362269748202,0.5126919804118629,26,2,1.0
3,31,4,2,62.0,54.97056274847714,25.671766783745287,0.4670093500990487,25,2,1.0
3,31,5,0,62.0,53.798989873223334,25.98546925413956,0.483010356056387,24,2,1.0
3,31,5,1,62.0,54.97056274847714,25.59600299060858,0.4656310889107219,25,2,1.0
3,31,5,2,62.0,54.97056274847714,29.354845721350216,0.5340102821152843,25,2,1.0
4,31,0,0,62.0,54.97056274847714,24.155404282461895,0.4394243586878884,25,2,1.0
4,31,0,1,62.0,56.14213562373095,26.586877891521386,0.4735637074746987,26,2,1.0
4,31,0,2,62.0,53.798989873223334,26.804199564629748,0.498228677300327,24,2,1.0
4,31,0,3,62.0,54.97056274847714,26.52723318185452,0.4825716138878241,25,2,1.0
4,31,1,0,62.0,53.798989873223334,30.53319158900242,0.5675420981128738,24,2,1.0
4,31,1,1,62.0,53.798989873223334,28.3907208560387,0.527718474323423,24,2,1.0
4,31,1,2,62.0,54.97056274847714,27.81075717784784,0.5059209108900433,25,2,1.0
4,31,1,3,62.0,53.798989873223334,27.94141671369629,0.5193669394079684,24,2,1.0
4,31,2,0,62.0,53.798989873223334,25.486816023738566,0.47374153462356705,24,2,1.0
4,31,2,1,62.0,54.97056274847714,25.36720514136003,0.46146890031724813,25,2,1.0
4,31,2,2,62.0,54.97056274847714,26.703738065701543,0.48578251213994206,25,2,1.0
4,31,2,3,62.0,54.97056274847714,28.522102748474794,0.5188613927599812,25,2,1.0
4,31,3,0,62.0,54.97056274847714,27.668602916266018,0.5033349038623863,25,2,1.0
4,31,3,1,62.0,54.97056274847714,28.991269292870854,0.5273962616232085,25,2,1.0
4,31,3,2,62.0,54.97056274847714,24.99924289669889,0.4547750950101279,25,2,1.0
4,31,3,3,62.0,54.97056274847714,28.46892464266971,0.5178940003385428,25,2,1.0
4,31,4,0,62.0,53.798989873223334,30.68391053729604,0.5703436181534691,24,2,1.0
4,31,4,1,62.0,54.97056274847714,30.00935392469618,0.5459168039084252,25,2,1.0
4,31,4,2,62.0,53.798989873223334,27.561623686484545,0.5123074569138413,24,2,1.0
4,31,4,3,62.0,54.97056274847714,27.325136189039526,0.4970867101009716,25,2,1.0
4,31,5,0,62.0,54.97056274847714,30.1706104873428,0.5488503114911011,25,2,1.0
4,31,5,1,62.0,53.798989873223334,28.490242601379084,0.5295683556237021,24,2,1.0
4,31,5,2,62.0,53.798989873223334,27.674955044439304,0.5144140272829472,24,2,1.0
4,31,5,3,62.0,56.14213562373095,26.799754557276568,0.47735545254086253,26,2,1.0
5,31,0,0,62.0,54.97056274847714,27.356868291466377,0.4976639663785186,25,2,1.0
5,31,0,1,62.0,53.798989873223334,26.360468971152653,0.4899807418925667,24,2,1.0
5,31,0,2,62.0,54.97056274847714,28.83399985652828,0.5245352860668517,25,2,1.0
5,31,0,3,62.0,54.97056274847714,28.124879913519116,0.5116352918234999,25,2,1.0
5,31,0,4,62.0,56.14213562373095,27.95907835225182,0.49800525116528843,26,2,1.0
5,31,1,0,62.0,54.97056274847714,26.640670607798448,0.4846352170287083,25,2,1.0
5,31,1,1,62.0,54.97056274847714,28.47833275711026,0.518065148567161,25,2,1.0
5,31,1,2,62.0,54.97056274847714,28.351648726989673,0.515760569101598,25,2,1.0
5,31,1,3,62.0,53.798989873223334,26.747924993629695,0.49718266191727495,24,2,1.0
5,31,1,4,62.0,53.798989873223334,28.76230930974058,0.5346254525878388,24,2,1.0
5,31,2,0,62.0,57.31370849898476,27.670745844557427,0.48279454548029427,27,2,1.0
5,31,2,1,62.0,56.14213562373095,28.828965548940758,0.5134996242778289,26,2,1.0
5,31,2,2,62.0,53.798989873223334,29.132260310280962,0.5415019943484214,24,2,1.0
5,31,2,3,62.0,54.97056274847714,27.22371461394498,0.4952416939682715,25,2,1.0
5,31,2,4,62.0,54.97056274847714,27.416335756450952,0.4987457720215984,25,2,1.0
5,31,3,0,62.0,56.14213562373095,31.495504929467305,0.560995847050648,26,2,1.0
5,31,3,1,62.0,56.14213562373095,24.632103704418633,0.4387453991687268,26,2,1.0
5,31,3,2,62.0,56.14213562373095,28.246116972141966,0.5031179640448608,26,2,1.0
5,31,3,3,62.0,53.798989873223334,25.378281898224955,0.47172413381791306,24,2,1.0
5,31,3,4,62.0,54.97056274847714,26.765544409104038,0.48690686561773516,25,2,1.0
5,31,4,0,62.0,54.97056274847714,27.713320148268224,0.5041483798350959,25,2,1.0
5,31,4,1,62.0,53.798989873223334,27.62934008800004,0.5135661497196925,24,2,1.0
5,31,4,2,62.0,53.798989873223334,30.69690349617202,0.5705851274997709,24,2,1.0
5,31,4,3,62.0,56.14213562373095,32.578278817728375,0.5802821438085396,26,2,1.0
5,31,4,4,62.0,54.97056274847714,32.558017500727445,0.5922809568040924,25,2,1.0
5,31,5,0,62.0,54.97056274847714,28.442745289944583,0.5174177572110181,25,2,1.0
5,31,5,1,62.0,54.97056274847714,28.821700949668436,0.5243115498297657,25,2,1.0
5,31,5,2,62.0,56.14213562373095,26.986473052137914,0.4806812700001902,26,2,1.0
5,31,5,3,62.0,56.14213562373095,26.67489757115504,0.4751315081765382,26,2,1.0
5,31,5,4,62.0,56.14213562373095,28.184444719292813,0.5020194619632427,26,2,1.0
6,31,0,0,62.0,54.97056274847714,28.15971325806238,0.5122689645166947,25,2,1.0
6,31,0,1,62.0,53.798989873223334,27.50931284939488,0.5113351182656076,24,2,1.0
6,31,0,2,62.0,54.97056274847714,26.313712270713193,0.4786873365498185,25,2,1.0
6,31,0,3,62.0,53.798989873223334,28.95944112759245,0.5382896815690223,24,2,1.0
6,31,0,4,62.0,54.97056274847714,26.870781870477387,0.4888212986544656,25,2,1.0
6,31,0,5,62.0,54.97056274847714,28.709995168655645,0.5222794480023948,25,2,1.0
6,31,1,0,62.0,54.97056274847714,27.079556823161866,0.49261923962952436,25,2,1.0
6,31,1,1,62.0,53.798989873223334,30.367086544186684,0.5644545857784014,24,2,1.0
6,31,1,2,62.0,53.798989873223334,26.81551712235348,0.49843904477656403,24,2,1.0
6,31,1,3,62.0,56.14213562373095,26.210530284693192,0.46686022883700484,26,2,1.0
6,31,1,4,62.0,54.97056274847714,29.16673053079431,0.530588174333404,25,2,1.0
6,31,1,5,62.0,53.798989873223334,30.263995873521885,0.5625383663306435,24,2,1.0
6,31,2,0,62.0,54.97056274847714,30.32468422907233,0.5516531523940497,25,2,1.0
6,31,2,1,62.0,54.97056274847714,27.351144957741877,0.4975598500399123,25,2,1.0
6,31,2,2,62.0,54.97056274847714,26.95151869057458,0.49029002693484747,25,2,1.0
6,31,2,3,62.0,53.798989873223334,27.836068655281885,0.5174087602922888,24,2,1.0
6,31,2,4,62.0,56.14213562373095,25.519289979052168,0.454547902311456,26,2,1.0
6,31,2,5,62.0,53.798989873223334,31.37830029842089,0.5832507333755425,24,2,1.0
6,31,3,0,62.0,54.97056274847714,25.56189356550314,0.46501058543759016,25,2,1.0
6,31,3,1,62.0,53.798989873223334,27.520210069223815,0.5115376726231264,24,2,1.0
6,31,3,2,62.0,54.97056274847714,27.32135022605673,0.4970178375482179,25,2,1.0
6,31,3,3,62.0,54.97056274847714,30.014386698106645,0.5460083578812942,25,2,1.0
6,31,3,4,62.0,53.798989873223334,29.40104568965898,0.5464980989223438,24,2,1.0
6,31,3,5,62.0,53.798989873223334,25.56800567055989,0.4752506642003983,24,2,1.0
6,31,4,0,62.0,54.97056274847714,26.53071370987592,0.48263493010376546,25,2,1.0
6,31,4,1,62.0,53.798989873223334,27.844081585596435,0.5175577023139407,24,2,1.0
6,31,4,2,62.0,53.798989873223334,27.481002639237254,0.5108088963007652,24,2,1.0
6,31,4,3,62.0,53.798989873223334,25.61174057819205,0.4760635959624113,24,2,1.0
6,31,4,4,62.0,53.798989873223334,30.75507450916886,0.5716663933959135,24,2,1.0
6,31,4,5,62.0,53.798989873223334,29.536510346152756,0.5490160766169622,24,2,1.0
6,31,5,0,62.0,54.97056274847714,30.033280558780618,0.5463520665815383,25,2,1.0
6,31,5,1,62.0,56.14213562373095,26.235160457631988,0.4672989398455042,26,2,1.0
6,31,5,2,62.0,53.798989873223334,27.63712664935094,0.513710884060788,24,2,1.0
6,31,5,3,62.0,54.97056274847714,27.28336862250176,0.49632689312895195,25,2,1.0
6,31,5,4,62.0,54.97056274847714,26.25818035999507,0.47767712475751406,25,2,1.0
6,31,5,5,62.0,56.14213562373095,25.931858732489005,0.46189654961268983,26,2,1.0
7,31,0,0,62.0,54.97056274847714,29.999044480914996,0.5457292590977898,25,2,1.0
7,31,0,1,62.0,53.798989873223334,25.693199142429762,0.477577724098082,24,2,1.0
7,31,0,2,62.0,54.97056274847714,30.293677971741353,0.5510891003672794,25,2,1.0
7,31,0,3,62.0,54.97056274847714,32.0252066522429,0.5825882991006873,25,2,1.0
7,31,0,4,62.0,54.97056274847714,26.691614006109806,0.4855619566465007,25,2,1.0
7,31,0,5,62.0,54.97056274847714,32.08657131138641,0.5837046176551159,25,2,1.0
7,31,0,6,62.0,54.97056274847714,29.231519422610422,0.531766785003856,25,2,1.0
7,31,1,0,62.0,56.14213562373095,28.740872498918094,0.5119305167074816,26,2,1.0
7,31,1,1,62.0,56.14213562373095,25.264973101414725,0.4500180269368907,26,2,1.0
7,31,1,2,62.0,54.97056274847714,27.824722912486205,0.5061749693158643,25,2,1.0
7,31,1,3,62.0,53.798989873223334,28.88939662134083,0.5369877146284409,24,2,1.0
7,31,1,4,62.0,53.798989873223334,24.843887817513277,0.46179097183901774,24,2,1.0
7,31,1,5,62.0,53.798989873223334,29.32558619970166,0.5450954798372061,24,2,1.0
7,31,1,6,62.0,53.798989873223334,29.74153882877388,0.5528270865096065,24,2,1.0
7,31,2,0,62.0,56.14213562373095,28.06494879363094,0.4998910084526256,26,2,1.0
7,31,2,1,62.0,56.14213562373095,27.429273865414462,0.4885684087482463,26,2,1.0
7,31,2,2,62.0,54.97056274847714,26.785177240872457,0.48726401735107744,25,2,1.0
7,31,2,3,62.0,53.798989873223334,25.708533656904947,0.47786275759985075,24,2,1.0
7,31,2,4,62.0,53.798989873223334,31.48817618053684,0.5852930743632612,24,2,1.0
7,31,2,5,62.0,53.798989873223334,25.490641368529197,0.473812639021617,24,2,1.0
7,31,2,6,62.0,54.97056274847714,25.917653888977654,0.47148241882780534,25,2,1.0
7,31,3,0,62.0,53.798989873223334,26.614360971471,0.4947000126617139,24,2,1.0
7,31,3,1,62.0,53.798989873223334,27.29592528027814,0.507368732100745,24,2,1.0
7,31,3,2,62.0,53.798989873223334,26.488593148275278,0.4923622768883826,24,2,1.0
7,31,3,3,62.0,53.798989873223334,26.63292476406768,0.4950450710473904,24,2,1.0
7,31,3,4,62.0,53.798989873223334,26.657721130993107,0.4955059787146878,24,2,1.0
7,31,3,5,62.0,54.97056274847714,27.25969171685768,0.4958961734044256,25,2,1.0
7,31,3,6,62.0,53.798989873223334,26.4884786102308,0.4923601478884748,24,2,1.0
7,31,4,0,62.0,54.97056274847714,27.35839583024122,0.4976917546837218,25,2,1.0
7,31,4,1,62.0,54.97056274847714,27.254739592376062,0.49580608656095854,25,2,1.0
7,31,4,2,62.0,54.97056274847714,31.703791894554698,0.5767412649497206,25,2,1.0
7,31,4,3,62.0,54.97056274847714,30.722625917003892,0.5588923303837745,25,2,1.0
7,31,4,4,62.0,53.798989873223334,27.475504876078467,0.5107067054757749,24,2,1.0
7,31,4,5,62.0,54.97056274847714,28.37521347371515,0.5161892484810197,25,2,1.0
7,31,4,6,62.0,57.31370849898476,31.465048489601187,0.5489969034224779,27,2,1.0
7,31,5,0,62.0,53.798989873223334,25.83404700625679,0.48019576328727376,24,2,1.0
7,31,5,1,62.0,53.798989873223334,26.431634929573285,0.491303554060385,24,2,1.0
7,31,5,2,62.0,54.97056274847714,24.86008081216906,0.4522435203350317,25,2,1.0
7,31,5,3,62.0,54.97056274847714,28.950387843299673,0.5266525644964711,25,2,1.0
7,31,5,4,62.0,54.97056274847714,29.86808166136299,0.5433468418001675,25,2,1.0
7,31,5,5,62.0,56.14213562373095,29.384028821079852,0.52338637450513,26,2,1.0
7,31,5,6,62.0,53.798989873223334,27.13154813263968,0.5043133374172051,24,2,1.0
8,31,0,0,62.0,53.798989873223334,29.21833599542947,0.543101944186724,24,2,1.0
8,31,0,1,62.0,56.14213562373095,30.86134658005532,0.5497002605474525,26,2,1.0
8,31,0,2,62.0,54.97056274847714,25.7602005274276,0.468618097385973,25,2,1.0
8,31,0,3,62.0,54.97056274847714,30.531811039176837,0.5554211110931853,25,2,1.0
8,31,0,4,62.0,56.14213562373095,27.472656398872363,0.4893411355598634,26,2,1.0
8,31,0,5,62.0,54.97056274847714,32.20817531440735,0.5859167835297378,25,2,1.0
8,31,0,6,62.0,53.798989873223334,27.84609035645402,0.5175950407632744,24,2,1.0
8,31,0,7,62.0,53.798989873223334,25.942341817850036,0.48220871579527513,24,2,1.0
8,31,1,0,62.0,56.14213562373095,31.862112981510244,0.5675258453838068,26,2,1.0
8,31,1,1,62.0,54.97056274847714,25.714392300782862,0.46778477452452916,25,2,1.0
8,31,1,2,62.0,53.798989873223334,31.208005341613763,0.5800853401737662,24,2,1.0
8,31,1,3,62.0,53.798989873223334,25.965758641931934,0.4826439809208301,24,2,1.0
8,31,1,4,62.0,54.97056274847714,27.492431541247736,0.5001300726543747,25,2,1.0
8,31,1,5,62.0,53.798989873223334,27.019634396743744,0.502233117395237,24,2,1.0
8,31,1,6,62.0,54.97056274847714,26.82790489538877,0.4880412998160909,25,2,1.0
8,31,1,7,62.0,54.97056274847714,26.71277251556505,0.4859468628289616,25,2,1.0
8,31,2,0,62.0,53.798989873223334,31.33610765368068,0.5824664687482765,24,2,1.0
8,31,2,1,62.0,54.97056274847714,27.126868393539226,0.4934799106507369,25,2,1.0
8,31,2,2,62.0,54.97056274847714,28.352348211261354,0.5157732938079992,25,2,1.0
8,31,2,3,62.0,53.798989873223334,24.46117044594936,0.4546771324813312,24,2,1.0
8,31,2,4,62.0,56.14213562373095,27.932680238600966,0.49753504971396184,26,2,1.0
8,31,2,5,62.0,53.798989873223334,28.706505163215894,0.5335881813183189,24,2,1.0
8,31,2,6,62.0,54.97056274847714,27.717448933442412,0.504223488856502,25,2,1.0
8,31,2,7,62.0,56.14213562373095,26.563492922688273,0.473147175959228,26,2,1.0
8,31,3,0,62.0,54.97056274847714,30.07859455666042,0.5471763986533628,25,2,1.0
8,31,3,1,62.0,56.14213562373095,26.64724612389712,0.4746389824300429,26,2,1.0
8,31,3,2,62.0,53.798989873223334,27.545657630729004,0.5120106845061592,24,2,1.0
8,31,3,3,62.0,53.798989873223334,25.465721076424593,0.47334942786907813,24,2,1.0
8,31,3,4,62.0,53.798989873223334,29.007796728258512,0.5391885014312542,24,2,1.0
8,31,3,5,62.0,54.97056274847714,26.93831219611858,0.49004978026834656,25,2,1.0
8,31,3,6,62.0,53.798989873223334,27.724599275783216,0.5153367998379876,24,2,1.0
8,31,3,7,62.0,53.798989873223334,29.134988670024402,0.5415527083069895,24,2,1.0
8,31,4,0,62.0,54.97056274847714,26.680458871893453,0.4853590274120413,25,2,1.0
8,31,4,1,62.0,53.798989873223334,25.954341929160613,0.4824317703793641,24,2,1.0
8,31,4,2,62.0,53.798989873223334,30.82406939345298,0.572948850268184,24,2,1.0
8,31,4,3,62.0,56.14213562373095,31.946102369912975,0.5690218588052705,26,2,1.0
8,31,4,4,62.0,53.798989873223334,29.65540702346331,0.5512260935260294,24,2,1.0
8,31,4,5,62.0,53.798989873223334,27.86248156366682,0.5178997157627758,24,2,1.0
8,31,4,6,62.0,53.798989873223334,27.156486049190868,0.5047768761678387,24,2,1.0
8,31,4,7,62.0,53.798989873223334,27.803538690122316,0.5168041027469292,24,2,1.0
8,31,5,0,62.0,53.798989873223334,26.14330411979917,0.4859441447024479,24,2,1.0
8,31,5,1,62.0,54.97056274847714,27.16120334541983,0.49410451680653894,25,2,1.0
8,31,5,2,62.0,54.97056274847714,30.36159303839858,0.552324581018405,25,2,1.0
8,31,5,3,62.0,53.798989873223334,28.79324209279929,0.5352004221761452,24,2,1.0
8,31,5,4,62.0,53.798989873223334,24.816954047256544,0.46129033473932124,24,2,1.0
8,31,5,5,62.0,53.798989873223334,28.043376884057757,0.5212621454443965,24,2,1.0
8,31,5,6,62.0,54.97056274847714,26.069674228953637,0.4742479051604006,25,2,1.0
8,31,5,7,62.0,53.798989873223334,29.53617439515188,0.5490098320573215,24,2,1.0
9,31,0,0,62.0,54.97056274847714,26.766540464659478,0.48692498541687196,25,2,1.0
9,31,0,1,62.0,54.97056274847714,30.84041907234965,0.5610351710143995,25,2,1.0
9,31,0,2,62.0,53.798989873223334,32.213037620846976,0.598766588308751,24,2,1.0
9,31,0,3,62.0,54.97056274847714,30.976522311840466,0.5635111005426011,25,2,1.0
9,31,0,4,62.0,54.97056274847714,26.55861085301281,0.4831424225095561,25,2,1.0
9,31,0,5,62.0,53.798989873223334,27.52858863773907,0.5116934110214681,24,2,1.0
9,31,0,6,62.0,53.798989873223334,27.639595089792195,0.5137567667148503,24,2,1.0
9,31,0,7,62.0,57.31370849898476,27.84057956510815,0.4857577758312623,27,2,1.0
9,31,0,8,62.0,54.97056274847714,27.68945589766325,0.5037142520144627,25,2,1.0
9,31,1,0,62.0,54.97056274847714,25.42664488364349,0.4625502016412937,25,2,1.0
9,31,1,1,62.0,53.798989873223334,27.940611643202317,0.5193519749914269,24,2,1.0
9,31,1,2,62.0,53.798989873223334,26.349371813210844,0.4897744711434698,24,2,1.0
9,31,1,3,62.0,54.97056274847714,30.448540696017528,0.5539062940893951,25,2,1.0
9,31,1,4,62.0,54.97056274847714,28.871082557827634,0.5252098780565504,25,2,1.0
9,31,1,5,62.0,54.97056274847714,24.324063903007385,0.44249253940339617,25,2,1.0
9,31,1,6,62.0,54.97056274847714,30.088746311400456,0.547361074855178,25,2,1.0
9,31,1,7,62.0,54.97056274847714,28.52434407823086,0.518902166032875,25,2,1.0
9,31,1,8,62.0,54.97056274847714,25.54622901131995,0.4647256228430673,25,2,1.0
9,31,2,0,62.0,54.97056274847714,27.468224315946433,0.4996897055907871,25,2,1.0
9,31,2,1,62.0,54.97056274847714,29.135222699742993,0.5300149979008562,25,2,1.0
9,31,2,2,62.0,56.14213562373095,26.23346219765191,0.46726869055125825,26,2,1.0
9,31,2,3,62.0,54.97056274847714,28.332144124739123,0.5154057500625462,25,2,1.0
9,31,2,4,62.0,54.97056274847714,28.493534393809277,0.5183416899729417,25,2,1.0
9,31,2,5,62.0,53.798989873223334,25.931262452148935,0.48200277576318146,24,2,1.0
9,31,2,6,62.0,54.97056274847714,28.502897115241197,0.5185120124321597,25,2,1.0
9,31,2,7,62.0,54.97056274847714,25.894723979108672,0.47106528811779425,25,2,1.0
9,31,2,8,62.0,53.798989873223334,27.371080290438154,0.5087656916038344,24,2,1.0
9,31,3,0,62.0,54.97056274847714,24.718283621503527,0.4496640089824858,25,2,1.0
9,31,3,1,62.0,53.798989873223334,26.494228104417907,0.49246701781671426,24,2,1.0
9,31,3,2,62.0,53.798989873223334,30.718748672591808,0.5709911792950048,24,2,1.0
9,31,3,3,62.0,54.97056274847714,28.933694974085427,0.5263488952527957,25,2,1.0
9,31,3,4,62.0,54.97056274847714,30.64931203288743,0.5575586368494383,25,2,1.0
9,31,3,5,62.0,56.14213562373095,28.92679708658298,0.5152421931444267,26,2,1.0
9,31,3,6,62.0,54.97056274847714,31.971248486490374,0.5816067161760333,25,2,1.0
9,31,3,7,62.0,53.798989873223334,31.633598080545504,0.5879961344086514,24,2,1.0
9,31,3,8,62.0,56.14213562373095,27.945131856614793,0.4977568371090349,26,2,1.0
9,31,4,0,62.0,54.97056274847714,25.423176424525003,0.46248710497746004,25,2,1.0
9,31,4,1,62.0,54.97056274847714,28.521672595640432,0.5188535676111588,25,2,1.0
9,31,4,2,62.0,53.798989873223334,28.790073176411816,0.5351415192786197,24,2,1.0
9,31,4,3,62.0,53.798989873223334,25.674700060990844,0.47723386854461325,24,2,1.0
9,31,4,4,62.0,54.97056274847714,27.318883821218435,0.4969729698096506,25,2,1.0
9,31,4,5,62.0,53.798989873223334,29.470401079740956,0.5477872567716903,24,2,1.0
9,31,4,6,62.0,53.798989873223334,27.71434082292528,0.5151461186954214,24,2,1.0
9,31,4,7,62.0,54.97056274847714,30.76437389114003,0.5596517909395479,25,2,1.0
9,31,4,8,62.0,53.798989873223334,32.08249034345016,0.5963400134287309,24,2,1.0
9,31,5,0,62.0,54.97056274847714,27.117671543932005,0.4933126056578937,25,2,1.0
9,31,5,1,62.0,56.14213562373095,30.08819843091937,0.535928996940424,26,2,1.0
9,31,5,2,62.0,53.798989873223334,26.5529192531178,0.49355795184425266,24,2,1.0
9,31,5,3,62.0,54.97056274847714,26.19520705498875,0.47653154243385365,25,2,1.0
9,31,5,4,62.0,53.798989873223334,26.126469602743228,0.4856312295883238,24,2,1.0
9,31,5,5,62.0,54.97056274847714,27.434375492014055,0.4990739428581541,25,2,1.0
9,31,5,6,62.0,54.97056274847714,25.812457749926665,0.4695687375083631,25,2,1.0
9,31,5,7,62.0,54.97056274847714,26.752339911152625,0.4866666552707567,25,2,1.0
9,31,5,8,62.0,53.798989873223334,29.812914983331673,0.5541538057421793,24,2,1.0
10,31,0,0,62.0,56.14213562373095,27.855518327487175,0.49616064686561034,26,2,1.0
10,31,0,1,62.0,54.97056274847714,28.745132169288212,0.5229186446719529,25,2,1.0
10,31,0,2,62.0,54.97056274847714,29.85656183953905,0.5431372783311404,25,2,1.0
10,31,0,3,62.0,54.97056274847714,26.478953245899902,0.48169332679122795,25,2,1.0
10,31,0,4,62.0,53.798989873223334,27.331232996348817,0.5080250216733536,24,2,1.0
10,31,0,5,62.0,54.97056274847714,30.11966641227135,0.5479235595619905,25,2,1.0
10,31,0,6,62.0,54.97056274847714,28.816179045000986,0.5242110977988721,25,2,1.0
10,31,0,7,62.0,56.14213562373095,31.55153841699719,0.561993911817999,26,2,1.0
10,31,0,8,62.0,54.97056274847714,26.20519843771353,0.4767133012193785,25,2,1.0
10,31,0,9,62.0,54.97056274847714,26.06206487995336,0.47410947927171004,25,2,1.0
10,31,1,0,62.0,56.14213562373095,27.603059712900063,0.49166387074937723,26,2,1.0
10,31,1,1,62.0,54.97056274847714,28.14316426556814,0.5119679126142436,25,2,1.0
10,31,1,2,62.0,54.97056274847714,30.434330841464213,0.5536477947427842,25,2,1.0
10,31,1,3,62.0,53.798989873223334,29.267686832560564,0.5440192632153412,24,2,1.0
10,31,1,4,62.0,54.97056274847714,26.878444619746304,0.48896069597706493,25,2,1.0
10,31,1,5,62.0,56.14213562373095,25.941022918529875,0.46205978148727134,26,2,1.0
10,31,1,6,62.0,56.14213562373095,26.70423288282047,0.4756540268042947,26,2,1.0
10,31,1,7,62.0,53.798989873223334,28.220875196960908,0.5245614325373591,24,2,1.0
10,31,1,8,62.0,53.798989873223334,30.640355391932676,0.5695340277603037,24,2,1.0
10,31,1,9,62.0,54.97056274847714,27.22290170042189,0.4952269058074369,25,2,1.0
10,31,2,0,62.0,54.97056274847714,28.21060677707986,0.5131947967525834,25,2,1.0
10,31,2,1,62.0,57.31370849898476,29.625042696814,0.5168927900964351,27,2,1.0
10,31,2,2,62.0,53.798989873223334,27.519076704708063,0.511516605972648,24,2,1.0
10,31,2,3,62.0,53.798989873223334,26.9671235589432,0.5012570611918717,24,2,1.0
10,31,2,4,62.0,54.97056274847714,27.058172697001968,0.4922302291284359,25,2,1.0
10,31,2,5,62.0,54.97056274847714,30.83398034169548,0.5609180404934034,25,2,1.0
10,31,2,6,62.0,53.798989873223334,29.417049770047576,0.5467955781208624,24,2,1.0
10,31,2,7,62.0,53.798989873223334,25.501848180004956,0.47402094797875854,24,2,1.0
10,31,2,8,62.0,54.97056274847714,29.868484527568057,0.5433541705627801,25,2,1.0
10,31,2,9,62.0,53.798989873223334,26.284197215415375,0.48856302464700113,24,2,1.0
10,31,3,0,62.0,53.798989873223334,27.49097365635469,0.5109942346712613,24,2,1.0
10,31,3,1,62.0,54.97056274847714,30.524934812355458,0.5552960218367256,25,2,1.0
10,31,3,2,62.0,53.798989873223334,28.659535005839743,0.5327151136736133,24,2,1.0
10,31,3,3,62.0,53.798989873223334,32.32784544941673,0.6009006028848665,24,2,1.0
10,31,3,4,62.0,54.97056274847714,33.920770229084255,0.6170715476261696,25,2,1.0
10,31,3,5,62.0,54.97056274847714,28.70416691513073,0.5221734230094984,25,2,1.0
10,31,3,6,62.0,54.97056274847714,25.72381953903613,0.4679562706450328,25,2,1.0
10,31,3,7,62.0,53.798989873223334,31.13228886874392,0.5786779443648808,24,2,1.0
10,31,3,8,62.0,53.798989873223334,29.635372823893917,0.5508537036425649,24,2,1.0
10,31,3,9,62.0,53.798989873223334,27.339176605928397,0.5081726751813154,24,2,1.0
10,31,4,0,62.0,56.14213562373095,28.527124072170718,0.5081232438922838,26,2,1.0
10,31,4,1,62.0,54.97056274847714,28.722138271433593,0.522500349921,25,2,1.0
10,31,4,2,62.0,54.97056274847714,26.934207681754955,0.4899751127707187,25,2,1.0
10,31,4,3,62.0,53.798989873223334,26.187038899677155,0.48675707408980345,24,2,1.0
10,31,4,4,62.0,54.97056274847714,27.06294762957827,0.49231709257566225,25,2,1.0
10,31,4,5,62.0,56.14213562373095,25.174489545386617,0.4484063398319587,26,2,1.0
10,31,4,6,62.0,54.97056274847714,31.940875631078754,0.5810541867149362,25,2,1.0
10,31,4,7,62.0,54.97056274847714,26.830324923944353,0.4880853238979737,25,2,1.0
10,31,4,8,62.0,53.798989873223334,29.378691075441168,0.5460825778452661,24,2,1.0
10,31,4,9,62.0,56.14213562373095,28.92916598013098,0.5152843877193513,26,2,1.0
10,31,5,0,62.0,54.97056274847714,27.63436477401142,0.5027120588241928,25,2,1.0
10,31,5,1,62.0,56.14213562373095,26.450674808348328,0.4711376671814348,26,2,1.0
10,31,5,2,62.0,53.798989873223334,27.47207595387148,0.5106429696655848,24,2,1.0
10,31,5,3,62.0,54.97056274847714,27.086413595826507,0.4927439749846273,25,2,1.0
10,31,5,4,62.0,53.798989873223334,26.58065284399067,0.49407345577728606,24,2,1.0
10,31,5,5,62.0,54.97056274847714,27.45496882579949,0.4994485676164936,25,2,1.0
10,31,5,6,62.0,53.798989873223334,26.7923179763365,0.49800782578766384,24,2,1.0
10,31,5,7,62.0,53.798989873223334,30.711491174310645,0.5708562790246043,24,2,1.0
10,31,5,8,62.0,56.14213562373095,26.89126294212926,0.47898539382891736,26,2,1.0
10,31,5,9,62.0,54.97056274847714,31.84506255545517,0.5793111979072358,25,2,1.0
1,32,0,0,64.0,55.798989873223334,26.368925331548482,0.47256994062902075,25,2,1.0
1,32,1,0,64.0,55.798989873223334,27.95177562625497,0.5009369468831262,25,2,1.0
1,32,2,0,64.0,55.798989873223334,25.870367152654243,0.46363504449511267,25,2,1.0
1,32,3,0,64.0,55.798989873223334,28.989130600994788,0.5195278743729734,25,2,1.0
1,32,4,0,64.0,56.97056274847714,28.121873486995746,0.4936211287073421,26,2,1.0
1,32,5,0,64.0,56.97056274847714,28.691989680792574,0.5036283353469161,26,2,1.0
2,32,0,0,64.0,56.97056274847714,30.417662226683625,0.5339189356611491,26,2,1.0
2,32,0,1,64.0,56.97056274847714,25.572626980884078,0.44887439665615114,26,2,1.0
2,32,1,0,64.0,56.97056274847714,29.990940844066877,0.5264287273495214,26,2,1.0
2,32,1,1,64.0,55.798989873223334,28.180050448188386,0.5050279675709928,25,2,1.0
2,32,2,0,64.0,58.14213562373095,29.607985045415536,0.5092345633298498,27,2,1.0
2,32,2,1,64.0,56.97056274847714,28.230473440675183,0.4955273755204358,26,2,1.0
2,32,3,0,64.0,55.798989873223334,28.400305329767345,0.5089752591273342,25,2,1.0
2,32,3,1,64.0,55.798989873223334,29.108547314442095,0.5216679975852148,25,2,1.0
2,32,4,0,64.0,56.97056274847714,27.424015425811785,0.48137167868409103,26,2,1.0
2,32,4,1,64.0,55.798989873223334,27.316847350011074,0.4895580979525905,25,2,1.0
2,32,5,0,64.0,55.798989873223334,25.961921244732153,0.4652758285359336,25,2,1.0
2,32,5,1,64.0,55.798989873223334,29.522057953300617,0.5290787166645033,25,2,1.0
3,32,0,0,64.0,55.798989873223334,29.843240147496857,0.5348347741652927,25,2,1.0
3,32,0,1,64.0,59.31370849898476,26.149880928810937,0.4408741518709546,28,2,1.0
3,32,0,2,64.0,55.798989873223334,27.793216361389632,0.4980953315559385,25,2,1.0
3,32,1,0,64.0,56.97056274847714,34.025350547798396,0.5972444172268232,26,2,1.0
3,32,1,1,64.0,56.97056274847714,28.738258778346303,0.504440493333805,26,2,1.0
3,32,1,2,64.0,55.798989873223334,28.3749206618609,0.508520328527979,25,2,1.0
3,32,2,0,64.0,55.798989873223334,29.020573750387584,0.5200913818748876,25,2,1.0
3,32,2,1,64.0,55.798989873223334,25.786231574385923,0.4621272111372064,25,2,1.0
3,32,2,2,64.0,56.97056274847714,30.876964917112275,0.5419810412165471,26,2,1.0
3,32,3,0,64.0,55.798989873223334,28.985681234388032,0.5194660566480541,25,2,1.0
3,32,3,1,64.0,55.798989873223334,28.280187366819142,0.5068225684922328,25,2,1.0
3,32,3,2,64.0,56.97056274847714,31.88859456853018,0.5597381003469653,26,2,1.0
3,32,4,0,64.0,55.798989873223334,30.96303878386057,0.5549032133773272,25,2,1.0
3,32,4,1,64.0,55.798989873223334,26.55307323323153,0.47587014197856914,25,2,1.0
3,32,4,2,64.0,56.97056274847714,27.43444362448969,0.48155472407059957,26,2,1.0
3,32,5,0,64.0,55.798989873223334,26.442878470171017,0.4738952896862449,25,2,1.0
3,32,5,1,64.0,58.14213562373095,26.339973815367003,0.4530272844779412,27,2,1.0
3,32,5,2,64.0,55.798989873223334,27.63659050155941,0.4952883656917521,25,2,1.0
4,32,0,0,64.0,55.798989873223334,26.711580567391266,0.4787108266311026,25,2,1.0
4,32,0,1,64.0,55.798989873223334,30.369437192463074,0.5442649994464627,25,2,1.0
4,32,0,2,64.0,56.97056274847714,28.596010479172477,0.5019436196448115,26,2,1.0
4,32,0,3,64.0,56.97056274847714,26.68316364380459,0.46836756311517824,26,2,1.0
4,32,1,0,64.0,56.97056274847714,31.91144846328943,0.5601392530415621,26,2,1.0
4,32,1,1,64.0,55.798989873223334,30.633731794216978,0.5490015475874664,25,2,1.0
4,32,1,2,64.0,56.97056274847714,32.05123931793209,0.5625929913916611,26,2,1.0
4,32,1,3,64.0,56.97056274847714,30.972727258844,0.5436619503933533,26,2,1.0
4,32,2,0,64.0,56.97056274847714,25.430551936432906,0.4463805640942643,26,2,1.0
4,32,2,1,64.0,55.798989873223334,30.76091335774459,0.5512808283381856,25,2,1.0
4,32,2,2,64.0,56.97056274847714,26.766226639298583,0.46982556162329747,26,2,1.0
4,32,2,3,64.0,56.97056274847714,26.853737650953068,0.4713616358242992,26,2,1.0
4,32,3,0,64.0,55.798989873223334,27.202862403421328,0.4875153199946253,25,2,1.0
4,32,3,1,64.0,56.97056274847714,27.81558028282287,0.48824478714783975,26,2,1.0
4,32,3,2,64.0,55.798989873223334,29.33912087970461,0.525800215135862,25,2,1.0
4,32,3,3,64.0,56.97056274847714,31.931640691422505,0.5604936857022016,26,2,1.0
4,32,4,0,64.0,55.798989873223334,26.718271013515377,0.4788307292698298,25,2,1.0
4,32,4,1,64.0,56.97056274847714,32.79612180110628,0.575667857554785,26,2,1.0
4,32,4,2,64.0,55.798989873223334,30.257471555082073,0.5422584104806877,25,2,1.0
4,32,4,3,64.0,55.798989873223334,27.997549147146024,0.5017572757276993,25,2,1.0
4,32,5,0,64.0,58.14213562373095,29.94513715424229,0.5150333202074548,27,2,1.0
4,32,5,1,64.0,56.97056274847714,30.360042228567732,0.532907536171025,26,2,1.0
4,32,5,2,64.0,55.798989873223334,29.886084123421377,0.5356026012535942,25,2,1.0
4,32,5,3,64.0,56.97056274847714,28.667430146463925,0.5031972436893336,26,2,1.0
5,32,0,0,64.0,55.798989873223334,26.274791550309427,0.47088292476273125,25,2,1.0
5,32,0,1,64.0,56.97056274847714,27.22199905593068,0.4778257005484528,26,2,1.0
5,32,0,2,64.0,56.97056274847714,28.69834151177303,0.5037398285580417,26,2,1.0
5,32,0,3,64.0,56.97056274847714,33.5663971070362,0.589188442024534,26,2,1.0
5,32,0,4,64.0,55.798989873223334,30.363656533747047,0.5441614015367306,25,2,1.0
5,32,1,0,64.0,55.798989873223334,30.68230586700449,0.5498720664426979,25,2,1.0
5,32,1,1,64.0,56.97056274847714,27.023899705851008,0.4743484775665723,26,2,1.0
5,32,1,2,64.0,56.97056274847714,29.658693372288745,0.5205968124842077,26,2,1.0
5,32,1,3,64.0,56.97056274847714,28.584418948492583,0.5017401543792309,26,2,1.0
5,32,1,4,64.0,56.97056274847714,26.7851201712334,0.4701571983673162,26,2,1.0
5,32,2,0,64.0,55.798989873223334,29.41166849215636,0.5271003750960436,25,2,1.0
5,32,2,1,64.0,55.798989873223334,32.857317458186586,0.5888514744234477,25,2,1.0
5,32,2,2,64.0,56.97056274847714,26.37010018605893,0.46287238380428003,26,2,1.0
5,32,2,3,64.0,56.97056274847714,30.375974857290302,0.5331872004038133,26,2,1.0
5,32,2,4,64.0,58.14213562373095,29.966003925951284,0.5153922126266125,27,2,1.0
5,32,3,0,64.0,55.798989873223334,27.45811715814605,0.4920898607758234,25,2,1.0
5,32,3,1,64.0,55.798989873223334,26.550371579398004,0.47582172436671516,25,2,1.0
5,32,3,2,64.0,56.97056274847714,29.03790674122406,0.5097001914730123,26,2,1.0
5,32,3,3,64.0,55.798989873223334,27.82192335265917,0.49860980307835784,25,2,1.0
5,32,3,4,64.0,55.798989873223334,33.09489405305621,0.5931091965687662,25,2,1.0
5,32,4,0,64.0,56.97056274847714,29.197721576776082,0.5125054092528962,26,2,1.0
5,32,4,1,64.0,55.798989873223334,30.479910384202515,0.5462448415903874,25,2,1.0
5,32,4,2,64.0,55.798989873223334,27.413537276137074,0.4912909236963124,25,2,1.0
5,32,4,3,64.0,56.97056274847714,26.46852675414764,0.46460005794580567,26,2,1.0
5,32,4,4,64.0,56.97056274847714,28.81493963992339,0.505786466725636,26,2,1.0
5,32,5,0,64.0,55.798989873223334,25.984570310168348,0.4656817331139134,25,2,1.0
5,32,5,1,64.0,56.97056274847714,30.07224485476891,0.5278558505299785,26,2,1.0
5,32,5,2,64.0,55.798989873223334,27.066318529514223,0.48506825286639704,25,2,1.0
5,32,5,3,64.0,56.97056274847714,27.149765455850797,0.4765577896029564,26,2,1.0
5,32,5,4,64.0,56.97056274847714,27.172839800178778,0.47696281183224093,26,2,1.0
6,32,0,0,64.0,55.798989873223334,32.20684922274232,0.577194126558869,25,2,1.0
6,32,0,1,64.0,56.97056274847714,31.77723810466921,0.5577834687181256,26,2,1.0
6,32,0,2,64.0,55.798989873223334,29.299531652366902,0.5250907179312054,25,2,1.0
6,32,0,3,64.0,55.798989873223334,27.34824994341703,0.4901208786315473,25,2,1.0
6,32,0,4,64.0,55.798989873223334,27.239888065806788,0.4881788743433614,25,2,1.0
6,32,0,5,64.0,55.798989873223334,31.475197787982587,0.5640818563112882,25,2,1.0
6,32,1,0,64.0,55.798989873223334,30.452550611998582,0.5457545142158938,25,2,1.0
6,32,1,1,64.0,55.798989873223334,24.851012465830443,0.4453667086499693,25,2,1.0
6,32,1,2,64.0,56.97056274847714,27.276883445058537,0.4787890820999072,26,2,1.0
6,32,1,3,64.0,55.798989873223334,28.747112630595527,0.5151905562432164,25,2,1.0
6,32,1,4,64.0,56.97056274847714,28.444537010748487,0.49928481725430784,26,2,1.0
6,32,1,5,64.0,55.798989873223334,28.91274650269319,0.518158958941437,25,2,1.0
6,32,2,0,64.0,56.97056274847714,27.37622898303924,0.4805328868507802,26,2,1.0
6,32,2,1,64.0,56.97056274847714,29.952851591201668,0.5257601495607892,26,2,1.0
6,32,2,2,64.0,56.97056274847714,25.27337962395724,0.4436217303230485,26,2,1.0
6,32,2,3,64.0,55.798989873223334,28.408911886257577,0.5091295012831472,25,2,1.0
6,32,2,4,64.0,56.97056274847714,25.590549296469295,0.4491889857126845,26,2,1.0
6,32,2,5,64.0,56.97056274847714,29.127209396105535,0.5112677142527282,26,2,1.0
6,32,3,0,64.0,55.798989873223334,28.736036715268945,0.5149920595436929,25,2,1.0
6,32,3,1,64.0,55.798989873223334,29.40678001104261,0.5270127663216759,25,2,1.0
6,32,3,2,64.0,56.97056274847714,28.289103071208018,0.49655649701238386,26,2,1.0
6,32,3,3,64.0,58.14213562373095,29.477718634060253,0.5069940812774135,27,2,1.0
6,32,3,4,64.0,55.798989873223334,29.238471927314162,0.5239964378162523,25,2,1.0
6,32,3,5,64.0,55.798989873223334,24.528343653702834,0.43958400876847104,25,2,1.0
6,32,4,0,64.0,55.798989873223334,28.612667327561233,0.5127810985928224,25,2,1.0
6,32,4,1,64.0,56.97056274847714,27.189992650625804,0.47726389452511786,26,2,1.0
6,32,4,2,64.0,56.97056274847714,28.096844164595357,0.49318179089509523,26,2,1.0
6,32,4,3,64.0,55.798989873223334,29.276512281790062,0.5246781769402459,25,2,1.0
6,32,4,4,64.0,56.97056274847714,28.870818451620032,0.5067673033015944,26,2,1.0
6,32,4,5,64.0,56.97056274847714,28.295465696010965,0.49666817968666316,26,2,1.0
6,32,5,0,64.0,56.97056274847714,28.532408796143283,0.5008272240896193,26,2,1.0
6,32,5,1,64.0,55.798989873223334,28.728320902573362,0.5148537808273018,25,2,1.0
6,32,5,2,64.0,56.97056274847714,28.818664180617613,0.5058518433081118,26,2,1.0
6,32,5,3,64.0,56.97056274847714,25.19077310164528,0.44217174425433675,26,2,1.0
6,32,5,4,64.0,55.798989873223334,25.190787530212354,0.451455977741648,25,2,1.0
6,32,5,5,64.0,55.798989873223334,27.911723580772314,0.5002191552963312,25,2,1.0
7,32,0,0,64.0,56.97056274847714,29.072535061874344,0.5103080197790651,26,2,1.0
7,32,0,1,64.0,55.798989873223334,26.774843016133737,0.4798445827956175,25,2,1.0
7,32,0,2,64.0,56.97056274847714,28.564796686576955,0.5013957262927073,26,2,1.0
7,32,0,3,64.0,58.14213562373095,28.40926527601528,0.4886175055534066,27,2,1.0
7,32,0,4,64.0,58.14213562373095,27.92155308922431,0.48022923117099975,27,2,1.0
7,32,0,5,64.0,56.97056274847714,30.27329926893399,0.5313849435293355,26,2,1.0
7,32,0,6,64.0,56.97056274847714,27.229207184672294,0.47795222428973017,26,2,1.0
7,32,1,0,64.0,55.798989873223334,27.66417110066027,0.4957826506091587,25,2,1.0
7,32,1,1,64.0,56.97056274847714,26.71165353942068,0.46886764410861814,26,2,1.0
7,32,1,2,64.0,55.798989873223334,28.684360608771115,0.5140659476801046,25,2,1.0
7,32,1,3,64.0,56.97056274847714,28.793647016657324,0.505412718912049,26,2,1.0
7,32,1,4,64.0,55.798989873223334,29.144923731729207,0.5223199165065028,25,2,1.0
7,32,1,5,64.0,55.798989873223334,27.023620565756943,0.4843030425309718,25,2,1.0
7,32,1,6,64.0,55.798989873223334,28.31262519989522,0.5074039021893083,25,2,1.0
7,32,2,0,64.0,56.97056274847714,28.20797542997409,0.495132469631926,26,2,1.0
7,32,2,1,64.0,55.798989873223334,30.471416933958142,0.5460926264649225,25,2,1.0
7,32,2,2,64.0,58.14213562373095,26.533742105375545,0.45635994998686785,27,2,1.0
7,32,2,3,64.0,55.798989873223334,30.510779366037752,0.546798059164852,25,2,1.0
7,32,2,4,64.0,55.798989873223334,27.37721563097955,0.4906399863721772,25,2,1.0
7,32,2,5,64.0,55.798989873223334,28.70383925709764,0.5144150337185935,25,2,1.0
7,32,2,6,64.0,55.798989873223334,28.807506481414975,0.5162729029121554,25,2,1.0
7,32,3,0,64.0,56.97056274847714,30.736286863861245,0.539511729936051,26,2,1.0
7,32,3,1,64.0,55.798989873223334,25.87863033028584,0.46378313279653843,25,2,1.0
7,32,3,2,64.0,56.97056274847714,28.889950752617793,0.5071031311410038,26,2,1.0
7,32,3,3,64.0,55.798989873223334,26.14153677537841,0.4684948031276662,25,2,1.0
7,32,3,4,64.0,55.798989873223334,28.520865381484406,0.5111358726436537,25,2,1.0
7,32,3,5,64.0,56.97056274847714,30.267255087120382,0.5312788504608802,26,2,1.0
7,32,3,6,64.0,55.798989873223334,28.93835601753448,0.5186179191286998,25,2,1.0
7,32,4,0,64.0,56.97056274847714,27.28149649038476,0.47887005453731474,26,2,1.0
7,32,4,1,64.0,56.97056274847714,28.46936968815974,0.49972070337186103,26,2,1.0
7,32,4,2,64.0,55.798989873223334,29.938576874960226,0.536543348597912,25,2,1.0
7,32,4,3,64.0,55.798989873223334,30.52463839174753,0.5470464332974531,25,2,1.0
7,32,4,4,64.0,56.97056274847714,26.870969973469016,0.4716641134844204,26,2,1.0
7,32,4,5,64.0,56.97056274847714,26.49504065904169,0.46506545452282577,26,2,1.0
7,32,4,6,64.0,56.97056274847714,28.66132681255319,0.5030901123285697,26,2,1.0
7,32,5,0,64.0,55.798989873223334,28.617611634991814,0.5128697078569294,25,2,1.0
7,32,5,1,64.0,55.798989873223334,28.911888345720158,0.518143579505806,25,2,1.0
7,32,5,2,64.0,55.798989873223334,29.36763896831298,0.5263113012446458,25,2,1.0
7,32,5,3,64.0,56.97056274847714,27.2891313734942,0.4790040690658906,26,2,1.0
7,32,5,4,64.0,55.798989873223334,28.91442659779922,0.518189068717794,25,2,1.0
7,32,5,5,64.0,56.97056274847714,30.934596403276622,0.5429926423555211,26,2,1.0
7,32,5,6,64.0,56.97056274847714,28.28239097444225,0.4964386800830444,26,2,1.0
8,32,0,0,64.0,55.798989873223334,32.101849937914096,0.5753123848809859,25,2,1.0
8,32,0,1,64.0,56.97056274847714,30.031556600606947,0.5271416526670997,26,2,1.0
8,32,0,2,64.0,55.798989873223334,31.203308679653734,0.5592092034380625,25,2,1.0
8,32,0,3,64.0,58.14213562373095,26.886614896405483,0.46242909050336983,27,2,1.0
8,32,0,4,64.0,56.97056274847714,30.176998492620406,0.5296945832508396,26,2,1.0
8,32,0,5,64.0,55.798989873223334,29.153993280960563,0.5224824561734746,25,2,1.0
8,32,0,6,64.0,56.97056274847714,26.156879408002236,0.4591297355352423,26,2,1.0
8,32,0,7,64.0,58.14213562373095,33.75870685866647,0.5806237850831147,27,2,1.0
8,32,1,0,64.0,58.14213562373095,30.06858867324823,0.517156591354646,27,2,1.0
8,32,1,1,64.0,55.798989873223334,29.82940674044564,0.5345868591567479,25,2,1.0
8,32,1,2,64.0,55.798989873223334,25.983103026931474,0.46565543723937863,25,2,1.0
8,32,1,3,64.0,55.798989873223334,30.79609962391147,0.5519114180002355,25,2,1.0
8,32,1,4,64.0,56.97056274847714,30.206489405423333,0.5302122350236179,26,2,1.0
8,32,1,5,64.0,56.97056274847714,26.679382916824842,0.4683012002990614,26,2,1.0
8,32,1,6,64.0,58.14213562373095,30.731975735702395,0.5285663384397428,27,2,1.0
8,32,1,7,64.0,55.798989873223334,30.683696312999288,0.549896985280798,25,2,1.0
8,32,2,0,64.0,55.798989873223334,30.408844758713382,0.5449712410171406,25,2,1.0
8,32,2,1,64.0,56.97056274847714,28.647112389013998,0.5028406076220434,26,2,1.0
8,32,2,2,64.0,55.798989873223334,26.77941624864672,0.47992654185120925,25,2,1.0
8,32,2,3,64.0,56.97056274847714,27.209901802960893,0.47761335837758123,26,2,1.0
8,32,2,4,64.0,55.798989873223334,27.969199011578816,0.5012491995845358,25,2,1.0
8,32,2,5,64.0,56.97056274847714,25.3570203699814,0.445089870042739,26,2,1.0
8,32,2,6,64.0,58.14213562373095,28.070434951046533,0.482789884649326,27,2,1.0
8,32,2,7,64.0,56.97056274847714,28.471538491646072,0.4997587722162203,26,2,1.0
8,32,3,0,64.0,56.97056274847714,30.662430151184395,0.5382153286173046,26,2,1.0
8,32,3,1,64.0,55.798989873223334,28.70779132783534,0.5144858606412077,25,2,1.0
8,32,3,2,64.0,55.798989873223334,28.224274273700118,0.505820523594179,25,2,1.0
8,32,3,3,64.0,55.798989873223334,27.888318950817435,0.4997997098904546,25,2,1.0
8,32,3,4,64.0,55.798989873223334,27.99607688128055,0.5017308905571287,25,2,1.0
8,32,3,5,64.0,58.14213562373095,31.62969199062124,0.5440063673497306,27,2,1.0
8,32,3,6,64.0,55.798989873223334,28.63090772599856,0.5131079933713618,25,2,1.0
8,32,3,7,64.0,56.97056274847714,25.44510269926778,0.4466359725391328,26,2,1.0
8,32,4,0,64.0,56.97056274847714,27.41831876884237,0.4812716856930692,26,2,1.0
8,32,4,1,64.0,55.798989873223334,32.06108019721451,0.5745817311399017,25,2,1.0
8,32,4,2,64.0,55.798989873223334,28.759795786953468,0.5154178570668828,25,2,1.0
8,32,4,3,64.0,55.798989873223334,28.18568319179403,0.5051289146243075,25,2,1.0
8,32,4,4,64.0,56.97056274847714,32.90923231163185,0.5776532778327089,26,2,1.0
8,32,4,5,64.0,55.798989873223334,30.797936245742548,0.5519443329658155,25,2,1.0
8,32,4,6,64.0,55.798989873223334,27.188624356291246,0.4872601532404881,25,2,1.0
8,32,4,7,64.0,58.14213562373095,28.411177977395702,0.4886504025455777,27,2,1.0
8,32,5,0,64.0,55.798989873223334,29.75723372779077,0.5332934125761045,25,2,1.0
8,32,5,1,64.0,55.798989873223334,28.35497741281319,0.5081629161609627,25,2,1.0
8,32,5,2,64.0,56.97056274847714,31.843317025662916,0.5589433470448579,26,2,1.0
8,32,5,3,64.0,55.798989873223334,31.096541069387463,0.5572957707664523,25,2,1.0
8,32,5,4,64.0,56.97056274847714,27.68717005682749,0.4859908121158165,26,2,1.0
8,32,5,5,64.0,55.798989873223334,29.40730419500006,0.5270221604694667,25,2,1.0
8,32,5,6,64.0,55.798989873223334,29.77374144528057,0.5335892551626336,25,2,1.0
8,32,5,7,64.0,55.798989873223334,28.73785800967839,0.5150246998193247,25,2,1.0
9,32,0,0,64.0,55.798989873223334,27.52807858876131,0.4933436725522411,25,2,1.0
9,32,0,1,64.0,55.798989873223334,32.23531220534657,0.577704225086977,25,2,1.0
9,32,0,2,64.0,56.97056274847714,25.803463931408512,0.45292626027462324,26,2,1.0
9,32,0,3,64.0,55.798989873223334,26.22830821937326,0.4700498750777499,25,2,1.0
9,32,0,4,64.0,55.798989873223334,27.553466466885403,0.4937986606834201,25,2,1.0
9,32,0,5,64.0,55.798989873223334,30.384078092578143,0.5445273859188403,25,2,1.0
9,32,0,6,64.0,55.798989873223334,30.81064255954516,0.5521720488049638,25,2,1.0
9,32,0,7,64.0,56.97056274847714,29.281442690885545,0.5139749596675391,26,2,1.0
9,32,0,8,64.0,56.97056274847714,27.077251579308793,0.47528495898581563,26,2,1.0
9,32,1,0,64.0,56.97056274847714,33.66908386752989,0.5909908950026983,26,2,1.0
9,32,1,1,64.0,55.798989873223334,30.94666022496456,0.5546096855028402,25,2,1.0
9,32,1,2,64.0,56.97056274847714,27.829227194710658,0.48848433036506295,26,2,1.0
9,32,1,3,64.0,56.97056274847714,26.448491446867735,0.4642483797050911,26,2,1.0
9,32,1,4,64.0,55.798989873223334,28.944166113286506,0.5187220445934301,25,2,1.0
9,32,1,5,64.0,55.798989873223334,30.483134673375737,0.5463026255965235,25,2,1.0
9,32,1,6,64.0,56.97056274847714,28.221354419796437,0.4953673100332998,26,2,1.0
9,32,1,7,64.0,55.798989873223334,27.581664980869483,0.49430401954472114,25,2,1.0
9,32,1,8,64.0,55.798989873223334,27.4328456557809,0.4916369582694775,25,2,1.0
9,32,2,0,64.0,56.97056274847714,32.53770799067745,0.5711319393900002,26,2,1.0
9,32,2,1,64.0,58.14213562373095,33.71892730987352,0.5799396074490082,27,2,1.0
9,32,2,2,64.0,56.97056274847714,27.128463400494205,0.4761838762285943,26,2,1.0
9,32,2,3,64.0,58.14213562373095,28.094467009529446,0.4832032175657231,27,2,1.0
9,32,2,4,64.0,55.798989873223334,26.814192311286494,0.48054978006248844,25,2,1.0
9,32,2,5,64.0,55.798989873223334,26.37305666874306,0.4726439802703111,25,2,1.0
9,32,2,6,64.0,56.97056274847714,25.67440898064413,0.45066096843725534,26,2,1.0
9,32,2,7,64.0,55.798989873223334,27.030322886942045,0.48442315798826463,25,2,1.0
9,32,2,8,64.0,55.798989873223334,30.73430782280894,0.5508040180053086,25,2,1.0
9,32,3,0,64.0,56.97056274847714,25.81155197494624,0.45306822909408945,26,2,1.0
9,32,3,1,64.0,56.97056274847714,26.817507777010448,0.47072569557384786,26,2,1.0
9,32,3,2,64.0,55.798989873223334,26.935702236214382,0.48272741670436964,25,2,1.0
9,32,3,3,64.0,56.97056274847714,25.772474220444433,0.45238230021053016,26,2,1.0
9,32,3,4,64.0,58.14213562373095,26.82003522415236,0.4612839713649193,27,2,1.0
9,32,3,5,64.0,56.97056274847714,28.190697934458267,0.4948291990535379,26,2,1.0
9,32,3,6,64.0,55.798989873223334,32.28541495714488,0.5786021401193486,25,2,1.0
9,32,3,7,64.0,55.798989873223334,27.132360615518824,0.4862518242205497,25,2,1.0
9,32,3,8,64.0,55.798989873223334,25.02297223035827,0.4484484806483249,25,2,1.0
9,32,4,0,64.0,56.97056274847714,27.57802402864382,0.48407498009805067,26,2,1.0
9,32,4,1,64.0,55.798989873223334,28.468416091176756,0.510195904188547,25,2,1.0
9,32,4,2,64.0,56.97056274847714,24.813733041928465,0.43555358846427666,26,2,1.0
9,32,4,3,64.0,55.798989873223334,26.327875053183952,0.47183425924020356,25,2,1.0
9,32,4,4,64.0,55.798989873223334,26.22539227109862,0.4699976169942028,25,2,1.0
9,32,4,5,64.0,56.97056274847714,29.062040370736653,0.5101238072554145,26,2,1.0
9,32,4,6,64.0,56.97056274847714,28.37938552491226,0.49814121812709067,26,2,1.0
9,32,4,7,64.0,55.798989873223334,27.88227505652539,0.49969139441188093,25,2,1.0
9,32,4,8,64.0,55.798989873223334,30.344180903633635,0.5438123695890617,25,2,1.0
9,32,5,0,64.0,56.97056274847714,25.265619249343754,0.44348551305154726,26,2,1.0
9,32,5,1,64.0,56.97056274847714,29.24944775703628,0.5134133550018011,26,2,1.0
9,32,5,2,64.0,55.798989873223334,27.916291812041198,0.50030102472227,25,2,1.0
9,32,5,3,64.0,55.798989873223334,28.69127774828945,0.5141899129980083,25,2,1.0
9,32,5,4,64.0,58.14213562373095,25.758715878651387,0.44303009516798453,27,2,1.0
9,32,5,5,64.0,58.14213562373095,31.27915401091122,0.537977383791601,27,2,1.0
9,32,5,6,64.0,56.97056274847714,33.70595562556784,0.5916381021963631,26,2,1.0
9,32,5,7,64.0,55.798989873223334,28.371401071236388,0.5084572522853353,25,2,1.0
9,32,5,8,64.0,56.97056274847714,30.162267681746776,0.5294360144362982,26,2,1.0
10,32,0,0,64.0,55.798989873223334,26.867454441133283,0.48150431579813174,25,2,1.0
10,32,0,1,64.0,56.97056274847714,26.919131560845596,0.47250949020273036,26,2,1.0
10,32,0,2,64.0,56.97056274847714,29.0045138404004,0.5091140483981915,26,2,1.0
10,32,0,3,64.0,55.798989873223334,28.814889204382986,0.516405212170527,25,2,1.0
10,32,0,4,64.0,58.14213562373095,27.132875053737983,0.46666457574467884,27,2,1.0
10,32,0,5,64.0,55.798989873223334,30.4747741030334,0.5461527918744198,25,2,1.0
10,32,0,6,64.0,55.798989873223334,28.938318047944026,0.5186172386577712,25,2,1.0
10,32,0,7,64.0,58.14213562373095,26.65036783655095,0.45836582283491994,27,2,1.0
10,32,0,8,64.0,55.798989873223334,30.66010628753792,0.5494742173146581,25,2,1.0
10,32,0,9,64.0,55.798989873223334,28.452602404210694,0.5099124996501855,25,2,1.0
10,32,1,0,64.0,58.14213562373095,28.52744468675155,0.4906501004945535,27,2,1.0
10,32,1,1,64.0,58.14213562373095,26.498050661949183,0.45574608461980703,27,2,1.0
10,32,1,2,64.0,55.798989873223334,28.89630947688529,0.517864383253862,25,2,1.0
10,32,1,3,64.0,56.97056274847714,28.22333539766939,0.49540208198880425,26,2,1.0
10,32,1,4,64.0,56.97056274847714,30.54669306920204,0.53618380432829,26,2,1.0
10,32,1,5,64.0,55.798989873223334,31.270172305240962,0.560407497990332,25,2,1.0
10,32,1,6,64.0,55.798989873223334,30.72269391960904,0.550595879771511,25,2,1.0
10,32,1,7,64.0,55.798989873223334,27.719369247709306,0.49677188262168165,25,2,1.0
10,32,1,8,64.0,56.97056274847714,29.610537536560493,0.519751536724148,26,2,1.0
10,32,1,9,64.0,55.798989873223334,29.394261036040607,0.5267884078694809,25,2,1.0
10,32,2,0,64.0,58.14213562373095,28.853073900488667,0.49625067244196935,27,2,1.0
10,32,2,1,64.0,56.97056274847714,26.487546330281926,0.4649339071341709,26,2,1.0
10,32,2,2,64.0,55.798989873223334,34.1717687993163,0.6124083765128255,25,2,1.0
10,32,2,3,64.0,58.14213562373095,28.715948189142082,0.49389221570701214,27,2,1.0
10,32,2,4,64.0,55.798989873223334,30.903509806021866,0.5538363665047592,25,2,1.0
10,32,2,5,64.0,55.798989873223334,26.775667772451897,0.4798593636423682,25,2,1.0
10,32,2,6,64.0,56.97056274847714,26.81967018620681,0.47076365217971655,26,2,1.0
10,32,2,7,64.0,56.97056274847714,29.141566766549467,0.5115197280955144,26,2,1.0
10,32,2,8,64.0,56.97056274847714,29.964615359674,0.5259666381033768,26,2,1.0
10,32,2,9,64.0,55.798989873223334,27.46337986766263,0.49218417627380173,25,2,1.0
10,32,3,0,64.0,55.798989873223334,29.80574543823728,0.5341628138064266,25,2,1.0
10,32,3,1,64.0,55.798989873223334,28.912116715606146,0.5181476722301815,25,2,1.0
10,32,3,2,64.0,55.798989873223334,29.29736394328105,0.5250518693948649,25,2,1.0
10,32,3,3,64.0,56.97056274847714,28.821073600160513,0.5058941356680019,26,2,1.0
10,32,3,4,64.0,58.14213562373095,28.626645609189445,0.4923562800384195,27,2,1.0
10,32,3,5,64.0,56.97056274847714,28.154151961713755,0.4941877103446083,26,2,1.0
10,32,3,6,64.0,55.798989873223334,29.3485977811157,0.5259700551532641,25,2,1.0
10,32,3,7,64.0,55.798989873223334,27.78685131460911,0.49798126055223424,25,2,1.0
10,32,3,8,64.0,56.97056274847714,27.720420216198747,0.4865744496606667,26,2,1.0
10,32,3,9,64.0,55.798989873223334,26.574321819534095,0.4762509479098386,25,2,1.0
10,32,4,0,64.0,55.798989873223334,29.23060085262501,0.5238553765764873,25,2,1.0
10,32,4,1,64.0,56.97056274847714,25.729848305837923,0.45163409073970745,26,2,1.0
10,32,4,2,64.0,58.14213562373095,26.66612692689444,0.45863686706428014,27,2,1.0
10,32,4,3,64.0,55.798989873223334,29.00011966050568,0.519724814488482,25,2,1.0
10,32,4,4,64.0,56.97056274847714,28.039616383368198,0.49217727595849864,26,2,1.0
10,32,4,5,64.0,55.798989873223334,27.309844359821334,0.4894325940643364,25,2,1.0
10,32,4,6,64.0,56.97056274847714,28.50942520984485,0.5004237949291965,26,2,1.0
10,32,4,7,64.0,56.97056274847714,28.269002144304956,0.4962036669553629,26,2,1.0
10,32,4,8,64.0,55.798989873223334,26.682559540564565,0.47819072712943356,25,2,1.0
10,32,4,9,64.0,58.14213562373095,26.339973815366914,0.4530272844779397,27,2,1.0
10,32,5,0,64.0,55.798989873223334,27.558820250211824,0.49389460835807486,25,2,1.0
10,32,5,1,64.0,56.97056274847714,28.530401890018,0.5007919970174532,26,2,1.0
10,32,5,2,64.0,55.798989873223334,27.79681937684731,0.49815990289434203,25,2,1.0
10,32,5,3,64.0,56.97056274847714,27.012246031204135,0.47414392149261664,26,2,1.0
10,32,5,4,64.0,56.97056274847714,27.801140103015673,0.4879913197585329,26,2,1.0
10,32,5,5,64.0,56.97056274847714,30.38009430701115,0.5332595087947104,26,2,1.0
10,32,5,6,64.0,56.97056274847714,28.110727358769267,0.4934254815575029,26,2,1.0
10,32,5,7,64.0,55.798989873223334,30.8199995663859,0.552339740135255,25,2,1.0
10,32,5,8,64.0,58.14213562373095,26.62106760121386,0.4578618813298004,27,2,1.0
10,32,5,9,64.0,56.97056274847714,32.194571094344106,0.565108883275068,26,2,1.0
1,33,0,0,66.0,58.97056274847714,26.103328223545986,0.44265014622435633,27,2,1.0
1,33,1,0,66.0,57.798989873223334,27.516681969204676,0.47607548210721223,26,2,1.0
1,33,2,0,66.0,57.798989873223334,26.43318916149522,0.4573296041933249,26,2,1.0
1,33,3,0,66.0,57.798989873223334,26.193524928993583,0.45318309171919136,26,2,1.0
1,33,4,0,66.0,57.798989873223334,27.153283261002642,0.4697881973467153,26,2,1.0
1,33,5,0,66.0,57.798989873223334,29.252149693788656,0.5061014000063064,26,2,1.0
2,33,0,0,66.0,57.798989873223334,30.704282150703584,0.5312252379851369,26,2,1.0
2,33,0,1,66.0,58.97056274847714,28.476663987610983,0.4828962563757519,27,2,1.0
2,33,1,0,66.0,57.798989873223334,26.4218759845741,0.4571338710681278,26,2,1.0
2,33,1,1,66.0,57.798989873223334,25.72205709749801,0.4450260662671948,26,2,1.0
2,33,2,0,66.0,57.798989873223334,26.145587348871214,0.45235370732635827,26,2,1.0
2,33,2,1,66.0,57.798989873223334,28.268168038079537,0.4890771984092302,26,2,1.0
2,33,3,0,66.0,60.14213562373095,30.18283965969757,0.5018584615706262,28,2,1.0
2,33,3,1,66.0,57.798989873223334,30.15898203908322,0.5217908151203701,26,2,1.0
2,33,4,0,66.0,58.97056274847714,26.87515112269155,0.455738420494988,27,2,1.0
2,33,4,1,66.0,58.97056274847714,33.87551843704135,0.5744479424679757,27,2,1.0
2,33,5,0,66.0,57.798989873223334,29.29820748519022,0.5068982615345543,26,2,1.0
2,33,5,1,66.0,57.798989873223334,27.96068505859902,0.483757330706439,26,2,1.0
3,33,0,0,66.0,57.798989873223334,29.57230083288129,0.5116404438511012,26,2,1.0
3,33,0,1,66.0,60.14213562373095,30.562950213722107,0.5081786653692182,28,2,1.0
3,33,0,2,66.0,57.798989873223334,28.924277777877098,0.5004287763734243,26,2,1.0
3,33,1,0,66.0,58.97056274847714,28.998345938791303,0.4917427371767816,27,2,1.0
3,33,1,1,66.0,57.798989873223334,27.69146534011542,0.47909946870791437,26,2,1.0
3,33,1,2,66.0,60.14213562373095,29.849398692610873,0.49631424596157614,28,2,1.0
3,33,2,0,66.0,57.798989873223334,32.33568797563881,0.5594507455331679,26,2,1.0
3,33,2,1,66.0,57.798989873223334,29.55473117122626,0.5113364651536608,26,2,1.0
3,33,2,2,66.0,57.798989873223334,27.059329771965604,0.46816267604879785,26,2,1.0
3,33,3,0,66.0,57.798989873223334,29.060178903532282,0.5027800480124837,26,2,1.0
3,33,3,1,66.0,57.798989873223334,31.479088794053496,0.5446304314850472,26,2,1.0
3,33,3,2,66.0,58.97056274847714,28.52727964094423,0.4837545770526146,27,2,1.0
3,33,4,0,66.0,57.798989873223334,32.846318581523576,0.5682853394768472,26,2,1.0
3,33,4,1,66.0,57.798989873223334,27.6354669079326,0.47813062076947027,26,2,1.0
3,33,4,2,66.0,57.798989873223334,30.895791571024375,0.5345386076606424,26,2,1.0
3,33,5,0,66.0,58.97056274847714,25.187821253254654,0.4271253330358477,27,2,1.0
3,33,5,1,66.0,58.97056274847714,28.683392796313186,0.48640188357459596,27,2,1.0
3,33,5,2,66.0,57.798989873223334,30.901172307402067,0.5346317016124484,26,2,1.0
4,33,0,0,66.0,58.97056274847714,27.519670408978655,0.46666792932528567,27,2,1.0
4,33,0,1,66.0,57.798989873223334,28.988109839848583,0.5015331566076031,26,2,1.0
4,33,0,2,66.0,57.798989873223334,29.157542722619276,0.5044645725915559,26,2,1.0
4,33,0,3,66.0,58.97056274847714,28.913123739665657,0.49029757207823677,27,2,1.0
4,33,1,0,66.0,58.97056274847714,28.78169478675633,0.4880688507165313,27,2,1.0
4,33,1,1,66.0,58.97056274847714,29.14885936465058,0.4942950856510746,27,2,1.0
4,33,1,2,66.0,57.798989873223334,29.111173976354266,0.5036623311273587,26,2,1.0
4,33,1,3,66.0,58.97056274847714,28.882052322681144,0.4897706750038941,27,2,1.0
4,33,2,0,66.0,57.798989873223334,26.97886237021597,0.46677048213803696,26,2,1.0
4,33,2,1,66.0,57.798989873223334,29.431189399750117,0.5091990269086826,26,2,1.0
4,33,2,2,66.0,58.97056274847714,30.417156691478283,0.5158023812866492,27,2,1.0
4,33,2,3,66.0,58.97056274847714,29.53242306114438,0.5007994104975203,27,2,1.0
4,33,3,0,66.0,57.798989873223334,28.793546692973102,0.4981669533694109,26,2,1.0
4,33,3,1,66.0,57.798989873223334,31.39565819668168,0.5431869703180819,26,2,1.0
4,33,3,2,66.0,60.14213562373095,26.798699009636344,0.44558941467090313,28,2,1.0
4,33,3,3,66.0,58.97056274847714,30.56066616870565,0.518235959508371,27,2,1.0
4,33,4,0,66.0,57.798989873223334,30.936910453562362,0.5352500194453151,26,2,1.0
4,33,4,1,66.0,58.97056274847714,26.2165532729121,0.44457017282896993,27,2,1.0
4,33,4,2,66.0,57.798989873223334,27.800555781914902,0.4809868795785673,26,2,1.0
4,33,4,3,66.0,58.97056274847714,30.70300287661312,0.5206496503614593,27,2,1.0
4,33,5,0,66.0,57.798989873223334,31.526827826128688,0.5454563807305254,26,2,1.0
4,33,5,1,66.0,57.798989873223334,27.83204442336706,0.4815316752838421,26,2,1.0
4,33,5,2,66.0,58.97056274847714,27.24317652693579,0.46197925298990505,27,2,1.0
4,33,5,3,66.0,58.97056274847714,32.050971446214376,0.5435079801242368,27,2,1.0
5,33,0,0,66.0,58.97056274847714,27.818509548208095,0.471735527891439,27,2,1.0
5,33,0,1,66.0,58.97056274847714,28.47502646076658,0.48286848782873315,27,2,1.0
5,33,0,2,66.0,58.97056274847714,27.421418556101976,0.465001812396815,27,2,1.0
5,33,0,3,66.0,57.798989873223334,30.604796030724554,0.5295039947558479,26,2,1.0
5,33,0,4,66.0,58.97056274847714,28.185472923501187,0.4779583509100742,27,2,1.0
5,33,1,0,66.0,58.97056274847714,27.04053634993928,0.4585429592265096,27,2,1.0
5,33,1,1,66.0,57.798989873223334,27.837381077297877,0.481624006550228,26,2,1.0
5,33,1,2,66.0,57.798989873223334,33.03367145853233,0.5715267953815213,26,2,1.0
5,33,1,3,66.0,57.798989873223334,28.759508582933165,0.4975780484401968,26,2,1.0
5,33,1,4,66.0,57.798989873223334,31.35323754362607,0.542453036158529,26,2,1.0
5,33,2,0,66.0,57.798989873223334,27.818892538351278,0.4813041300439577,26,2,1.0
5,33,2,1,66.0,60.14213562373095,28.187543944908278,0.46868212531159276,28,2,1.0
5,33,2,2,66.0,58.97056274847714,27.226647859333216,0.46169896623610424,27,2,1.0
5,33,2,3,66.0,57.798989873223334,28.86413323537461,0.49938819516890137,26,2,1.0
5,33,2,4,66.0,57.798989873223334,27.66365984524395,0.47861839637546594,26,2,1.0
5,33,3,0,66.0,57.798989873223334,29.01472485025879,0.5019936319631169,26,2,1.0
5,33,3,1,66.0,57.798989873223334,29.515268676801163,0.5106537111036047,26,2,1.0
5,33,3,2,66.0,57.798989873223334,27.099658705451354,0.4688604206559996,26,2,1.0
5,33,3,3,66.0,57.798989873223334,30.028598324721983,0.5195350020923705,26,2,1.0
5,33,3,4,66.0,58.97056274847714,27.398862380990714,0.4646193135014345,27,2,1.0
5,33,4,0,66.0,57.798989873223334,29.796071734627745,0.5155119803993571,26,2,1.0
5,33,4,1,66.0,57.798989873223334,30.96671495625945,0.5357656772926661,26,2,1.0
5,33,4,2,66.0,57.798989873223334,29.1004710982725,0.5034771569901422,26,2,1.0
5,33,4,3,66.0,57.798989873223334,30.569247207098122,0.5288889524565896,26,2,1.0
5,33,4,4,66.0,58.97056274847714,26.482790164694393,0.44908491508974596,27,2,1.0
5,33,5,0,66.0,58.97056274847714,25.143990428519157,0.4263820668587477,27,2,1.0
5,33,5,1,66.0,60.14213562373095,26.771337340637878,0.4451344645978021,28,2,1.0
5,33,5,2,66.0,57.798989873223334,26.27769022633906,0.454639264180511,26,2,1.0
5,33,5,3,66.0,57.798989873223334,30.359638651246776,0.5252624434758772,26,2,1.0
5,33,5,4,66.0,58.97056274847714,28.87911433981035,0.4897208538264479,27,2,1.0
6,33,0,0,66.0,58.97056274847714,28.873361607783202,0.48962330122123227,27,2,1.0
6,33,0,1,66.0,57.798989873223334,32.05087217127412,0.5545230503435217,26,2,1.0
6,33,0,2,66.0,58.97056274847714,28.94899261832318,0.4909058226525193,27,2,1.0
6,33,0,3,66.0,58.97056274847714,28.782714165876143,0.4880861369534655,27,2,1.0
6,33,0,4,66.0,57.798989873223334,29.708327469721752,0.5139938870019041,26,2,1.0
6,33,0,5,66.0,57.798989873223334,28.685291497277,0.49629399337593094,26,2,1.0
6,33,1,0,66.0,57.798989873223334,30.822861545367587,0.5332768204595728,26,2,1.0
6,33,1,1,66.0,58.97056274847714,29.27412657515034,0.49641931856765803,27,2,1.0
6,33,1,2,66.0,57.798989873223334,27.175676571478775,0.4701756316344987,26,2,1.0
6,33,1,3,66.0,58.97056274847714,29.040433786752125,0.4924564466277213,27,2,1.0
6,33,1,4,66.0,58.97056274847714,30.162051155056613,0.5114764002457398,27,2,1.0
6,33,1,5,66.0,57.798989873223334,30.65259827806658,0.5303310377101776,26,2,1.0
6,33,2,0,66.0,57.798989873223334,28.807010290431606,0.4983998916523815,26,2,1.0
6,33,2,1,66.0,57.798989873223334,33.106281573355254,0.5727830476963487,26,2,1.0
6,33,2,2,66.0,57.798989873223334,29.375224953496257,0.508230766972365,26,2,1.0
6,33,2,3,66.0,58.97056274847714,28.381674270407075,0.48128545748259804,27,2,1.0
6,33,2,4,66.0,57.798989873223334,27.34197382581593,0.4730527970434775,26,2,1.0
6,33,2,5,66.0,58.97056274847714,28.480688372075804,0.48296450033133337,27,2,1.0
6,33,3,0,66.0,57.798989873223334,29.117641854199505,0.5037742340837845,26,2,1.0
6,33,3,1,66.0,60.14213562373095,30.201682366730182,0.5021717644960577,28,2,1.0
6,33,3,2,66.0,57.798989873223334,30.293371111414757,0.5241159262101367,26,2,1.0
6,33,3,3,66.0,57.798989873223334,29.841513677469777,0.5162981869220264,26,2,1.0
6,33,3,4,66.0,57.798989873223334,28.85458177514849,0.4992229421039764,26,2,1.0
6,33,3,5,66.0,57.798989873223334,26.559937597575946,0.4595225220342549,26,2,1.0
6,33,4,0,66.0,57.798989873223334,28.52719071289035,0.4935586378838465,26,2,1.0
6,33,4,1,66.0,60.14213562373095,30.182185269695985,0.5018475808462423,28,2,1.0
6,33,4,2,66.0,57.798989873223334,29.763096179432523,0.5149414590932313,26,2,1.0
6,33,4,3,66.0,58.97056274847714,30.711127879699255,0.5207874310219693,27,2,1.0
6,33,4,4,66.0,57.798989873223334,30.74451614655426,0.5319213400439952,26,2,1.0
6,33,4,5,66.0,57.798989873223334,30.95444772027241,0.5355534376667843,26,2,1.0
6,33,5,0,66.0,57.798989873223334,27.835891039236124,0.48159822689447584,26,2,1.0
6,33,5,1,66.0,58.97056274847714,28.482053160288686,0.48298764388210297,27,2,1.0
6,33,5,2,66.0,57.798989873223334,29.93384363944286,0.5178956190255217,26,2,1.0
6,33,5,3,66.0,58.97056274847714,29.6748134441412,0.5032140115520184,27,2,1.0
6,33,5,4,66.0,57.798989873223334,27.110749012701582,0.46905229783715024,26,2,1.0
6,33,5,5,66.0,58.97056274847714,31.180490349382374,0.5287466982869784,27,2,1.0
7,33,0,0,66.0,57.798989873223334,27.175676571478746,0.4701756316344982,26,2,1.0
7,33,0,1,66.0,57.798989873223334,32.281613585823884,0.5585151861067222,26,2,1.0
7,33,0,2,66.0,58.97056274847714,27.40898747782638,0.46479101097834086,27,2,1.0
7,33,0,3,66.0,57.798989873223334,28.059197744536206,0.48546173222198913,26,2,1.0
7,33,0,4,66.0,57.798989873223334,29.452072737738426,0.5095603366484222,26,2,1.0
7,33,0,5,66.0,58.97056274847714,31.247331245501005,0.5298801603569221,27,2,1.0
7,33,0,6,66.0,58.97056274847714,30.813660942019936,0.5225261470447078,27,2,1.0
7,33,1,0,66.0,58.97056274847714,30.44107993142132,0.5162080623388223,27,2,1.0
7,33,1,1,66.0,57.798989873223334,26.06943473048615,0.4510361649514466,26,2,1.0
7,33,1,2,66.0,57.798989873223334,27.990564579378002,0.48427428646716286,26,2,1.0
7,33,1,3,66.0,57.798989873223334,28.107458438076222,0.48629670691005666,26,2,1.0
7,33,1,4,66.0,57.798989873223334,27.383963354242226,0.4737792721690532,26,2,1.0
7,33,1,5,66.0,58.97056274847714,28.823113383171297,0.48877121125854656,27,2,1.0
7,33,1,6,66.0,58.97056274847714,30.73628686386121,0.5212140673467618,27,2,1.0
7,33,2,0,66.0,57.798989873223334,27.277386777419288,0.4719353545321411,26,2,1.0
7,33,2,1,66.0,57.798989873223334,28.34626020718339,0.49042829761139867,26,2,1.0
7,33,2,2,66.0,58.97056274847714,26.756286917396945,0.45372276726472144,27,2,1.0
7,33,2,3,66.0,58.97056274847714,32.57097493155749,0.5523259981506383,27,2,1.0
7,33,2,4,66.0,57.798989873223334,26.445103342403872,0.45753573549310683,26,2,1.0
7,33,2,5,66.0,57.798989873223334,33.0687579097162,0.5721338380177476,26,2,1.0
7,33,2,6,66.0,58.97056274847714,32.63907667195991,0.5534808411303958,27,2,1.0
7,33,3,0,66.0,60.14213562373095,27.090007923515735,0.45043308892453976,28,2,1.0
7,33,3,1,66.0,57.798989873223334,30.02946547650246,0.5195500049805243,26,2,1.0
7,33,3,2,66.0,57.798989873223334,34.24146376913424,0.592423221309571,26,2,1.0
7,33,3,3,66.0,57.798989873223334,28.390138156437505,0.49118744494858146,26,2,1.0
7,33,3,4,66.0,57.798989873223334,27.61241551675461,0.47773180080343713,26,2,1.0
7,33,3,5,66.0,57.798989873223334,29.53854867323856,0.5110564862470537,26,2,1.0
7,33,3,6,66.0,57.798989873223334,26.783050650782407,0.46338267692097246,26,2,1.0
7,33,4,0,66.0,58.97056274847714,28.984772771478276,0.4915125686540405,27,2,1.0
7,33,4,1,66.0,58.97056274847714,28.218903033017504,0.4785252457802979,27,2,1.0
7,33,4,2,66.0,57.798989873223334,30.668447521332762,0.5306052508633996,26,2,1.0
7,33,4,3,66.0,57.798989873223334,30.735715063723937,0.5317690695138418,26,2,1.0
7,33,4,4,66.0,58.97056274847714,30.278966140269045,0.513458999355589,27,2,1.0
7,33,4,5,66.0,57.798989873223334,28.213166322864584,0.48812559501035435,26,2,1.0
7,33,4,6,66.0,57.798989873223334,32.20566482956109,0.5572011708197876,26,2,1.0
7,33,5,0,66.0,57.798989873223334,28.634889591214932,0.49542197284109774,26,2,1.0
7,33,5,1,66.0,57.798989873223334,27.38820696152614,0.4738526922633009,26,2,1.0
7,33,5,2,66.0,58.97056274847714,30.13363321791419,0.510994499856496,27,2,1.0
7,33,5,3,66.0,57.798989873223334,28.13887209184373,0.48684020522787175,26,2,1.0
7,33,5,4,66.0,58.97056274847714,30.124385905674117,0.5108376875113346,27,2,1.0
7,33,5,5,66.0,57.798989873223334,28.938448080211717,0.5006739415980364,26,2,1.0
7,33,5,6,66.0,58.97056274847714,27.344181804547837,0.4636920614303274,27,2,1.0
8,33,0,0,66.0,58.97056274847714,27.370206745095608,0.4641333823086573,27,2,1.0
8,33,0,1,66.0,58.97056274847714,28.80851071299088,0.4885235848242746,27,2,1.0
8,33,0,2,66.0,57.798989873223334,27.945421280470146,0.4834932468848644,26,2,1.0
8,33,0,3,66.0,57.798989873223334,26.416461299123707,0.4570401897518579,26,2,1.0
8,33,0,4,66.0,58.97056274847714,30.104121620365824,0.5104940535969912,27,2,1.0
8,33,0,5,66.0,58.97056274847714,32.12602791055711,0.54478075862328,27,2,1.0
8,33,0,6,66.0,58.97056274847714,27.179849123952202,0.460905371377927,27,2,1.0
8,33,0,7,66.0,57.798989873223334,27.728499960758533,0.4797402172871602,26,2,1.0
8,33,1,0,66.0,58.97056274847714,31.803260450702066,0.5393073928487032,27,2,1.0
8,33,1,1,66.0,58.97056274847714,25.989148081227853,0.4407139235227834,27,2,1.0
8,33,1,2,66.0,58.97056274847714,28.100803293514932,0.47652255606532445,27,2,1.0
8,33,1,3,66.0,57.798989873223334,27.656335835888658,0.47849168119633645,26,2,1.0
8,33,1,4,66.0,57.798989873223334,28.859605591297687,0.4993098608574047,26,2,1.0
8,33,1,5,66.0,57.798989873223334,28.760056084382704,0.4975875209491583,26,2,1.0
8,33,1,6,66.0,58.97056274847714,28.32799912917598,0.4803752551930246,27,2,1.0
8,33,1,7,66.0,57.798989873223334,28.32546572563157,0.49006852520711564,26,2,1.0
8,33,2,0,66.0,58.97056274847714,25.987779715509653,0.44069071930606196,27,2,1.0
8,33,2,1,66.0,58.97056274847714,25.743429284881433,0.43654711919034944,27,2,1.0
8,33,2,2,66.0,57.798989873223334,26.92226524626932,0.46579127602957743,26,2,1.0
8,33,2,3,66.0,58.97056274847714,27.931499878123958,0.47365157421437803,27,2,1.0
8,33,2,4,66.0,57.798989873223334,26.840060479157568,0.4643690233692444,26,2,1.0
8,33,2,5,66.0,58.97056274847714,29.122397632331904,0.49384635782679487,27,2,1.0
8,33,2,6,66.0,57.798989873223334,29.067772457481553,0.5029114266743933,26,2,1.0
8,33,2,7,66.0,57.798989873223334,28.73982195310931,0.4972374433557994,26,2,1.0
8,33,3,0,66.0,57.798989873223334,30.199525952415044,0.5224922791670732,26,2,1.0
8,33,3,1,66.0,57.798989873223334,27.841708001245955,0.48169886813444546,26,2,1.0
8,33,3,2,66.0,57.798989873223334,30.48049088583847,0.527353349127633,26,2,1.0
8,33,3,3,66.0,58.97056274847714,29.10424382617623,0.4935385126018289,27,2,1.0
8,33,3,4,66.0,57.798989873223334,27.23723747957069,0.47124071786225014,26,2,1.0
8,33,3,5,66.0,58.97056274847714,27.09205449979255,0.4594165840903761,27,2,1.0
8,33,3,6,66.0,57.798989873223334,26.865245830330633,0.464804763703605,26,2,1.0
8,33,3,7,66.0,57.798989873223334,30.54667964815711,0.5284985034367968,26,2,1.0
8,33,4,0,66.0,57.798989873223334,26.42948636266273,0.45726554081019977,26,2,1.0
8,33,4,1,66.0,57.798989873223334,26.202127036811504,0.4533319197149191,26,2,1.0
8,33,4,2,66.0,57.798989873223334,29.572947554360177,0.5116516329995674,26,2,1.0
8,33,4,3,66.0,57.798989873223334,27.815949151319288,0.4812532055029156,26,2,1.0
8,33,4,4,66.0,58.97056274847714,28.490471672422416,0.48313040175554633,27,2,1.0
8,33,4,5,66.0,57.798989873223334,32.536230833513685,0.5629204057870018,26,2,1.0
8,33,4,6,66.0,57.798989873223334,27.918551070017024,0.4830283562265318,26,2,1.0
8,33,4,7,66.0,57.798989873223334,29.75333622622417,0.5147725988202445,26,2,1.0
8,33,5,0,66.0,60.14213562373095,31.7239020138065,0.5274821335291733,28,2,1.0
8,33,5,1,66.0,58.97056274847714,27.35530973744177,0.4638807646133273,27,2,1.0
8,33,5,2,66.0,57.798989873223334,26.457433704415017,0.45774906728382136,26,2,1.0
8,33,5,3,66.0,57.798989873223334,26.810094442470096,0.4638505707673356,26,2,1.0
8,33,5,4,66.0,58.97056274847714,28.89638887779453,0.4900137887617623,27,2,1.0
8,33,5,5,66.0,58.97056274847714,31.973232807433487,0.5421897183482307,27,2,1.0
8,33,5,6,66.0,58.97056274847714,28.821759063004183,0.48874824522084925,27,2,1.0
8,33,5,7,66.0,57.798989873223334,27.79933512480222,0.48096576057431895,26,2,1.0
9,33,0,0,66.0,58.97056274847714,28.950908094092142,0.49093830454992177,27,2,1.0
9,33,0,1,66.0,57.798989873223334,27.58820002503576,0.477312840337658,26,2,1.0
9,33,0,2,66.0,57.798989873223334,28.977793190268677,0.5013546647411788,26,2,1.0
9,33,0,3,66.0,57.798989873223334,29.85485946850833,0.5165290869960213,26,2,1.0
9,33,0,4,66.0,58.97056274847714,30.19192725397358,0.5119830275785058,27,2,1.0
9,33,0,5,66.0,57.798989873223334,29.198800151234202,0.5051783814090702,26,2,1.0
9,33,0,6,66.0,57.798989873223334,29.559715007558893,0.5114226922026727,26,2,1.0
9,33,0,7,66.0,58.97056274847714,28.27782008640725,0.4795243383892838,27,2,1.0
9,33,0,8,66.0,58.97056274847714,27.52645625789281,0.4667830011271794,27,2,1.0
9,33,1,0,66.0,57.798989873223334,29.784016430713926,0.515303407482421,26,2,1.0
9,33,1,1,66.0,57.798989873223334,27.070637565390008,0.46835831603228556,26,2,1.0
9,33,1,2,66.0,58.97056274847714,26.86213121178688,0.45551763388048333,27,2,1.0
9,33,1,3,66.0,58.97056274847714,30.722800622268103,0.5209853728767662,27,2,1.0
9,33,1,4,66.0,57.798989873223334,27.17301665654229,0.4701296115406819,26,2,1.0
9,33,1,5,66.0,57.798989873223334,30.91059646732434,0.5347947522114804,26,2,1.0
9,33,1,6,66.0,57.798989873223334,28.481292930553845,0.49276454472690423,26,2,1.0
9,33,1,7,66.0,57.798989873223334,27.93415045561465,0.48329824650717235,26,2,1.0
9,33,1,8,66.0,58.97056274847714,31.014648899939047,0.5259344231158786,27,2,1.0
9,33,2,0,66.0,58.97056274847714,26.573536669631327,0.4506237592300671,27,2,1.0
9,33,2,1,66.0,57.798989873223334,28.651299735928365,0.49570589034120327,26,2,1.0
9,33,2,2,66.0,57.798989873223334,28.943071157004127,0.5007539270234314,26,2,1.0
9,33,2,3,66.0,57.798989873223334,31.708496388673517,0.548599490375578,26,2,1.0
9,33,2,4,66.0,57.798989873223334,27.049206756328104,0.467987534309129,26,2,1.0
9,33,2,5,66.0,57.798989873223334,27.81119578290415,0.48117096585780134,26,2,1.0
9,33,2,6,66.0,58.97056274847714,29.158374843210023,0.4944564454569837,27,2,1.0
9,33,2,7,66.0,57.798989873223334,29.984881136473113,0.5187786361360663,26,2,1.0
9,33,2,8,66.0,57.798989873223334,28.508451031442313,0.4932344162756638,26,2,1.0
9,33,3,0,66.0,57.798989873223334,27.983617161431557,0.4841540868241988,26,2,1.0
9,33,3,1,66.0,57.798989873223334,31.61248440993006,0.5469383544464892,26,2,1.0
9,33,3,2,66.0,57.798989873223334,31.123082671343173,0.5384710483627609,26,2,1.0
9,33,3,3,66.0,58.97056274847714,29.822764133508244,0.5057229021318503,27,2,1.0
9,33,3,4,66.0,60.14213562373095,29.700634068987267,0.49384069522911916,28,2,1.0
9,33,3,5,66.0,57.798989873223334,28.75926801584317,0.49757388630707783,26,2,1.0
9,33,3,6,66.0,58.97056274847714,28.371296078898556,0.4811094681240975,27,2,1.0
9,33,3,7,66.0,57.798989873223334,25.78483786609899,0.44611225771688423,26,2,1.0
9,33,3,8,66.0,58.97056274847714,28.913005538878004,0.49029556767498633,27,2,1.0
9,33,4,0,66.0,60.14213562373095,28.245618185989024,0.46964774185444513,28,2,1.0
9,33,4,1,66.0,58.97056274847714,31.919508268611146,0.5412786783934063,27,2,1.0
9,33,4,2,66.0,57.798989873223334,29.851362448299035,0.5164685838589083,26,2,1.0
9,33,4,3,66.0,58.97056274847714,32.596384448982306,0.5527568829216247,27,2,1.0
9,33,4,4,66.0,58.97056274847714,30.254478115427975,0.5130437408995095,27,2,1.0
9,33,4,5,66.0,58.97056274847714,25.95586524785303,0.4401495261044175,27,2,1.0
9,33,4,6,66.0,57.798989873223334,32.824493442424654,0.5679077353154804,26,2,1.0
9,33,4,7,66.0,57.798989873223334,27.601983998673525,0.4775513215579699,26,2,1.0
9,33,4,8,66.0,57.798989873223334,26.158949891533638,0.45258489722590034,26,2,1.0
9,33,5,0,66.0,58.97056274847714,33.81058450050882,0.5733468178812986,27,2,1.0
9,33,5,1,66.0,57.798989873223334,32.11713085297406,0.5556694143517036,26,2,1.0
9,33,5,2,66.0,58.97056274847714,28.349324305760852,0.4807368792914045,27,2,1.0
9,33,5,3,66.0,57.798989873223334,28.026051351469974,0.48488825519169954,26,2,1.0
9,33,5,4,66.0,57.798989873223334,25.859154791336614,0.4473980401397368,26,2,1.0
9,33,5,5,66.0,57.798989873223334,29.014444005149894,0.5019887729662812,26,2,1.0
9,33,5,6,66.0,58.97056274847714,32.0028014858806,0.5426911325635441,27,2,1.0
9,33,5,7,66.0,58.97056274847714,30.47262999888369,0.5167430761828811,27,2,1.0
9,33,5,8,66.0,57.798989873223334,29.949305969596946,0.5181631380632765,26,2,1.0
10,33,0,0,66.0,57.798989873223334,27.31629322288026,0.47260848818977613,26,2,1.0
10,33,0,1,66.0,57.798989873223334,27.739888670696157,0.4799372572347891,26,2,1.0
10,33,0,2,66.0,57.798989873223334,31.146702925021536,0.5388797104125679,26,2,1.0
10,33,0,3,66.0,57.798989873223334,28.34090932759444,0.4903357202220587,26,2,1.0
10,33,0,4,66.0,58.97056274847714,28.625168649366103,0.4854145410051275,27,2,1.0
10,33,0,5,66.0,58.97056274847714,29.514325748337214,0.5004925232649131,27,2,1.0
10,33,0,6,66.0,57.798989873223334,28.26748003547268,0.4890652950419159,26,2,1.0
10,33,0,7,66.0,57.798989873223334,30.40354555159353,0.5260220917057695,26,2,1.0
10,33,0,8,66.0,57.798989873223334,27.673207570862722,0.47878358482667793,26,2,1.0
10,33,0,9,66.0,57.798989873223334,30.658716654852192,0.5304368938297921,26,2,1.0
10,33,1,0,66.0,58.97056274847714,28.01252222773835,0.4750255198889339,27,2,1.0
10,33,1,1,66.0,57.798989873223334,30.78858152564283,0.5326837301685496,26,2,1.0
10,33,1,2,66.0,57.798989873223334,27.892263541272545,0.4825735467427997,26,2,1.0
10,33,1,3,66.0,57.798989873223334,32.36612248850746,0.559977303400968,26,2,1.0
10,33,1,4,66.0,57.798989873223334,29.35131348747324,0.5078170665586474,26,2,1.0
10,33,1,5,66.0,58.97056274847714,28.346348673179207,0.4806864196647203,27,2,1.0
10,33,1,6,66.0,58.97056274847714,25.90607345025652,0.439305176054565,27,2,1.0
10,33,1,7,66.0,57.798989873223334,31.00967629423502,0.5365089660260818,26,2,1.0
10,33,1,8,66.0,57.798989873223334,28.898715194414308,0.4999865094148,26,2,1.0
10,33,1,9,66.0,58.97056274847714,28.527279640944233,0.48375457705261465,27,2,1.0
10,33,2,0,66.0,57.798989873223334,29.486461917944467,0.510155315562093,26,2,1.0
10,33,2,1,66.0,57.798989873223334,29.30026577991677,0.5069338727923127,26,2,1.0
10,33,2,2,66.0,57.798989873223334,28.227334705417913,0.48837072702017675,26,2,1.0
10,33,2,3,66.0,57.798989873223334,29.160594968267088,0.5045173805325684,26,2,1.0
10,33,2,4,66.0,57.798989873223334,28.694690146148666,0.4964566025995918,26,2,1.0
10,33,2,5,66.0,58.97056274847714,28.872163631932636,0.48960298640999883,27,2,1.0
10,33,2,6,66.0,58.97056274847714,29.754553295748803,0.504566209121299,27,2,1.0
10,33,2,7,66.0,58.97056274847714,26.62650924684676,0.4515220477107345,27,2,1.0
10,33,2,8,66.0,58.97056274847714,30.325398100226003,0.5142463745779521,27,2,1.0
10,33,2,9,66.0,58.97056274847714,30.30214323592918,0.513852027581536,27,2,1.0
10,33,3,0,66.0,57.798989873223334,27.773561920307603,0.4805198495895224,26,2,1.0
10,33,3,1,66.0,57.798989873223334,28.563973394023034,0.494195027571856,26,2,1.0
10,33,3,2,66.0,57.798989873223334,28.809056661528913,0.4984352966153713,26,2,1.0
10,33,3,3,66.0,57.798989873223334,26.916631675958463,0.46569380771182284,26,2,1.0
10,33,3,4,66.0,57.798989873223334,32.39118566698542,0.56041092998394,26,2,1.0
10,33,3,5,66.0,57.798989873223334,26.063337094607803,0.4509306676773295,26,2,1.0
10,33,3,6,66.0,57.798989873223334,27.630963801617398,0.47805271099414237,26,2,1.0
10,33,3,7,66.0,57.798989873223334,29.40503215067187,0.5087464714378063,26,2,1.0
10,33,3,8,66.0,57.798989873223334,27.67822732241934,0.47887043325720635,26,2,1.0
10,33,3,9,66.0,57.798989873223334,26.328347988248947,0.4555157113644669,26,2,1.0
10,33,4,0,66.0,58.97056274847714,29.22644661339112,0.4956107802133169,27,2,1.0
10,33,4,1,66.0,58.97056274847714,26.231421148958006,0.4448222965217575,27,2,1.0
10,33,4,2,66.0,58.97056274847714,25.736737470323256,0.43643364198670265,27,2,1.0
10,33,4,3,66.0,58.97056274847714,29.308291413535574,0.49699867268593145,27,2,1.0
10,33,4,4,66.0,58.97056274847714,30.91313325734633,0.5242129601034651,27,2,1.0
10,33,4,5,66.0,57.798989873223334,29.464343578096823,0.5097726386347599,26,2,1.0
10,33,4,6,66.0,57.798989873223334,31.061085318965915,0.5373984110638524,26,2,1.0
10,33,4,7,66.0,57.798989873223334,28.757581326435457,0.49754470431944425,26,2,1.0
10,33,4,8,66.0,57.798989873223334,27.81916505737818,0.4813088449884143,26,2,1.0
10,33,4,9,66.0,58.97056274847714,28.67362643828408,0.48623626945165194,27,2,1.0
10,33,5,0,66.0,60.14213562373095,28.32805391735984,0.4710184236653898,28,2,1.0
10,33,5,1,66.0,58.97056274847714,28.613573921076146,0.48521792208630504,27,2,1.0
10,33,5,2,66.0,58.97056274847714,29.228180007888554,0.4956401744469251,27,2,1.0
10,33,5,3,66.0,57.798989873223334,29.649731313777316,0.512980094960331,26,2,1.0
10,33,5,4,66.0,58.97056274847714,29.84213284141397,0.5060513491909082,27,2,1.0
10,33,5,5,66.0,57.798989873223334,29.086970104173695,0.503243571695167,26,2,1.0
10,33,5,6,66.0,57.798989873223334,28.16063021456923,0.4872166499161479,26,2,1.0
10,33,5,7,66.0,57.798989873223334,28.19193301856427,0.4877582303843135,26,2,1.0
10,33,5,8,66.0,57.798989873223334,28.02592277318371,0.48488603061499763,26,2,1.0
10,33,5,9,66.0,57.798989873223334,27.77678125071108,0.4805755483207724,26,2,1.0
1,34,0,0,68.0,59.798989873223334,27.70803023128119,0.4633528139860475,27,2,1.0
1,34,1,0,68.0,59.798989873223334,28.898351850451334,0.48325819402162473,27,2,1.0
1,34,2,0,68.0,59.798989873223334,27.547537351642376,0.46066894123202495,27,2,1.0
1,34,3,0,68.0,59.798989873223334,28.748010729299914,0.48074408598284096,27,2,1.0
1,34,4,0,68.0,59.798989873223334,29.115031377922982,0.4868816586977174,27,2,1.0
1,34,5,0,68.0,60.97056274847714,29.08934007455118,0.47710466761728787,28,2,1.0
2,34,0,0,68.0,59.798989873223334,26.264853981384817,0.4392190242187626,27,2,1.0
2,34,0,1,68.0,60.97056274847714,29.066531519522677,0.47673057635094024,28,2,1.0
2,34,1,0,68.0,59.798989873223334,27.66270869336092,0.4625949159343186,27,2,1.0
2,34,1,1,68.0,60.97056274847714,30.292242728638648,0.4968339041514793,28,2,1.0
2,34,2,0,68.0,60.97056274847714,28.841234539814884,0.4730354000305705,28,2,1.0
2,34,2,1,68.0,59.798989873223334,27.38414622482096,0.4579366019873686,27,2,1.0
2,34,3,0,68.0,59.798989873223334,30.89860620444766,0.5167078285093805,27,2,1.0
2,34,3,1,68.0,60.97056274847714,32.00690405739753,0.5249566776911037,28,2,1.0
2,34,4,0,68.0,59.798989873223334,27.730797705455654,0.46373354741018613,27,2,1.0
2,34,4,1,68.0,60.97056274847714,30.510945383151736,0.5004209245864932,28,2,1.0
2,34,5,0,68.0,59.798989873223334,27.308423334757812,0.456670311532903,27,2,1.0
2,34,5,1,68.0,59.798989873223334,28.73454559587701,0.4805189127240376,27,2,1.0
3,34,0,0,68.0,59.798989873223334,29.073642285561455,0.4861895217159845,27,2,1.0
3,34,0,1,68.0,59.798989873223334,27.054967214563952,0.4524318432789877,27,2,1.0
3,34,0,2,68.0,59.798989873223334,32.32290976150606,0.540526016075391,27,2,1.0
3,34,1,0,68.0,59.798989873223334,29.505160424192347,0.4934056659944369,27,2,1.0
3,34,1,1,68.0,59.798989873223334,30.91074206683422,0.5169107727800494,27,2,1.0
3,34,1,2,68.0,59.798989873223334,32.45999553822233,0.5428184590916844,27,2,1.0
3,34,2,0,68.0,59.798989873223334,27.01744753557684,0.45180441329954063,27,2,1.0
3,34,2,1,68.0,59.798989873223334,27.42047007273225,0.4585440344538417,27,2,1.0
3,34,2,2,68.0,60.97056274847714,30.86308182740124,0.5061964403169643,28,2,1.0
3,34,3,0,68.0,59.798989873223334,27.650271623016582,0.46238693465619496,27,2,1.0
3,34,3,1,68.0,59.798989873223334,32.08533620556966,0.5365531470279361,27,2,1.0
3,34,3,2,68.0,60.97056274847714,30.712849446671918,0.5037324253242034,28,2,1.0
3,34,4,0,68.0,60.97056274847714,27.565872848114324,0.4521177369123567,28,2,1.0
3,34,4,1,68.0,59.798989873223334,28.78680376601293,0.481392809929437,27,2,1.0
3,34,4,2,68.0,59.798989873223334,32.54546533546141,0.5442477440582077,27,2,1.0
3,34,5,0,68.0,59.798989873223334,27.726989371867873,0.4636698618262682,27,2,1.0
3,34,5,1,68.0,59.798989873223334,29.44548188997748,0.49240768033713084,27,2,1.0
3,34,5,2,68.0,59.798989873223334,28.28274393629924,0.4729635734024937,27,2,1.0
4,34,0,0,68.0,60.97056274847714,29.349381454240202,0.48136969926480233,28,2,1.0
4,34,0,1,68.0,59.798989873223334,31.31320359939847,0.523641012428202,27,2,1.0
4,34,0,2,68.0,60.97056274847714,30.533467182269412,0.5007903126666162,28,2,1.0
4,34,0,3,68.0,59.798989873223334,30.50688972163472,0.5101572750026507,27,2,1.0
4,34,1,0,68.0,59.798989873223334,30.68984477515223,0.5132167757384555,27,2,1.0
4,34,1,1,68.0,59.798989873223334,26.24085381420914,0.43881767685108025,27,2,1.0
4,34,1,2,68.0,59.798989873223334,30.89416185490894,0.5166335070275604,27,2,1.0
4,34,1,3,68.0,59.798989873223334,26.494240648577136,0.4430549864595735,27,2,1.0
4,34,2,0,68.0,60.97056274847714,30.979601127745074,0.5081075150240244,28,2,1.0
4,34,2,1,68.0,59.798989873223334,34.159834780612265,0.571244344645833,27,2,1.0
4,34,2,2,68.0,59.798989873223334,27.69996321506393,0.46321791177056926,27,2,1.0
4,34,2,3,68.0,59.798989873223334,28.534175719611074,0.47716818929725846,27,2,1.0
4,34,3,0,68.0,59.798989873223334,29.587581313404755,0.49478396501566024,27,2,1.0
4,34,3,1,68.0,59.798989873223334,30.429910638250227,0.5088699776160612,27,2,1.0
4,34,3,2,68.0,59.798989873223334,25.09955628426919,0.4197321114868567,27,2,1.0
4,34,3,3,68.0,60.97056274847714,30.422153390522254,0.49896461536730863,28,2,1.0
4,34,4,0,68.0,59.798989873223334,30.520914723083173,0.5103918107611675,27,2,1.0
4,34,4,1,68.0,59.798989873223334,28.406944630370454,0.47504054316961725,27,2,1.0
4,34,4,2,68.0,60.97056274847714,30.61352357176449,0.5021033461353303,28,2,1.0
4,34,4,3,68.0,59.798989873223334,30.22319270654575,0.5054130976228919,27,2,1.0
4,34,5,0,68.0,59.798989873223334,27.825579282402373,0.46531855038678593,27,2,1.0
4,34,5,1,68.0,59.798989873223334,28.800798183801454,0.48162683424687436,27,2,1.0
4,34,5,2,68.0,59.798989873223334,27.281962971361924,0.4562278230652552,27,2,1.0
4,34,5,3,68.0,59.798989873223334,31.348573146125197,0.5242324864113197,27,2,1.0
5,34,0,0,68.0,59.798989873223334,29.23639470602949,0.48891118007197143,27,2,1.0
5,34,0,1,68.0,59.798989873223334,33.6397543116797,0.5625471999275834,27,2,1.0
5,34,0,2,68.0,59.798989873223334,30.396021982421026,0.5083032681130906,27,2,1.0
5,34,0,3,68.0,59.798989873223334,29.29063594560123,0.48981823953379067,27,2,1.0
5,34,0,4,68.0,59.798989873223334,25.14028730455063,0.42041324373286604,27,2,1.0
5,34,1,0,68.0,60.97056274847714,30.29734806469766,0.4969176385936243,28,2,1.0
5,34,1,1,68.0,59.798989873223334,32.401526815320395,0.5418407047345307,27,2,1.0
5,34,1,2,68.0,59.798989873223334,30.649305308288103,0.5125388467809585,27,2,1.0
5,34,1,3,68.0,60.97056274847714,29.398381573171186,0.48217336773565317,28,2,1.0
5,34,1,4,68.0,59.798989873223334,29.450417276560984,0.49249021327947595,27,2,1.0
5,34,2,0,68.0,59.798989873223334,32.57136135392847,0.5446807951602741,27,2,1.0
5,34,2,1,68.0,59.798989873223334,30.768733108063017,0.5145360009139649,27,2,1.0
5,34,2,2,68.0,59.798989873223334,28.374066562906755,0.4744907334231081,27,2,1.0
5,34,2,3,68.0,59.798989873223334,28.180891193706508,0.47126032151130515,27,2,1.0
5,34,2,4,68.0,60.97056274847714,30.21497252907898,0.4955665679801136,28,2,1.0
5,34,3,0,68.0,59.798989873223334,29.801215427997573,0.4983565021947285,27,2,1.0
5,34,3,1,68.0,59.798989873223334,28.50532843472985,0.47668578508035814,27,2,1.0
5,34,3,2,68.0,59.798989873223334,27.47768213626791,0.45950077408534634,27,2,1.0
5,34,3,3,68.0,60.97056274847714,34.0872214938136,0.5590767077947791,28,2,1.0
5,34,3,4,68.0,59.798989873223334,30.806675502652567,0.515170499835602,27,2,1.0
5,34,4,0,68.0,60.97056274847714,32.10443123590704,0.5265562558172208,28,2,1.0
5,34,4,1,68.0,59.798989873223334,28.12224297841255,0.4702795655584321,27,2,1.0
5,34,4,2,68.0,60.97056274847714,30.872137299058018,0.5063449623454412,28,2,1.0
5,34,4,3,68.0,59.798989873223334,31.06163003761114,0.5194340256158716,27,2,1.0
5,34,4,4,68.0,59.798989873223334,30.4483964635618,0.5091791103514262,27,2,1.0
5,34,5,0,68.0,59.798989873223334,29.592500868322688,0.49486623320996187,27,2,1.0
5,34,5,1,68.0,59.798989873223334,29.321372862949644,0.4903322434896029,27,2,1.0
5,34,5,2,68.0,59.798989873223334,29.439029852478058,0.4922997849109188,27,2,1.0
5,34,5,3,68.0,59.798989873223334,30.93117282718052,0.5172524300620472,27,2,1.0
5,34,5,4,68.0,59.798989873223334,27.633707298232878,0.46210993457945754,27,2,1.0
6,34,0,0,68.0,60.97056274847714,28.307907524557162,0.46428811295930195,28,2,1.0
6,34,0,1,68.0,59.798989873223334,25.96852497817632,0.4342636060112522,27,2,1.0
6,34,0,2,68.0,59.798989873223334,33.99526523353873,0.5684922990440188,27,2,1.0
6,34,0,3,68.0,59.798989873223334,29.010818457676876,0.48513893828610105,27,2,1.0
6,34,0,4,68.0,60.97056274847714,26.803902860420244,0.43962039469759895,28,2,1.0
6,34,0,5,68.0,59.798989873223334,27.9644363480028,0.4676406141188792,27,2,1.0
6,34,1,0,68.0,59.798989873223334,30.43259060202361,0.5089147938208008,27,2,1.0
6,34,1,1,68.0,59.798989873223334,31.340735403887173,0.5241014182736364,27,2,1.0
6,34,1,2,68.0,59.798989873223334,26.332767462057756,0.44035472033698997,27,2,1.0
6,34,1,3,68.0,59.798989873223334,28.20511554564947,0.47166541785146604,27,2,1.0
6,34,1,4,68.0,59.798989873223334,31.302526463164714,0.5234624619835141,27,2,1.0
6,34,1,5,68.0,60.97056274847714,28.65041320171494,0.46990567103516756,28,2,1.0
6,34,2,0,68.0,60.97056274847714,32.070313580628074,0.5259966799540339,28,2,1.0
6,34,2,1,68.0,59.798989873223334,29.721153470220457,0.4970176508538137,27,2,1.0
6,34,2,2,68.0,60.97056274847714,30.703002876613052,0.5035709282079722,28,2,1.0
6,34,2,3,68.0,60.97056274847714,27.46737026915052,0.45050216089462897,28,2,1.0
6,34,2,4,68.0,59.798989873223334,29.4729206353275,0.49286652998339064,27,2,1.0
6,34,2,5,68.0,59.798989873223334,26.35402702648927,0.4407102374531918,27,2,1.0
6,34,3,0,68.0,59.798989873223334,30.006878882585386,0.5017957484934341,27,2,1.0
6,34,3,1,68.0,59.798989873223334,28.095235020478526,0.46982791983680233,27,2,1.0
6,34,3,2,68.0,59.798989873223334,30.048315292598026,0.5024886767536018,27,2,1.0
6,34,3,3,68.0,59.798989873223334,34.135466577320884,0.5708368427240941,27,2,1.0
6,34,3,4,68.0,59.798989873223334,32.64269130013918,0.5458736237743015,27,2,1.0
6,34,3,5,68.0,60.97056274847714,30.486991799872506,0.5000280533023943,28,2,1.0
6,34,4,0,68.0,59.798989873223334,29.285335151327637,0.489729595991737,27,2,1.0
6,34,4,1,68.0,59.798989873223334,29.40221107103432,0.49168407582416335,27,2,1.0
6,34,4,2,68.0,59.798989873223334,29.549907212323692,0.4941539526833293,27,2,1.0
6,34,4,3,68.0,59.798989873223334,26.46084375442092,0.44249650053486106,27,2,1.0
6,34,4,4,68.0,59.798989873223334,30.553642548101884,0.5109391080497687,27,2,1.0
6,34,4,5,68.0,59.798989873223334,30.520914723083145,0.510391810761167,27,2,1.0
6,34,5,0,68.0,59.798989873223334,31.575576678171004,0.5280285962206503,27,2,1.0
6,34,5,1,68.0,59.798989873223334,28.429521674856638,0.4754180920970163,27,2,1.0
6,34,5,2,68.0,59.798989873223334,28.751802827667152,0.4808075000701906,27,2,1.0
6,34,5,3,68.0,59.798989873223334,27.281962971361878,0.45622782306525445,27,2,1.0
6,34,5,4,68.0,59.798989873223334,27.301810140878786,0.45655972113843235,27,2,1.0
6,34,5,5,68.0,59.798989873223334,28.989609604584324,0.48478426919992557,27,2,1.0
7,34,0,0,68.0,60.97056274847714,28.554547355050445,0.46833334100665897,28,2,1.0
7,34,0,1,68.0,59.798989873223334,26.721045689044047,0.4468477769556629,27,2,1.0
7,34,0,2,68.0,60.97056274847714,29.06269965496455,0.47666772857021805,28,2,1.0
7,34,0,3,68.0,59.798989873223334,27.792214366854342,0.4647605992304409,27,2,1.0
7,34,0,4,68.0,59.798989873223334,29.337943238560925,0.4906093447524572,27,2,1.0
7,34,0,5,68.0,59.798989873223334,29.094401571562578,0.48653667283083,27,2,1.0
7,34,0,6,68.0,59.798989873223334,28.685946647145094,0.4797062075456567,27,2,1.0
7,34,1,0,68.0,60.97056274847714,30.431745297011723,0.4991219356552817,28,2,1.0
7,34,1,1,68.0,59.798989873223334,29.50125987101482,0.4933404382508614,27,2,1.0
7,34,1,2,68.0,59.798989873223334,28.781654776279936,0.48130670496773265,27,2,1.0
7,34,1,3,68.0,60.97056274847714,31.723462159439407,0.5203078457764728,28,2,1.0
7,34,1,4,68.0,59.798989873223334,29.66705957823973,0.4961130554401552,27,2,1.0
7,34,1,5,68.0,60.97056274847714,30.690597423327098,0.5033674619329909,28,2,1.0
7,34,1,6,68.0,59.798989873223334,28.296549871414545,0.47319444578252173,27,2,1.0
7,34,2,0,68.0,59.798989873223334,26.58188667050702,0.44452066375806465,27,2,1.0
7,34,2,1,68.0,59.798989873223334,27.018365344251947,0.4518197615299548,27,2,1.0
7,34,2,2,68.0,60.97056274847714,26.91082964256383,0.44137413908379874,28,2,1.0
7,34,2,3,68.0,59.798989873223334,27.547537351642347,0.4606689412320245,27,2,1.0
7,34,2,4,68.0,60.97056274847714,32.04708700196019,0.5256157325325103,28,2,1.0
7,34,2,5,68.0,60.97056274847714,29.006649064405146,0.4757484227932543,28,2,1.0
7,34,2,6,68.0,59.798989873223334,30.360385166537938,0.5077073246705902,27,2,1.0
7,34,3,0,68.0,59.798989873223334,29.603086068631676,0.49504324623863394,27,2,1.0
7,34,3,1,68.0,59.798989873223334,30.71956789530978,0.5137138262776129,27,2,1.0
7,34,3,2,68.0,59.798989873223334,29.337943238560896,0.49060934475245677,27,2,1.0
7,34,3,3,68.0,60.97056274847714,30.84544998010451,0.5059072540850861,28,2,1.0
7,34,3,4,68.0,59.798989873223334,31.407629840675966,0.525220073236381,27,2,1.0
7,34,3,5,68.0,60.97056274847714,28.490238904389237,0.467278595113522,28,2,1.0
7,34,3,6,68.0,59.798989873223334,29.472233118936064,0.4928550328595614,27,2,1.0
7,34,4,0,68.0,59.798989873223334,30.93751032822234,0.5173584101305275,27,2,1.0
7,34,4,1,68.0,59.798989873223334,27.881279382840486,0.46625000592735943,27,2,1.0
7,34,4,2,68.0,60.97056274847714,26.798486909185364,0.4395315657448923,28,2,1.0
7,34,4,3,68.0,60.97056274847714,30.22589769213755,0.49574575548578975,28,2,1.0
7,34,4,4,68.0,59.798989873223334,31.22665509494519,0.5221936885747931,27,2,1.0
7,34,4,5,68.0,59.798989873223334,29.413581781773328,0.49187422470064296,27,2,1.0
7,34,4,6,68.0,59.798989873223334,30.49923489205192,0.5100292656566897,27,2,1.0
7,34,5,0,68.0,59.798989873223334,29.460840157913275,0.4926645118984725,27,2,1.0
7,34,5,1,68.0,59.798989873223334,32.449053227521404,0.5426354742164529,27,2,1.0
7,34,5,2,68.0,59.798989873223334,28.75705033709047,0.4808952525461846,27,2,1.0
7,34,5,3,68.0,60.97056274847714,30.596733731999667,0.5018279699700472,28,2,1.0
7,34,5,4,68.0,59.798989873223334,32.86446684791083,0.5495823076206646,27,2,1.0
7,34,5,5,68.0,59.798989873223334,27.28002037031672,0.4561953375492068,27,2,1.0
7,34,5,6,68.0,59.798989873223334,28.70284403545803,0.47998877734071105,27,2,1.0
8,34,0,0,68.0,59.798989873223334,28.23494960332367,0.47216432356437943,27,2,1.0
8,34,0,1,68.0,59.798989873223334,34.133418759507656,0.5708025977005984,27,2,1.0
8,34,0,2,68.0,59.798989873223334,27.5628143510553,0.4609244137650111,27,2,1.0
8,34,0,3,68.0,59.798989873223334,32.430362688044575,0.5423229181094608,27,2,1.0
8,34,0,4,68.0,60.97056274847714,27.476423430972147,0.4506506450386736,28,2,1.0
8,34,0,5,68.0,59.798989873223334,27.400871896271525,0.4582163002144795,27,2,1.0
8,34,0,6,68.0,60.97056274847714,30.52919112111568,0.5007201794587045,28,2,1.0
8,34,0,7,68.0,60.97056274847714,30.419086416009158,0.4989143128217056,28,2,1.0
8,34,1,0,68.0,60.97056274847714,30.59673373199973,0.5018279699700483,28,2,1.0
8,34,1,1,68.0,60.97056274847714,30.194907066523903,0.49523746715423056,28,2,1.0
8,34,1,2,68.0,59.798989873223334,29.613512571921966,0.49521760542617865,27,2,1.0
8,34,1,3,68.0,59.798989873223334,30.64163617493729,0.512410598237512,27,2,1.0
8,34,1,4,68.0,59.798989873223334,30.927586134062775,0.5171924509031124,27,2,1.0
8,34,1,5,68.0,59.798989873223334,27.84579948414164,0.4656566865623657,27,2,1.0
8,34,1,6,68.0,59.798989873223334,33.06522128024265,0.5529394618595143,27,2,1.0
8,34,1,7,68.0,59.798989873223334,27.627956205670827,0.46201376083849227,27,2,1.0
8,34,2,0,68.0,59.798989873223334,32.312337044067775,0.5403492117939023,27,2,1.0
8,34,2,1,68.0,59.798989873223334,27.811510169368965,0.4650832769638864,27,2,1.0
8,34,2,2,68.0,59.798989873223334,29.3754405556155,0.49123640078022746,27,2,1.0
8,34,2,3,68.0,59.798989873223334,29.550472558744445,0.49416340679655013,27,2,1.0
8,34,2,4,68.0,60.97056274847714,28.702757306022484,0.4707641854058398,28,2,1.0
8,34,2,5,68.0,59.798989873223334,28.257384143900815,0.4725394894430123,27,2,1.0
8,34,2,6,68.0,59.798989873223334,27.66765705079324,0.46267766578415404,27,2,1.0
8,34,2,7,68.0,59.798989873223334,27.510779291797157,0.4600542475737684,27,2,1.0
8,34,3,0,68.0,59.798989873223334,31.423135361984407,0.5254793672702989,27,2,1.0
8,34,3,1,68.0,59.798989873223334,28.6823827700077,0.4796466099312998,27,2,1.0
8,34,3,2,68.0,59.798989873223334,28.083805618652242,0.469636789487435,27,2,1.0
8,34,3,3,68.0,59.798989873223334,30.773932608770387,0.5146229505550607,27,2,1.0
8,34,3,4,68.0,59.798989873223334,29.237625991212717,0.4889317704730106,27,2,1.0
8,34,3,5,68.0,59.798989873223334,32.10263596676823,0.5368424455802234,27,2,1.0
8,34,3,6,68.0,60.97056274847714,30.292249689829305,0.4968340183244563,28,2,1.0
8,34,3,7,68.0,59.798989873223334,27.755225241891562,0.46414204154173744,27,2,1.0
8,34,4,0,68.0,59.798989873223334,26.527439495229324,0.4436101604971713,27,2,1.0
8,34,4,1,68.0,59.798989873223334,27.525105207349583,0.4602938154257137,27,2,1.0
8,34,4,2,68.0,60.97056274847714,30.329384575681637,0.4974430808651044,28,2,1.0
8,34,4,3,68.0,59.798989873223334,30.668548513356683,0.5128606449435926,27,2,1.0
8,34,4,4,68.0,59.798989873223334,30.955564672388654,0.5176603273402428,27,2,1.0
8,34,4,5,68.0,59.798989873223334,30.439241072665574,0.5090260075830411,27,2,1.0
8,34,4,6,68.0,59.798989873223334,28.094792459338002,0.469820519023821,27,2,1.0
8,34,4,7,68.0,59.798989873223334,26.620074158943225,0.44515926130824335,27,2,1.0
8,34,5,0,68.0,59.798989873223334,29.62151331837585,0.49535139943291434,27,2,1.0
8,34,5,1,68.0,60.97056274847714,29.95790255505064,0.49135027141928256,28,2,1.0
8,34,5,2,68.0,59.798989873223334,28.898431401792827,0.48325952433408753,27,2,1.0
8,34,5,3,68.0,59.798989873223334,32.08850640370753,0.5366061612702265,27,2,1.0
8,34,5,4,68.0,59.798989873223334,26.5540745877338,0.44405557090562375,27,2,1.0
8,34,5,5,68.0,59.798989873223334,29.10638399935357,0.4867370512622449,27,2,1.0
8,34,5,6,68.0,59.798989873223334,29.439029852478036,0.4922997849109184,27,2,1.0
8,34,5,7,68.0,59.798989873223334,26.758551014622782,0.44747496690750405,27,2,1.0
9,34,0,0,68.0,59.798989873223334,29.132989264138104,0.4871819628709684,27,2,1.0
9,34,0,1,68.0,60.97056274847714,30.22419239115319,0.49571778623460544,28,2,1.0
9,34,0,2,68.0,59.798989873223334,26.501532457158984,0.44317692511768975,27,2,1.0
9,34,0,3,68.0,59.798989873223334,27.9329330957421,0.46711379498150774,27,2,1.0
9,34,0,4,68.0,59.798989873223334,28.97826161848596,0.4845945003405782,27,2,1.0
9,34,0,5,68.0,60.97056274847714,25.51497392659074,0.41848021039018585,28,2,1.0
9,34,0,6,68.0,59.798989873223334,29.198744154117293,0.48828156154510305,27,2,1.0
9,34,0,7,68.0,59.798989873223334,30.59990114516824,0.5117126762515799,27,2,1.0
9,34,0,8,68.0,59.798989873223334,28.41783678407677,0.4752226892849514,27,2,1.0
9,34,1,0,68.0,59.798989873223334,26.547951675594852,0.44395317934095135,27,2,1.0
9,34,1,1,68.0,59.798989873223334,29.2886369946767,0.48978481169615046,27,2,1.0
9,34,1,2,68.0,59.798989873223334,27.619097600832824,0.4618656211315042,27,2,1.0
9,34,1,3,68.0,59.798989873223334,30.788545113417904,0.5148673109477445,27,2,1.0
9,34,1,4,68.0,59.798989873223334,27.2880222824654,0.4563291510494958,27,2,1.0
9,34,1,5,68.0,59.798989873223334,27.940701053913582,0.4672436961418442,27,2,1.0
9,34,1,6,68.0,59.798989873223334,32.08199484719718,0.5364972705260158,27,2,1.0
9,34,1,7,68.0,59.798989873223334,28.529251341690852,0.47708584044938224,27,2,1.0
9,34,1,8,68.0,59.798989873223334,27.900891954230595,0.4665779808886705,27,2,1.0
9,34,2,0,68.0,59.798989873223334,29.257144527466462,0.4892581729138399,27,2,1.0
9,34,2,1,68.0,59.798989873223334,31.326290071166305,0.5238598534453427,27,2,1.0
9,34,2,2,68.0,59.798989873223334,29.52503175460248,0.4937379681027545,27,2,1.0
9,34,2,3,68.0,59.798989873223334,28.073828690700275,0.4694699484091305,27,2,1.0
9,34,2,4,68.0,59.798989873223334,26.166397151390356,0.43757256112292775,27,2,1.0
9,34,2,5,68.0,59.798989873223334,27.619999642989455,0.4618807057033096,27,2,1.0
9,34,2,6,68.0,59.798989873223334,30.396387567480872,0.5083093816788986,27,2,1.0
9,34,2,7,68.0,60.97056274847714,27.338920950711156,0.4483954176951401,28,2,1.0
9,34,2,8,68.0,60.97056274847714,28.69278256395583,0.4706005860946804,28,2,1.0
9,34,3,0,68.0,59.798989873223334,34.24932449775534,0.5727408534887548,27,2,1.0
9,34,3,1,68.0,59.798989873223334,29.58015068001855,0.49465970483330673,27,2,1.0
9,34,3,2,68.0,59.798989873223334,30.580580663578868,0.5113895858176055,27,2,1.0
9,34,3,3,68.0,59.798989873223334,29.389704889258546,0.49147493881696164,27,2,1.0
9,34,3,4,68.0,59.798989873223334,28.74192861021537,0.480642376587792,27,2,1.0
9,34,3,5,68.0,59.798989873223334,27.45515874202684,0.45912412233439165,27,2,1.0
9,34,3,6,68.0,59.798989873223334,29.25796032932066,0.48927181531575886,27,2,1.0
9,34,3,7,68.0,59.798989873223334,30.75576613608756,0.5143191582548673,27,2,1.0
9,34,3,8,68.0,59.798989873223334,28.759768320997395,0.48094070454985033,27,2,1.0
9,34,4,0,68.0,59.798989873223334,29.832420014538595,0.4988783268377062,27,2,1.0
9,34,4,1,68.0,59.798989873223334,30.750861980040213,0.5142371475711126,27,2,1.0
9,34,4,2,68.0,59.798989873223334,30.923427723719215,0.5171229110939555,27,2,1.0
9,34,4,3,68.0,59.798989873223334,27.352132323374036,0.45740124342170063,27,2,1.0
9,34,4,4,68.0,59.798989873223334,31.52234007653889,0.5271383370081624,27,2,1.0
9,34,4,5,68.0,60.97056274847714,34.46922125784222,0.5653420225107428,28,2,1.0
9,34,4,6,68.0,59.798989873223334,32.4303847367799,0.5423232868236376,27,2,1.0
9,34,4,7,68.0,59.798989873223334,31.196314609410933,0.5216863140255142,27,2,1.0
9,34,4,8,68.0,59.798989873223334,30.85774953017672,0.5160245949905943,27,2,1.0
9,34,5,0,68.0,59.798989873223334,27.242476113053016,0.45556749655484724,27,2,1.0
9,34,5,1,68.0,60.97056274847714,26.50885658752279,0.4347812352803796,28,2,1.0
9,34,5,2,68.0,60.97056274847714,29.993565414093588,0.49193519072189856,28,2,1.0
9,34,5,3,68.0,59.798989873223334,27.562814351055245,0.46092441376501014,27,2,1.0
9,34,5,4,68.0,60.97056274847714,24.754920360964185,0.40601430009898487,28,2,1.0
9,34,5,5,68.0,60.97056274847714,30.30777981087158,0.4970887333925514,28,2,1.0
9,34,5,6,68.0,59.798989873223334,29.298256902493335,0.4899456824372287,27,2,1.0
9,34,5,7,68.0,59.798989873223334,30.768733108063042,0.5145360009139652,27,2,1.0
9,34,5,8,68.0,59.798989873223334,30.5238785807297,0.5104413744352833,27,2,1.0
10,34,0,0,68.0,60.97056274847714,30.25421981141951,0.4962102766908637,28,2,1.0
10,34,0,1,68.0,59.798989873223334,30.93268171304432,0.5172776626933508,27,2,1.0
10,34,0,2,68.0,59.798989873223334,27.459834341999787,0.45920231094565184,27,2,1.0
10,34,0,3,68.0,59.798989873223334,30.115999065458244,0.5036205315391711,27,2,1.0
10,34,0,4,68.0,59.798989873223334,28.759768320997427,0.4809407045498509,27,2,1.0
10,34,0,5,68.0,59.798989873223334,30.434616428606002,0.5089486710917495,27,2,1.0
10,34,0,6,68.0,60.97056274847714,32.361293075128614,0.5307691386846664,28,2,1.0
10,34,0,7,68.0,59.798989873223334,30.547848730715003,0.5108422198347811,27,2,1.0
10,34,0,8,68.0,59.798989873223334,28.731254248842,0.4804638725462354,27,2,1.0
10,34,0,9,68.0,60.97056274847714,30.48699179987248,0.5000280533023939,28,2,1.0
10,34,1,0,68.0,59.798989873223334,26.643630812023083,0.44555319192696785,27,2,1.0
10,34,1,1,68.0,59.798989873223334,29.51153408604048,0.49351225076888955,27,2,1.0
10,34,1,2,68.0,60.97056274847714,26.98216265486364,0.4425440973240414,28,2,1.0
10,34,1,3,68.0,59.798989873223334,29.4487716476579,0.49246269393664804,27,2,1.0
10,34,1,4,68.0,59.798989873223334,31.15390730890205,0.5209771498640662,27,2,1.0
10,34,1,5,68.0,59.798989873223334,27.558366445144188,0.4608500328110762,27,2,1.0
10,34,1,6,68.0,59.798989873223334,27.720330959236154,0.46355851525259134,27,2,1.0
10,34,1,7,68.0,60.97056274847714,30.856032954525375,0.5060808292325638,28,2,1.0
10,34,1,8,68.0,60.97056274847714,27.17318232038489,0.4456770791583942,28,2,1.0
10,34,1,9,68.0,59.798989873223334,30.604214798178496,0.5117848121358047,27,2,1.0
10,34,2,0,68.0,60.97056274847714,30.286808133433517,0.49674476941235035,28,2,1.0
10,34,2,1,68.0,59.798989873223334,26.236846791583552,0.4387506686518769,27,2,1.0
10,34,2,2,68.0,59.798989873223334,30.429910638250202,0.5088699776160608,27,2,1.0
10,34,2,3,68.0,59.798989873223334,30.45166833440929,0.5092338248349723,27,2,1.0
10,34,2,4,68.0,59.798989873223334,27.686875913895165,0.4629990568836136,27,2,1.0
10,34,2,5,68.0,59.798989873223334,30.730459727599815,0.513895967018002,27,2,1.0
10,34,2,6,68.0,59.798989873223334,28.935348641892283,0.4838768799144698,27,2,1.0
10,34,2,7,68.0,59.798989873223334,29.6176118541416,0.4952861564540192,27,2,1.0
10,34,2,8,68.0,60.97056274847714,30.516214256683032,0.5005073412651949,28,2,1.0
10,34,2,9,68.0,59.798989873223334,28.973484614151488,0.4845146159755647,27,2,1.0
10,34,3,0,68.0,60.97056274847714,27.307942171884413,0.4478873236669688,28,2,1.0
10,34,3,1,68.0,59.798989873223334,34.142155833291795,0.5709487050813863,27,2,1.0
10,34,3,2,68.0,59.798989873223334,31.476460137908283,0.5263711009941783,27,2,1.0
10,34,3,3,68.0,59.798989873223334,34.258946987685775,0.572901767409723,27,2,1.0
10,34,3,4,68.0,59.798989873223334,31.561524003910353,0.5277935976982598,27,2,1.0
10,34,3,5,68.0,60.97056274847714,30.49660193564294,0.5001856725753224,28,2,1.0
10,34,3,6,68.0,60.97056274847714,30.230527260700796,0.4958216866951234,28,2,1.0
10,34,3,7,68.0,59.798989873223334,27.90364318676562,0.46662398889885354,27,2,1.0
10,34,3,8,68.0,59.798989873223334,28.34423834561521,0.4739919253771063,27,2,1.0
10,34,3,9,68.0,60.97056274847714,30.47899975631373,0.4998969729383874,28,2,1.0
10,34,4,0,68.0,60.97056274847714,28.310592138900823,0.46433214427905106,28,2,1.0
10,34,4,1,68.0,59.798989873223334,30.564315357205793,0.5111175861332036,27,2,1.0
10,34,4,2,68.0,59.798989873223334,26.69145493543644,0.44635293994135317,27,2,1.0
10,34,4,3,68.0,59.798989873223334,33.12782357465491,0.5539863406537042,27,2,1.0
10,34,4,4,68.0,59.798989873223334,27.790522273901836,0.464732302883695,27,2,1.0
10,34,4,5,68.0,59.798989873223334,28.234918723323503,0.4721638071676939,27,2,1.0
10,34,4,6,68.0,59.798989873223334,28.82368918637289,0.4820096333981638,27,2,1.0
10,34,4,7,68.0,60.97056274847714,28.78507531704483,0.47211431253787783,28,2,1.0
10,34,4,8,68.0,59.798989873223334,29.22794945542934,0.48876995275997076,27,2,1.0
10,34,4,9,68.0,59.798989873223334,27.30181014087874,0.4565597211384316,27,2,1.0
10,34,5,0,68.0,59.798989873223334,30.770608872490428,0.5145673687419396,27,2,1.0
10,34,5,1,68.0,59.798989873223334,30.932681713044346,0.5172776626933512,27,2,1.0
10,34,5,2,68.0,59.798989873223334,27.351359355510105,0.4573883173193439,27,2,1.0
10,34,5,3,68.0,59.798989873223334,29.53913088796312,0.49397374354629503,27,2,1.0
10,34,5,4,68.0,59.798989873223334,33.96223475477643,0.5679399405705341,27,2,1.0
10,34,5,5,68.0,59.798989873223334,28.050823839951804,0.46908524541001223,27,2,1.0
10,34,5,6,68.0,60.97056274847714,29.146416294562922,0.4780407951096189,28,2,1.0
10,34,5,7,68.0,59.798989873223334,28.948431387993963,0.48409565862844833,27,2,1.0
10,34,5,8,68.0,59.798989873223334,27.221749874981647,0.45522089809030275,27,2,1.0
10,34,5,9,68.0,60.97056274847714,28.541010394835954,0.4681113164819661,28,2,1.0
1,35,0,0,70.0,61.798989873223334,27.450239126684203,0.44418588690521654,28,2,1.0
1,35,1,0,70.0,61.798989873223334,29.0838552675267,0.4706202371137516,28,2,1.0
1,35,2,0,70.0,61.798989873223334,26.966297524547834,0.43635498864734623,28,2,1.0
1,35,3,0,70.0,61.798989873223334,34.38426559124325,0.5563887963505612,28,2,1.0
1,35,4,0,70.0,61.798989873223334,30.676848374780597,0.49639724593738804,28,2,1.0
1,35,5,0,70.0,61.798989873223334,30.260357996529805,0.4896578092717533,28,2,1.0
2,35,0,0,70.0,61.798989873223334,29.161697775998,0.4718798452178806,28,2,1.0
2,35,0,1,70.0,61.798989873223334,33.873304837184484,0.5481206878409081,28,2,1.0
2,35,1,0,70.0,61.798989873223334,29.001312679295754,0.4692845746959633,28,2,1.0
2,35,1,1,70.0,61.798989873223334,29.424940690666045,0.4761395089309619,28,2,1.0
2,35,2,0,70.0,61.798989873223334,28.303959536620297,0.45800035881952206,28,2,1.0
2,35,2,1,70.0,61.798989873223334,30.8116518462429,0.49857856753728547,28,2,1.0
2,35,3,0,70.0,61.798989873223334,34.10725280391276,0.551906315522011,28,2,1.0
2,35,3,1,70.0,61.798989873223334,32.36204617807364,0.5236662645208652,28,2,1.0
2,35,4,0,70.0,61.798989873223334,30.585283857943267,0.4949155952336279,28,2,1.0
2,35,4,1,70.0,61.798989873223334,28.26172645496301,0.45731696445103925,28,2,1.0
2,35,5,0,70.0,61.798989873223334,31.024183781859577,0.5020176518338519,28,2,1.0
2,35,5,1,70.0,61.798989873223334,29.420934097118398,0.47607467626046246,28,2,1.0
3,35,0,0,70.0,61.798989873223334,28.092934129275967,0.4545856524015493,28,2,1.0
3,35,0,1,70.0,61.798989873223334,30.568739881262722,0.49464788896990924,28,2,1.0
3,35,0,2,70.0,61.798989873223334,31.196158903365586,0.504800466275622,28,2,1.0
3,35,1,0,70.0,61.798989873223334,30.994482663006178,0.5015370433495656,28,2,1.0
3,35,1,1,70.0,61.798989873223334,32.557465268616646,0.5268284374130742,28,2,1.0
3,35,1,2,70.0,61.798989873223334,29.634861033776197,0.47953633375837074,28,2,1.0
3,35,2,0,70.0,61.798989873223334,28.964302963603032,0.4686857021938618,28,2,1.0
3,35,2,1,70.0,61.798989873223334,28.412529674303464,0.4597571858794124,28,2,1.0
3,35,2,2,70.0,61.798989873223334,31.133671183006733,0.5037893215872211,28,2,1.0
3,35,3,0,70.0,61.798989873223334,27.326655449875496,0.4421861183481215,28,2,1.0
3,35,3,1,70.0,61.798989873223334,29.091499792178304,0.4707439369455334,28,2,1.0
3,35,3,2,70.0,61.798989873223334,30.5835007528405,0.4948867419286398,28,2,1.0
3,35,4,0,70.0,61.798989873223334,30.84580001762481,0.4991311359765425,28,2,1.0
3,35,4,1,70.0,61.798989873223334,25.593894406574364,0.4141474554693952,28,2,1.0
3,35,4,2,70.0,61.798989873223334,30.793859033022215,0.498290653232259,28,2,1.0
3,35,5,0,70.0,61.798989873223334,26.237992822219233,0.42456993028599327,28,2,1.0
3,35,5,1,70.0,61.798989873223334,27.43803729147119,0.4439884429787374,28,2,1.0
3,35,5,2,70.0,61.798989873223334,29.015382069482826,0.46951223845253814,28,2,1.0
4,35,0,0,70.0,61.798989873223334,27.5889518027021,0.4464304652761973,28,2,1.0
4,35,0,1,70.0,61.798989873223334,29.110939665434202,0.471058503143068,28,2,1.0
4,35,0,2,70.0,61.798989873223334,30.583500752840553,0.4948867419286406,28,2,1.0
4,35,0,3,70.0,61.798989873223334,29.919702318951266,0.4841454913798691,28,2,1.0
4,35,1,0,70.0,61.798989873223334,26.227671261124108,0.42440291200436275,28,2,1.0
4,35,1,1,70.0,61.798989873223334,30.83157057166725,0.49890088227843593,28,2,1.0
4,35,1,2,70.0,61.798989873223334,29.01538206948284,0.4695122384525384,28,2,1.0
4,35,1,3,70.0,61.798989873223334,27.836429050607165,0.45043501694302474,28,2,1.0
4,35,2,0,70.0,61.798989873223334,31.19615890336563,0.5048004662756228,28,2,1.0
4,35,2,1,70.0,61.798989873223334,30.780282284048035,0.4980709611466435,28,2,1.0
4,35,2,2,70.0,61.798989873223334,28.382335729727803,0.4592686027385293,28,2,1.0
4,35,2,3,70.0,61.798989873223334,30.794436284451407,0.49829999402294795,28,2,1.0
4,35,3,0,70.0,61.798989873223334,30.546947439742933,0.49429525470251273,28,2,1.0
4,35,3,1,70.0,61.798989873223334,27.785317417364837,0.44960795434301815,28,2,1.0
4,35,3,2,70.0,61.798989873223334,32.55746526861663,0.526828437413074,28,2,1.0
4,35,3,3,70.0,61.798989873223334,30.473445019372832,0.49310587570908765,28,2,1.0
4,35,4,0,70.0,61.798989873223334,34.57490690322124,0.5594736576463377,28,2,1.0
4,35,4,1,70.0,61.798989873223334,29.260268580817105,0.47347486813041234,28,2,1.0
4,35,4,2,70.0,61.798989873223334,26.042694858116107,0.42140971740057603,28,2,1.0
4,35,4,3,70.0,61.798989873223334,32.41281515907596,0.5244877824956165,28,2,1.0
4,35,5,0,70.0,61.798989873223334,25.593894406574393,0.41414745546939563,28,2,1.0
4,35,5,1,70.0,61.798989873223334,30.569789541190303,0.49466487403600395,28,2,1.0
4,35,5,2,70.0,61.798989873223334,32.55270671609367,0.5267514369227305,28,2,1.0
4,35,5,3,70.0,61.798989873223334,32.53599742145745,0.5264810555674609,28,2,1.0
5,35,0,0,70.0,61.798989873223334,27.457352187070065,0.4443009868510321,28,2,1.0
5,35,0,1,70.0,61.798989873223334,27.9208933864646,0.4518017761090031,28,2,1.0
5,35,0,2,70.0,61.798989873223334,29.424940690666038,0.47613950893096174,28,2,1.0
5,35,0,3,70.0,61.798989873223334,31.418347702359046,0.5083958130515042,28,2,1.0
5,35,0,4,70.0,61.798989873223334,29.224532211047745,0.47289660026806263,28,2,1.0
5,35,1,0,70.0,61.798989873223334,31.08742674333732,0.5030410174520843,28,2,1.0
5,35,1,1,70.0,61.798989873223334,28.73944249052053,0.46504712373903934,28,2,1.0
5,35,1,2,70.0,61.798989873223334,27.02142483139619,0.4372470308467648,28,2,1.0
5,35,1,3,70.0,61.798989873223334,29.158135556461104,0.47182220318288615,28,2,1.0
5,35,1,4,70.0,61.798989873223334,27.58117771934589,0.4463046689909804,28,2,1.0
5,35,2,0,70.0,61.798989873223334,29.03824159852079,0.4698821397904866,28,2,1.0
5,35,2,1,70.0,61.798989873223334,29.015382069482826,0.46951223845253814,28,2,1.0
5,35,2,2,70.0,61.798989873223334,28.41252967430354,0.4597571858794136,28,2,1.0
5,35,2,3,70.0,61.798989873223334,32.53520744559243,0.5264682725775344,28,2,1.0
5,35,2,4,70.0,61.798989873223334,32.41281515907578,0.5244877824956135,28,2,1.0
5,35,3,0,70.0,61.798989873223334,28.061541198309413,0.45407766786926235,28,2,1.0
5,35,3,1,70.0,61.798989873223334,29.357697003834925,0.4750514055983821,28,2,1.0
5,35,3,2,70.0,61.798989873223334,28.885151444266057,0.4674049123379216,28,2,1.0
5,35,3,3,70.0,61.798989873223334,30.067086133389168,0.48653038172743385,28,2,1.0
5,35,3,4,70.0,61.798989873223334,31.635288794716836,0.511906244092575,28,2,1.0
5,35,4,0,70.0,61.798989873223334,27.551952656009142,0.44583176379630485,28,2,1.0
5,35,4,1,70.0,61.798989873223334,27.520202393563082,0.44531799710673287,28,2,1.0
5,35,4,2,70.0,61.798989873223334,25.34515476975182,0.41012247646354383,28,2,1.0
5,35,4,3,70.0,61.798989873223334,34.754007987674505,0.5623717808166464,28,2,1.0
5,35,4,4,70.0,61.798989873223334,29.552242811846906,0.47819944747432663,28,2,1.0
5,35,5,0,70.0,61.798989873223334,27.794371919439193,0.44975446971637506,28,2,1.0
5,35,5,1,70.0,61.798989873223334,28.783169803948617,0.46575469701034666,28,2,1.0
5,35,5,2,70.0,61.798989873223334,30.796897508916523,0.49833982031250645,28,2,1.0
5,35,5,3,70.0,61.798989873223334,27.438037291471296,0.44398844297873913,28,2,1.0
5,35,5,4,70.0,61.798989873223334,30.93502458875013,0.5005749228621916,28,2,1.0
6,35,0,0,70.0,61.798989873223334,29.410261778589202,0.4759019821994254,28,2,1.0
6,35,0,1,70.0,61.798989873223334,27.588951802702105,0.4464304652761974,28,2,1.0
6,35,0,2,70.0,61.798989873223334,30.742122356806174,0.4974534765029601,28,2,1.0
6,35,0,3,70.0,61.798989873223334,34.53527417581547,0.5588323408952537,28,2,1.0
6,35,0,4,70.0,61.798989873223334,27.58117771934582,0.44630466899097926,28,2,1.0
6,35,0,5,70.0,61.798989873223334,28.3451454993288,0.45866680923874403,28,2,1.0
6,35,1,0,70.0,61.798989873223334,29.001312679295744,0.46928457469596313,28,2,1.0
6,35,1,1,70.0,61.798989873223334,31.024183781859577,0.5020176518338519,28,2,1.0
6,35,1,2,70.0,61.798989873223334,27.920893386464588,0.4518017761090029,28,2,1.0
6,35,1,3,70.0,61.798989873223334,27.55195265600908,0.4458317637963039,28,2,1.0
6,35,1,4,70.0,61.798989873223334,28.98658799569951,0.46904630731284824,28,2,1.0
6,35,1,5,70.0,61.798989873223334,30.639426172873982,0.4957916987919835,28,2,1.0
6,35,2,0,70.0,61.798989873223334,30.742122356806167,0.49745347650296,28,2,1.0
6,35,2,1,70.0,61.798989873223334,27.451752326297175,0.44421037273607034,28,2,1.0
6,35,2,2,70.0,61.798989873223334,29.071090950654575,0.4704136913935334,28,2,1.0
6,35,2,3,70.0,61.798989873223334,28.58258212586248,0.46250888864846845,28,2,1.0
6,35,2,4,70.0,61.798989873223334,27.021424831396175,0.4372470308467646,28,2,1.0
6,35,2,5,70.0,61.798989873223334,27.638447723617258,0.44723138323645356,28,2,1.0
6,35,3,0,70.0,61.798989873223334,30.994482663006107,0.5015370433495645,28,2,1.0
6,35,3,1,70.0,61.798989873223334,30.935024588750125,0.5005749228621915,28,2,1.0
6,35,3,2,70.0,61.798989873223334,31.224889185306665,0.5052653651679829,28,2,1.0
6,35,3,3,70.0,61.798989873223334,28.20599508225545,0.45641514756338636,28,2,1.0
6,35,3,4,70.0,61.798989873223334,28.754012229478185,0.4652828838863742,28,2,1.0
6,35,3,5,70.0,61.798989873223334,31.144688645962425,0.5039676006008149,28,2,1.0
6,35,4,0,70.0,61.798989873223334,27.55195265600912,0.4458317637963045,28,2,1.0
6,35,4,1,70.0,61.798989873223334,28.09293412927596,0.4545856524015492,28,2,1.0
6,35,4,2,70.0,61.798989873223334,30.99448266300614,0.501537043349565,28,2,1.0
6,35,4,3,70.0,61.798989873223334,31.28872329587829,0.5062982964618856,28,2,1.0
6,35,4,4,70.0,61.798989873223334,30.763448140291665,0.49779855954605257,28,2,1.0
6,35,4,5,70.0,61.798989873223334,27.744631709554408,0.4489495987955587,28,2,1.0
6,35,5,0,70.0,61.798989873223334,27.497033044254568,0.4449430824138545,28,2,1.0
6,35,5,1,70.0,61.798989873223334,26.22767126112407,0.42440291200436214,28,2,1.0
6,35,5,2,70.0,61.798989873223334,31.666200346478334,0.5124064391900177,28,2,1.0
6,35,5,3,70.0,61.798989873223334,28.630264041894588,0.46328045329911927,28,2,1.0
6,35,5,4,70.0,61.798989873223334,30.3971000088331,0.4918704993591449,28,2,1.0
6,35,5,5,70.0,61.798989873223334,32.93971469373511,0.53301380429209,28,2,1.0
7,35,0,0,70.0,61.798989873223334,28.707281662563872,0.4645267134860136,28,2,1.0
7,35,0,1,70.0,61.798989873223334,34.729767325678466,0.5619795306836626,28,2,1.0
7,35,0,2,70.0,61.798989873223334,30.784213173127746,0.4981345688057294,28,2,1.0
7,35,0,3,70.0,61.798989873223334,32.53520744559248,0.5264682725775351,28,2,1.0
7,35,0,4,70.0,61.798989873223334,25.467104582288485,0.41209580665529677,28,2,1.0
7,35,0,5,70.0,61.798989873223334,30.529108538945206,0.49400659463162283,28,2,1.0
7,35,0,6,70.0,61.798989873223334,28.261726454963185,0.4573169644510421,28,2,1.0
7,35,1,0,70.0,61.798989873223334,31.158140922839188,0.5041852785419004,28,2,1.0
7,35,1,1,70.0,61.798989873223334,30.397100008833142,0.49187049935914556,28,2,1.0
7,35,1,2,70.0,61.798989873223334,28.768450360391828,0.4655165144189,28,2,1.0
7,35,1,3,70.0,61.798989873223334,28.204610239880743,0.456392738744447,28,2,1.0
7,35,1,4,70.0,61.798989873223334,34.792952101319486,0.5630019547681119,28,2,1.0
7,35,1,5,70.0,61.798989873223334,30.604651696091054,0.4952289957954739,28,2,1.0
7,35,1,6,70.0,61.798989873223334,29.48650694597606,0.4771357429379629,28,2,1.0
7,35,2,0,70.0,61.798989873223334,30.496606787487007,0.49348066772691335,28,2,1.0
7,35,2,1,70.0,61.798989873223334,34.2434178659561,0.5541096696920819,28,2,1.0
7,35,2,2,70.0,61.798989873223334,31.776693693794513,0.5141943866555483,28,2,1.0
7,35,2,3,70.0,61.798989873223334,30.067086133389246,0.4865303817274351,28,2,1.0
7,35,2,4,70.0,61.798989873223334,29.083279146521036,0.47061091461500454,28,2,1.0
7,35,2,5,70.0,61.798989873223334,30.71835091469377,0.49706881904883066,28,2,1.0
7,35,2,6,70.0,61.798989873223334,27.881799757521016,0.45116918277659135,28,2,1.0
7,35,3,0,70.0,61.798989873223334,29.175955644136657,0.47211055882934755,28,2,1.0
7,35,3,1,70.0,61.798989873223334,31.272258414546513,0.5060318700790991,28,2,1.0
7,35,3,2,70.0,61.798989873223334,31.288723295878373,0.5062982964618868,28,2,1.0
7,35,3,3,70.0,61.798989873223334,32.45765881261531,0.5252134198180279,28,2,1.0
7,35,3,4,70.0,61.798989873223334,28.261726454963203,0.45731696445104236,28,2,1.0
7,35,3,5,70.0,61.798989873223334,28.092934129275946,0.45458565240154897,28,2,1.0
7,35,3,6,70.0,61.798989873223334,29.585490884489047,0.47873745097099135,28,2,1.0
7,35,4,0,70.0,61.798989873223334,31.377347879455606,0.5077323746524696,28,2,1.0
7,35,4,1,70.0,61.798989873223334,28.582582125862437,0.46250888864846773,28,2,1.0
7,35,4,2,70.0,61.798989873223334,30.765395985182437,0.49783007858697487,28,2,1.0
7,35,4,3,70.0,61.798989873223334,34.186021892537234,0.5531809170775714,28,2,1.0
7,35,4,4,70.0,61.798989873223334,31.666200346478327,0.5124064391900176,28,2,1.0
7,35,4,5,70.0,61.798989873223334,28.07325001274325,0.45426713398283247,28,2,1.0
7,35,4,6,70.0,61.798989873223334,29.015382069482875,0.469512238452539,28,2,1.0
7,35,5,0,70.0,61.798989873223334,34.33085343305808,0.5555245078193936,28,2,1.0
7,35,5,1,70.0,61.798989873223334,30.47479386785607,0.4931277020930788,28,2,1.0
7,35,5,2,70.0,61.798989873223334,28.872248840487337,0.4671961289289179,28,2,1.0
7,35,5,3,70.0,61.798989873223334,28.143179267351023,0.45539869381497905,28,2,1.0
7,35,5,4,70.0,61.798989873223334,30.06458150317811,0.4864898530680465,28,2,1.0
7,35,5,5,70.0,61.798989873223334,29.083855267526733,0.4706202371137521,28,2,1.0
7,35,5,6,70.0,61.798989873223334,31.64774576768798,0.5121078165292232,28,2,1.0
8,35,0,0,70.0,61.798989873223334,29.09149979217829,0.4707439369455332,28,2,1.0
8,35,0,1,70.0,61.798989873223334,29.634861033776225,0.4795363337583712,28,2,1.0
8,35,0,2,70.0,61.798989873223334,29.327672441061246,0.4745655633081558,28,2,1.0
8,35,0,3,70.0,61.798989873223334,28.740127545572747,0.4650582089534356,28,2,1.0
8,35,0,4,70.0,61.798989873223334,32.6099853887402,0.5276782914354667,28,2,1.0
8,35,0,5,70.0,61.798989873223334,32.07168886608038,0.518967849343062,28,2,1.0
8,35,0,6,70.0,61.798989873223334,27.78415819982407,0.4495891964710344,28,2,1.0
8,35,0,7,70.0,61.798989873223334,30.84789568616365,0.49916504702497777,28,2,1.0
8,35,1,0,70.0,61.798989873223334,34.312567381049604,0.555228612173753,28,2,1.0
8,35,1,1,70.0,61.798989873223334,31.666200346478263,0.5124064391900166,28,2,1.0
8,35,1,2,70.0,61.798989873223334,27.359691600590782,0.44272069263134295,28,2,1.0
8,35,1,3,70.0,61.798989873223334,30.69696714505557,0.49672279770314093,28,2,1.0
8,35,1,4,70.0,61.798989873223334,27.28535654412067,0.4415178403416436,28,2,1.0
8,35,1,5,70.0,61.798989873223334,29.083279146521065,0.470610914615005,28,2,1.0
8,35,1,6,70.0,61.798989873223334,27.665801683279653,0.4476740111777599,28,2,1.0
8,35,1,7,70.0,61.798989873223334,29.17595564413668,0.4721105588293479,28,2,1.0
8,35,2,0,70.0,61.798989873223334,29.357697003834968,0.47505140559838277,28,2,1.0
8,35,2,1,70.0,61.798989873223334,27.43803729147119,0.4439884429787374,28,2,1.0
8,35,2,2,70.0,61.798989873223334,30.260357996529812,0.4896578092717534,28,2,1.0
8,35,2,3,70.0,61.798989873223334,28.081013810470203,0.4543927638311986,28,2,1.0
8,35,2,4,70.0,61.798989873223334,30.824140687367922,0.4987806556482828,28,2,1.0
8,35,2,5,70.0,61.798989873223334,27.326655449875517,0.4421861183481218,28,2,1.0
8,35,2,6,70.0,61.798989873223334,27.794371919439158,0.4497544697163745,28,2,1.0
8,35,2,7,70.0,61.798989873223334,27.630644733795297,0.447105119201427,28,2,1.0
8,35,3,0,70.0,61.798989873223334,30.705390263139385,0.49685909634007813,28,2,1.0
8,35,3,1,70.0,61.798989873223334,27.43963808249554,0.44401434616951185,28,2,1.0
8,35,3,2,70.0,61.798989873223334,28.872248840487316,0.4671961289289175,28,2,1.0
8,35,3,3,70.0,61.798989873223334,30.60465169609101,0.49522899579547325,28,2,1.0
8,35,3,4,70.0,61.798989873223334,29.224532211047823,0.4728966002680639,28,2,1.0
8,35,3,5,70.0,61.798989873223334,32.62934221977081,0.5279915138857094,28,2,1.0
8,35,3,6,70.0,61.798989873223334,34.14261003113958,0.5524784482914844,28,2,1.0
8,35,3,7,70.0,61.798989873223334,29.42494069066612,0.4761395089309631,28,2,1.0
8,35,4,0,70.0,61.798989873223334,28.902858413314746,0.4676914375559715,28,2,1.0
8,35,4,1,70.0,61.798989873223334,29.387326957774597,0.47553086252802534,28,2,1.0
8,35,4,2,70.0,61.798989873223334,29.731465274639817,0.48109953472754186,28,2,1.0
8,35,4,3,70.0,61.798989873223334,32.533123645181746,0.5264345535731468,28,2,1.0
8,35,4,4,70.0,61.798989873223334,27.970141467490002,0.4525986836495055,28,2,1.0
8,35,4,5,70.0,61.798989873223334,34.47998099199203,0.5579376145585146,28,2,1.0
8,35,4,6,70.0,61.798989873223334,31.42274080664783,0.5084669000433433,28,2,1.0
8,35,4,7,70.0,61.798989873223334,29.219031029082526,0.472807582923661,28,2,1.0
8,35,5,0,70.0,61.798989873223334,28.20599508225541,0.45641514756338575,28,2,1.0
8,35,5,1,70.0,61.798989873223334,30.804403774358384,0.49846128290367925,28,2,1.0
8,35,5,2,70.0,61.798989873223334,30.985649556187454,0.5013941104822672,28,2,1.0
8,35,5,3,70.0,61.798989873223334,29.250950901131645,0.47332409415005156,28,2,1.0
8,35,5,4,70.0,61.798989873223334,30.650988279986286,0.4959787909618721,28,2,1.0
8,35,5,5,70.0,61.798989873223334,29.5497024326504,0.47815834034293636,28,2,1.0
8,35,5,6,70.0,61.798989873223334,28.729741252367567,0.4648901432095377,28,2,1.0
8,35,5,7,70.0,61.798989873223334,28.412529674303435,0.45975718587941194,28,2,1.0
9,35,0,0,70.0,61.798989873223334,28.082018405781596,0.454409019684465,28,2,1.0
9,35,0,1,70.0,61.798989873223334,31.288723295878263,0.5062982964618851,28,2,1.0
9,35,0,2,70.0,61.798989873223334,27.49703304425461,0.44494308241385516,28,2,1.0
9,35,0,3,70.0,61.798989873223334,28.081013810470182,0.45439276383119825,28,2,1.0
9,35,0,4,70.0,61.798989873223334,27.29745318636078,0.44171358208863537,28,2,1.0
9,35,0,5,70.0,61.798989873223334,31.08742674333733,0.5030410174520844,28,2,1.0
9,35,0,6,70.0,61.798989873223334,28.03652798451107,0.45367291669372284,28,2,1.0
9,35,0,7,70.0,61.798989873223334,29.701551204648936,0.48061548037564633,28,2,1.0
9,35,0,8,70.0,61.798989873223334,30.935024588750196,0.5005749228621926,28,2,1.0
9,35,1,0,70.0,61.798989873223334,28.256361026932424,0.45723014380815186,28,2,1.0
9,35,1,1,70.0,61.798989873223334,27.1565258626304,0.43943316740840377,28,2,1.0
9,35,1,2,70.0,61.798989873223334,30.826899769737693,0.49882530172381623,28,2,1.0
9,35,1,3,70.0,61.798989873223334,27.66923244574486,0.4477295260409032,28,2,1.0
9,35,1,4,70.0,61.798989873223334,32.52176621298815,0.5262507733492807,28,2,1.0
9,35,1,5,70.0,61.798989873223334,32.72241428840445,0.5294975590302105,28,2,1.0
9,35,1,6,70.0,61.798989873223334,27.409180438540112,0.4435214959786283,28,2,1.0
9,35,1,7,70.0,61.798989873223334,31.288723295878306,0.5062982964618858,28,2,1.0
9,35,1,8,70.0,61.798989873223334,30.546947439742958,0.4942952547025131,28,2,1.0
9,35,2,0,70.0,61.798989873223334,34.15794718719063,0.5527266263941121,28,2,1.0
9,35,2,1,70.0,61.798989873223334,27.021424831396185,0.43724703084676475,28,2,1.0
9,35,2,2,70.0,61.798989873223334,30.696967145055453,0.49672279770313904,28,2,1.0
9,35,2,3,70.0,61.798989873223334,30.58292242762639,0.4948773837625064,28,2,1.0
9,35,2,4,70.0,61.798989873223334,27.58390830968019,0.4463488540228054,28,2,1.0
9,35,2,5,70.0,61.798989873223334,32.32876472758948,0.5231277209208414,28,2,1.0
9,35,2,6,70.0,61.798989873223334,28.204610239880793,0.4563927387444478,28,2,1.0
9,35,2,7,70.0,61.798989873223334,30.994482663006128,0.5015370433495648,28,2,1.0
9,35,2,8,70.0,61.798989873223334,29.420934097118447,0.4760746762604633,28,2,1.0
9,35,3,0,70.0,61.798989873223334,27.881799757521012,0.4511691827765913,28,2,1.0
9,35,3,1,70.0,61.798989873223334,29.20557383050064,0.4725898253420323,28,2,1.0
9,35,3,2,70.0,61.798989873223334,30.521583267014186,0.49388482448705484,28,2,1.0
9,35,3,3,70.0,61.798989873223334,29.08768540251843,0.47068221442114105,28,2,1.0
9,35,3,4,70.0,61.798989873223334,27.784158199824034,0.4495891964710338,28,2,1.0
9,35,3,5,70.0,61.798989873223334,31.70836564314262,0.5130887366960253,28,2,1.0
9,35,3,6,70.0,61.798989873223334,30.5115831027995,0.49372300688720083,28,2,1.0
9,35,3,7,70.0,61.798989873223334,30.518855788636177,0.4938406898113327,28,2,1.0
9,35,3,8,70.0,61.798989873223334,27.669232445744893,0.4477295260409037,28,2,1.0
9,35,4,0,70.0,61.798989873223334,29.095473127137364,0.4708082314423725,28,2,1.0
9,35,4,1,70.0,61.798989873223334,27.297453186360734,0.4417135820886346,28,2,1.0
9,35,4,2,70.0,61.798989873223334,32.64047765333282,0.5281717018399924,28,2,1.0
9,35,4,3,70.0,61.798989873223334,27.169547613507227,0.4396438787954918,28,2,1.0
9,35,4,4,70.0,61.798989873223334,28.809248001167482,0.46617668120899397,28,2,1.0
9,35,4,5,70.0,61.798989873223334,29.224532211047666,0.47289660026806135,28,2,1.0
9,35,4,6,70.0,61.798989873223334,27.233523107676845,0.44067909788727405,28,2,1.0
9,35,4,7,70.0,61.798989873223334,33.8679622052507,0.5480342360729302,28,2,1.0
9,35,4,8,70.0,61.798989873223334,28.938698244528794,0.4682713795790947,28,2,1.0
9,35,5,0,70.0,61.798989873223334,28.964302963603064,0.4686857021938623,28,2,1.0
9,35,5,1,70.0,61.798989873223334,30.84789568616366,0.49916504702497794,28,2,1.0
9,35,5,2,70.0,61.798989873223334,27.021424831396217,0.43724703084676525,28,2,1.0
9,35,5,3,70.0,61.798989873223334,32.609985388740135,0.5276782914354657,28,2,1.0
9,35,5,4,70.0,61.798989873223334,30.873517965894038,0.49957965379740155,28,2,1.0
9,35,5,5,70.0,61.798989873223334,29.25803006333929,0.47343864557269083,28,2,1.0
9,35,5,6,70.0,61.798989873223334,29.597792116464213,0.4789365032856069,28,2,1.0
9,35,5,7,70.0,61.798989873223334,29.597792116464145,0.4789365032856058,28,2,1.0
9,35,5,8,70.0,61.798989873223334,28.30395953662032,0.4580003588195224,28,2,1.0
10,35,0,0,70.0,61.798989873223334,28.768450360391817,0.46551651441889985,28,2,1.0
10,35,0,1,70.0,61.798989873223334,29.25095090113167,0.473324094150052,28,2,1.0
10,35,0,2,70.0,61.798989873223334,28.15304430539358,0.4555583248714541,28,2,1.0
10,35,0,3,70.0,61.798989873223334,30.067086133389235,0.48653038172743496,28,2,1.0
10,35,0,4,70.0,61.798989873223334,29.083279146521132,0.4706109146150061,28,2,1.0
10,35,0,5,70.0,61.798989873223334,31.093406155760363,0.503137773279895,28,2,1.0
10,35,0,6,70.0,61.798989873223334,32.60998538874013,0.5276782914354655,28,2,1.0
10,35,0,7,70.0,61.798989873223334,28.707281662563865,0.4645267134860135,28,2,1.0
10,35,0,8,70.0,61.798989873223334,30.10818866683735,0.48719548213655867,28,2,1.0
10,35,0,9,70.0,61.798989873223334,27.630644733795272,0.44710511920142654,28,2,1.0
10,35,1,0,70.0,61.798989873223334,29.083855267526733,0.4706202371137521,28,2,1.0
10,35,1,1,70.0,61.798989873223334,31.093406155760327,0.5031377732798943,28,2,1.0
10,35,1,2,70.0,61.798989873223334,28.872248840487373,0.46719612892891843,28,2,1.0
10,35,1,3,70.0,61.798989873223334,30.97537573697091,0.501227864735571,28,2,1.0
10,35,1,4,70.0,61.798989873223334,29.411063147158643,0.47591494954033314,28,2,1.0
10,35,1,5,70.0,61.798989873223334,28.887761726553762,0.467447150605781,28,2,1.0
10,35,1,6,70.0,61.798989873223334,29.16169777599804,0.4718798452178813,28,2,1.0
10,35,1,7,70.0,61.798989873223334,34.74092353652609,0.5621600548454735,28,2,1.0
10,35,1,8,70.0,61.798989873223334,30.585283857943367,0.4949155952336295,28,2,1.0
10,35,1,9,70.0,61.798989873223334,29.094252356598655,0.47078847755090575,28,2,1.0
10,35,2,0,70.0,61.798989873223334,28.964302963602996,0.4686857021938612,28,2,1.0
10,35,2,1,70.0,61.798989873223334,29.557256137662826,0.478280570577248,28,2,1.0
10,35,2,2,70.0,61.798989873223334,31.091730181874734,0.5031106535180822,28,2,1.0
10,35,2,3,70.0,61.798989873223334,26.96629752454776,0.436354988647345,28,2,1.0
10,35,2,4,70.0,61.798989873223334,34.38426559124333,0.5563887963505624,28,2,1.0
10,35,2,5,70.0,61.798989873223334,28.729741252367607,0.46489014320953836,28,2,1.0
10,35,2,6,70.0,61.798989873223334,27.359691600590672,0.4427206926313412,28,2,1.0
10,35,2,7,70.0,61.798989873223334,28.036527984511096,0.4536729166937232,28,2,1.0
10,35,2,8,70.0,61.798989873223334,30.78186373330726,0.4980965513587565,28,2,1.0
10,35,2,9,70.0,61.798989873223334,30.561948330017966,0.49453799152241557,28,2,1.0
10,35,3,0,70.0,61.798989873223334,27.23352310767686,0.44067909788727433,28,2,1.0
10,35,3,1,70.0,61.798989873223334,32.66820677038883,0.5286204003885105,28,2,1.0
10,35,3,2,70.0,61.798989873223334,30.990372596957517,0.5014705363393849,28,2,1.0
10,35,3,3,70.0,61.798989873223334,30.5291085389452,0.4940065946316227,28,2,1.0
10,35,3,4,70.0,61.798989873223334,28.914246173922564,0.4678757085388982,28,2,1.0
10,35,3,5,70.0,61.798989873223334,30.108188666837307,0.487195482136558,28,2,1.0
10,35,3,6,70.0,61.798989873223334,34.96966116731876,0.565861371505534,28,2,1.0
10,35,3,7,70.0,61.798989873223334,30.765395985182458,0.4978300785869752,28,2,1.0
10,35,3,8,70.0,61.798989873223334,29.205573830500484,0.4725898253420298,28,2,1.0
10,35,3,9,70.0,61.798989873223334,28.051731763342097,0.4539189365536302,28,2,1.0
10,35,4,0,70.0,61.798989873223334,31.133708733774597,0.5037899292147558,28,2,1.0
10,35,4,1,70.0,61.798989873223334,30.784213173127746,0.4981345688057294,28,2,1.0
10,35,4,2,70.0,61.798989873223334,27.233523107676866,0.44067909788727444,28,2,1.0
10,35,4,3,70.0,61.798989873223334,27.589684102693077,0.44644231498429904,28,2,1.0
10,35,4,4,70.0,61.798989873223334,30.650988279986265,0.49597879096187175,28,2,1.0
10,35,4,5,70.0,61.798989873223334,29.42494069066601,0.4761395089309613,28,2,1.0
10,35,4,6,70.0,61.798989873223334,28.739442490520545,0.46504712373903956,28,2,1.0
10,35,4,7,70.0,61.798989873223334,27.530461226939508,0.4454840003601432,28,2,1.0
10,35,4,8,70.0,61.798989873223334,28.567520186005176,0.4622651639551004,28,2,1.0
10,35,4,9,70.0,61.798989873223334,28.204610239880733,0.45639273874444686,28,2,1.0
10,35,5,0,70.0,61.798989873223334,27.71237531062222,0.44842764206134084,28,2,1.0
10,35,5,1,70.0,61.798989873223334,32.41281515907586,0.5244877824956148,28,2,1.0
10,35,5,2,70.0,61.798989873223334,34.38426559124331,0.5563887963505622,28,2,1.0
10,35,5,3,70.0,61.798989873223334,30.472215526580065,0.49308598067851694,28,2,1.0
10,35,5,4,70.0,61.798989873223334,29.170506779458236,0.47202238805682195,28,2,1.0
10,35,5,5,70.0,61.798989873223334,28.902858413314583,0.46769143755596887,28,2,1.0
10,35,5,6,70.0,61.798989873223334,30.56194833001796,0.49453799152241545,28,2,1.0
10,35,5,7,70.0,61.798989873223334,31.11412714979058,0.5034730699258874,28,2,1.0
10,35,5,8,70.0,61.798989873223334,29.094252356598666,0.4707884775509059,28,2,1.0
10,35,5,9,70.0,61.798989873223334,27.795879266887738,0.44977886085046376,28,2,1.0
